image;split;plate_type;difficulty;stratum
images/synthetic/syn_v2_2026091401_00000.jpg;train;type1;hard;type1/hard
images/synthetic/syn_v2_2026091401_00001.jpg;train;type1;easy;type1/easy
images/synthetic/syn_v2_2026091401_00002.jpg;train;type1b;medium;type1b/medium
images/synthetic/syn_v2_2026091401_00003.jpg;train;type1b;easy;type1b/easy
images/synthetic/syn_v2_2026091401_00004.jpg;train;type1b;medium;type1b/medium
images/synthetic/syn_v2_2026091401_00005.jpg;train;type1a;easy;type1a/easy
images/synthetic/syn_v2_2026091401_00006.jpg;train;type1b;medium;type1b/medium
images/synthetic/syn_v2_2026091401_00007.jpg;train;type1;easy;type1/easy
images/synthetic/syn_v2_2026091401_00008.jpg;train;type1;medium;type1/medium
images/synthetic/syn_v2_2026091401_00009.jpg;train;type1;hard;type1/hard
images/synthetic/syn_v2_2026091401_00010.jpg;test;type1b;easy;type1b/easy
images/synthetic/syn_v2_2026091401_00011.jpg;train;type1a;easy;type1a/easy
images/synthetic/syn_v2_2026091401_00012.jpg;train;type1a;easy;type1a/easy
images/synthetic/syn_v2_2026091401_00013.jpg;train;type1a;medium;type1a/medium
images/synthetic/syn_v2_2026091401_00014.jpg;train;type1a;hard;type1a/hard
images/synthetic/syn_v2_2026091401_00015.jpg;train;type1b;easy;type1b/easy
images/synthetic/syn_v2_2026091401_00016.jpg;train;type1b;easy;type1b/easy
images/synthetic/syn_v2_2026091401_00017.jpg;train;type1a;hard;type1a/hard
images/synthetic/syn_v2_2026091401_00018.jpg;train;type1a;medium;type1a/medium
images/synthetic/syn_v2_2026091401_00019.jpg;train;type1a;hard;type1a/hard
images/synthetic/syn_v2_2026091401_00020.jpg;train;type1b;easy;type1b/easy
images/synthetic/syn_v2_2026091401_00021.jpg;train;type1a;medium;type1a/medium
images/synthetic/syn_v2_2026091401_00022.jpg;train;type1a;medium;type1a/medium
images/synthetic/syn_v2_2026091401_00023.jpg;train;type1a;hard;type1a/hard
images/synthetic/syn_v2_2026091401_00024.jpg;train;type1a;medium;type1a/medium
images/synthetic/syn_v2_2026091401_00025.jpg;test;type1b;medium;type1b/medium
images/synthetic/syn_v2_2026091401_00026.jpg;train;type1b;easy;type1b/easy
images/synthetic/syn_v2_2026091401_00027.jpg;train;type1b;easy;type1b/easy
images/synthetic/syn_v2_2026091401_00028.jpg;train;type1b;easy;type1b/easy
images/synthetic/syn_v2_2026091401_00029.jpg;train;type1b;hard;type1b/hard
images/synthetic/syn_v2_2026091401_00030.jpg;train;type1a;medium;type1a/medium
images/synthetic/syn_v2_2026091401_00031.jpg;test;type1;easy;type1/easy
images/synthetic/syn_v2_2026091401_00032.jpg;train;type1a;medium;type1a/medium
images/synthetic/syn_v2_2026091401_00033.jpg;train;type1;medium;type1/medium
images/synthetic/syn_v2_2026091401_00034.jpg;train;type1b;hard;type1b/hard
images/synthetic/syn_v2_2026091401_00035.jpg;train;type1a;medium;type1a/medium
images/synthetic/syn_v2_2026091401_00036.jpg;train;type1a;easy;type1a/easy
images/synthetic/syn_v2_2026091401_00037.jpg;train;type1;hard;type1/hard
images/synthetic/syn_v2_2026091401_00038.jpg;train;type1a;medium;type1a/medium
images/synthetic/syn_v2_2026091401_00039.jpg;train;type1;medium;type1/medium
images/synthetic/syn_v2_2026091401_00040.jpg;train;type1b;medium;type1b/medium
images/synthetic/syn_v2_2026091401_00041.jpg;val;type1a;hard;type1a/hard
images/synthetic/syn_v2_2026091401_00042.jpg;train;type1b;medium;type1b/medium
images/synthetic/syn_v2_2026091401_00043.jpg;train;type1;easy;type1/easy
images/synthetic/syn_v2_2026091401_00044.jpg;train;type1a;medium;type1a/medium
images/synthetic/syn_v2_2026091401_00045.jpg;train;type1b;hard;type1b/hard
images/synthetic/syn_v2_2026091401_00046.jpg;train;type1a;medium;type1a/medium
images/synthetic/syn_v2_2026091401_00047.jpg;train;type1a;hard;type1a/hard
images/synthetic/syn_v2_2026091401_00048.jpg;train;type1b;hard;type1b/hard
images/synthetic/syn_v2_2026091401_00049.jpg;train;type1a;easy;type1a/easy
images/synthetic/syn_v2_2026091401_00050.jpg;train;type1;hard;type1/hard
images/synthetic/syn_v2_2026091401_00051.jpg;train;type1;easy;type1/easy
images/synthetic/syn_v2_2026091401_00052.jpg;train;type1b;hard;type1b/hard
images/synthetic/syn_v2_2026091401_00053.jpg;train;type1b;easy;type1b/easy
images/synthetic/syn_v2_2026091401_00054.jpg;train;type1b;medium;type1b/medium
images/synthetic/syn_v2_2026091401_00055.jpg;train;type1a;easy;type1a/easy
images/synthetic/syn_v2_2026091401_00056.jpg;train;type1;easy;type1/easy
images/synthetic/syn_v2_2026091401_00057.jpg;train;type1a;medium;type1a/medium
images/synthetic/syn_v2_2026091401_00058.jpg;train;type1;medium;type1/medium
images/synthetic/syn_v2_2026091401_00059.jpg;train;type1a;easy;type1a/easy
images/synthetic/syn_v2_2026091401_00060.jpg;train;type1;medium;type1/medium
images/synthetic/syn_v2_2026091401_00061.jpg;train;type1b;easy;type1b/easy
images/synthetic/syn_v2_2026091401_00062.jpg;train;type1;medium;type1/medium
images/synthetic/syn_v2_2026091401_00063.jpg;train;type1b;medium;type1b/medium
images/synthetic/syn_v2_2026091401_00064.jpg;val;type1a;easy;type1a/easy
images/synthetic/syn_v2_2026091401_00065.jpg;train;type1b;easy;type1b/easy
images/synthetic/syn_v2_2026091401_00066.jpg;train;type1a;medium;type1a/medium
images/synthetic/syn_v2_2026091401_00067.jpg;train;type1b;medium;type1b/medium
images/synthetic/syn_v2_2026091401_00068.jpg;train;type1b;hard;type1b/hard
images/synthetic/syn_v2_2026091401_00069.jpg;train;type1;hard;type1/hard
images/synthetic/syn_v2_2026091401_00070.jpg;train;type1;medium;type1/medium
images/synthetic/syn_v2_2026091401_00071.jpg;train;type1b;medium;type1b/medium
images/synthetic/syn_v2_2026091401_00072.jpg;train;type1b;medium;type1b/medium
images/synthetic/syn_v2_2026091401_00073.jpg;train;type1b;medium;type1b/medium
images/synthetic/syn_v2_2026091401_00074.jpg;train;type1a;medium;type1a/medium
images/synthetic/syn_v2_2026091401_00075.jpg;val;type1;medium;type1/medium
images/synthetic/syn_v2_2026091401_00076.jpg;train;type1b;medium;type1b/medium
images/synthetic/syn_v2_2026091401_00077.jpg;val;type1b;medium;type1b/medium
images/synthetic/syn_v2_2026091401_00078.jpg;train;type1;medium;type1/medium
images/synthetic/syn_v2_2026091401_00079.jpg;test;type1b;easy;type1b/easy
images/synthetic/syn_v2_2026091401_00080.jpg;train;type1;easy;type1/easy
images/synthetic/syn_v2_2026091401_00081.jpg;train;type1b;easy;type1b/easy
images/synthetic/syn_v2_2026091401_00082.jpg;train;type1;medium;type1/medium
images/synthetic/syn_v2_2026091401_00083.jpg;train;type1b;easy;type1b/easy
images/synthetic/syn_v2_2026091401_00084.jpg;train;type1b;medium;type1b/medium
images/synthetic/syn_v2_2026091401_00085.jpg;train;type1b;hard;type1b/hard
images/synthetic/syn_v2_2026091401_00086.jpg;train;type1a;easy;type1a/easy
images/synthetic/syn_v2_2026091401_00087.jpg;train;type1a;medium;type1a/medium
images/synthetic/syn_v2_2026091401_00088.jpg;train;type1b;easy;type1b/easy
images/synthetic/syn_v2_2026091401_00089.jpg;train;type1b;easy;type1b/easy
images/synthetic/syn_v2_2026091401_00090.jpg;train;type1b;medium;type1b/medium
images/synthetic/syn_v2_2026091401_00091.jpg;train;type1b;easy;type1b/easy
images/synthetic/syn_v2_2026091401_00092.jpg;train;type1b;medium;type1b/medium
images/synthetic/syn_v2_2026091401_00093.jpg;train;type1b;easy;type1b/easy
images/synthetic/syn_v2_2026091401_00094.jpg;train;type1b;medium;type1b/medium
images/synthetic/syn_v2_2026091401_00095.jpg;test;type1b;hard;type1b/hard
images/synthetic/syn_v2_2026091401_00096.jpg;train;type1a;easy;type1a/easy
images/synthetic/syn_v2_2026091401_00097.jpg;val;type1b;easy;type1b/easy
images/synthetic/syn_v2_2026091401_00098.jpg;train;type1b;easy;type1b/easy
images/synthetic/syn_v2_2026091401_00099.jpg;train;type1b;easy;type1b/easy
images/synthetic/syn_v2_2026091401_00100.jpg;train;type1b;medium;type1b/medium
images/synthetic/syn_v2_2026091401_00101.jpg;train;type1a;medium;type1a/medium
images/synthetic/syn_v2_2026091401_00102.jpg;train;type1;medium;type1/medium
images/synthetic/syn_v2_2026091401_00103.jpg;val;type1b;medium;type1b/medium
images/synthetic/syn_v2_2026091401_00104.jpg;train;type1a;medium;type1a/medium
images/synthetic/syn_v2_2026091401_00105.jpg;val;type1b;medium;type1b/medium
images/synthetic/syn_v2_2026091401_00106.jpg;train;type1b;easy;type1b/easy
images/synthetic/syn_v2_2026091401_00107.jpg;train;type1b;medium;type1b/medium
images/synthetic/syn_v2_2026091401_00108.jpg;train;type1b;medium;type1b/medium
images/synthetic/syn_v2_2026091401_00109.jpg;train;type1b;easy;type1b/easy
images/synthetic/syn_v2_2026091401_00110.jpg;train;type1b;medium;type1b/medium
images/synthetic/syn_v2_2026091401_00111.jpg;test;type1b;hard;type1b/hard
images/synthetic/syn_v2_2026091401_00112.jpg;train;type1;hard;type1/hard
images/synthetic/syn_v2_2026091401_00113.jpg;test;type1b;medium;type1b/medium
images/synthetic/syn_v2_2026091401_00114.jpg;train;type1a;medium;type1a/medium
images/synthetic/syn_v2_2026091401_00115.jpg;train;type1b;hard;type1b/hard
images/synthetic/syn_v2_2026091401_00116.jpg;val;type1a;medium;type1a/medium
images/synthetic/syn_v2_2026091401_00117.jpg;train;type1b;medium;type1b/medium
images/synthetic/syn_v2_2026091401_00118.jpg;train;type1a;medium;type1a/medium
images/synthetic/syn_v2_2026091401_00119.jpg;train;type1b;hard;type1b/hard
images/synthetic/syn_v2_2026091401_00120.jpg;train;type1a;medium;type1a/medium
images/synthetic/syn_v2_2026091401_00121.jpg;train;type1b;hard;type1b/hard
images/synthetic/syn_v2_2026091401_00122.jpg;train;type1b;hard;type1b/hard
images/synthetic/syn_v2_2026091401_00123.jpg;train;type1b;medium;type1b/medium
images/synthetic/syn_v2_2026091401_00124.jpg;train;type1b;medium;type1b/medium
images/synthetic/syn_v2_2026091401_00125.jpg;train;type1a;hard;type1a/hard
images/synthetic/syn_v2_2026091401_00126.jpg;val;type1b;hard;type1b/hard
images/synthetic/syn_v2_2026091401_00127.jpg;train;type1;medium;type1/medium
images/synthetic/syn_v2_2026091401_00128.jpg;train;type1a;easy;type1a/easy
images/synthetic/syn_v2_2026091401_00129.jpg;train;type1b;easy;type1b/easy
images/synthetic/syn_v2_2026091401_00130.jpg;train;type1b;easy;type1b/easy
images/synthetic/syn_v2_2026091401_00131.jpg;train;type1b;medium;type1b/medium
images/synthetic/syn_v2_2026091401_00132.jpg;train;type1a;medium;type1a/medium
images/synthetic/syn_v2_2026091401_00133.jpg;train;type1b;medium;type1b/medium
images/synthetic/syn_v2_2026091401_00134.jpg;train;type1b;easy;type1b/easy
images/synthetic/syn_v2_2026091401_00135.jpg;train;type1a;easy;type1a/easy
images/synthetic/syn_v2_2026091401_00136.jpg;train;type1a;easy;type1a/easy
images/synthetic/syn_v2_2026091401_00137.jpg;train;type1b;easy;type1b/easy
images/synthetic/syn_v2_2026091401_00138.jpg;train;type1b;easy;type1b/easy
images/synthetic/syn_v2_2026091401_00139.jpg;test;type1b;hard;type1b/hard
images/synthetic/syn_v2_2026091401_00140.jpg;train;type1;easy;type1/easy
images/synthetic/syn_v2_2026091401_00141.jpg;train;type1a;easy;type1a/easy
images/synthetic/syn_v2_2026091401_00142.jpg;train;type1;medium;type1/medium
images/synthetic/syn_v2_2026091401_00143.jpg;train;type1b;medium;type1b/medium
images/synthetic/syn_v2_2026091401_00144.jpg;train;type1;easy;type1/easy
images/synthetic/syn_v2_2026091401_00145.jpg;test;type1a;easy;type1a/easy
images/synthetic/syn_v2_2026091401_00146.jpg;train;type1b;medium;type1b/medium
images/synthetic/syn_v2_2026091401_00147.jpg;train;type1b;medium;type1b/medium
images/synthetic/syn_v2_2026091401_00148.jpg;train;type1b;medium;type1b/medium
images/synthetic/syn_v2_2026091401_00149.jpg;train;type1a;hard;type1a/hard
images/synthetic/syn_v2_2026091401_00150.jpg;train;type1a;hard;type1a/hard
images/synthetic/syn_v2_2026091401_00151.jpg;train;type1b;easy;type1b/easy
images/synthetic/syn_v2_2026091401_00152.jpg;train;type1;hard;type1/hard
images/synthetic/syn_v2_2026091401_00153.jpg;train;type1b;easy;type1b/easy
images/synthetic/syn_v2_2026091401_00154.jpg;train;type1a;hard;type1a/hard
images/synthetic/syn_v2_2026091401_00155.jpg;train;type1a;medium;type1a/medium
images/synthetic/syn_v2_2026091401_00156.jpg;train;type1a;medium;type1a/medium
images/synthetic/syn_v2_2026091401_00157.jpg;train;type1a;hard;type1a/hard
images/synthetic/syn_v2_2026091401_00158.jpg;train;type1a;medium;type1a/medium
images/synthetic/syn_v2_2026091401_00159.jpg;test;type1;easy;type1/easy
images/synthetic/syn_v2_2026091401_00160.jpg;train;type1b;easy;type1b/easy
images/synthetic/syn_v2_2026091401_00161.jpg;train;type1b;medium;type1b/medium
images/synthetic/syn_v2_2026091401_00162.jpg;train;type1b;medium;type1b/medium
images/synthetic/syn_v2_2026091401_00163.jpg;train;type1a;hard;type1a/hard
images/synthetic/syn_v2_2026091401_00164.jpg;train;type1b;medium;type1b/medium
images/synthetic/syn_v2_2026091401_00165.jpg;train;type1b;medium;type1b/medium
images/synthetic/syn_v2_2026091401_00166.jpg;train;type1a;hard;type1a/hard
images/synthetic/syn_v2_2026091401_00167.jpg;train;type1;easy;type1/easy
images/synthetic/syn_v2_2026091401_00168.jpg;train;type1;medium;type1/medium
images/synthetic/syn_v2_2026091401_00169.jpg;train;type1b;easy;type1b/easy
images/synthetic/syn_v2_2026091401_00170.jpg;train;type1a;easy;type1a/easy
images/synthetic/syn_v2_2026091401_00171.jpg;val;type1a;medium;type1a/medium
images/synthetic/syn_v2_2026091401_00172.jpg;train;type1b;easy;type1b/easy
images/synthetic/syn_v2_2026091401_00173.jpg;train;type1a;easy;type1a/easy
images/synthetic/syn_v2_2026091401_00174.jpg;train;type1a;hard;type1a/hard
images/synthetic/syn_v2_2026091401_00175.jpg;train;type1;easy;type1/easy
images/synthetic/syn_v2_2026091401_00176.jpg;train;type1b;easy;type1b/easy
images/synthetic/syn_v2_2026091401_00177.jpg;train;type1a;easy;type1a/easy
images/synthetic/syn_v2_2026091401_00178.jpg;train;type1;medium;type1/medium
images/synthetic/syn_v2_2026091401_00179.jpg;train;type1b;easy;type1b/easy
images/synthetic/syn_v2_2026091401_00180.jpg;train;type1b;medium;type1b/medium
images/synthetic/syn_v2_2026091401_00181.jpg;test;type1b;medium;type1b/medium
images/synthetic/syn_v2_2026091401_00182.jpg;train;type1b;medium;type1b/medium
images/synthetic/syn_v2_2026091401_00183.jpg;val;type1b;hard;type1b/hard
images/synthetic/syn_v2_2026091401_00184.jpg;test;type1b;medium;type1b/medium
images/synthetic/syn_v2_2026091401_00185.jpg;train;type1;easy;type1/easy
images/synthetic/syn_v2_2026091401_00186.jpg;train;type1a;hard;type1a/hard
images/synthetic/syn_v2_2026091401_00187.jpg;train;type1b;medium;type1b/medium
images/synthetic/syn_v2_2026091401_00188.jpg;train;type1b;medium;type1b/medium
images/synthetic/syn_v2_2026091401_00189.jpg;train;type1a;medium;type1a/medium
images/synthetic/syn_v2_2026091401_00190.jpg;train;type1;medium;type1/medium
images/synthetic/syn_v2_2026091401_00191.jpg;train;type1b;easy;type1b/easy
images/synthetic/syn_v2_2026091401_00192.jpg;val;type1b;medium;type1b/medium
images/synthetic/syn_v2_2026091401_00193.jpg;val;type1a;easy;type1a/easy
images/synthetic/syn_v2_2026091401_00194.jpg;train;type1b;medium;type1b/medium
images/synthetic/syn_v2_2026091401_00195.jpg;train;type1a;medium;type1a/medium
images/synthetic/syn_v2_2026091401_00196.jpg;train;type1b;easy;type1b/easy
images/synthetic/syn_v2_2026091401_00197.jpg;train;type1b;medium;type1b/medium
images/synthetic/syn_v2_2026091401_00198.jpg;train;type1b;medium;type1b/medium
images/synthetic/syn_v2_2026091401_00199.jpg;train;type1a;easy;type1a/easy
images/synthetic/syn_v2_2026091401_00200.jpg;train;type1a;hard;type1a/hard
images/synthetic/syn_v2_2026091401_00201.jpg;train;type1a;easy;type1a/easy
images/synthetic/syn_v2_2026091401_00202.jpg;train;type1b;easy;type1b/easy
images/synthetic/syn_v2_2026091401_00203.jpg;train;type1a;medium;type1a/medium
images/synthetic/syn_v2_2026091401_00204.jpg;val;type1b;medium;type1b/medium
images/synthetic/syn_v2_2026091401_00205.jpg;train;type1;medium;type1/medium
images/synthetic/syn_v2_2026091401_00206.jpg;val;type1b;medium;type1b/medium
images/synthetic/syn_v2_2026091401_00207.jpg;train;type1b;easy;type1b/easy
images/synthetic/syn_v2_2026091401_00208.jpg;train;type1a;medium;type1a/medium
images/synthetic/syn_v2_2026091401_00209.jpg;train;type1a;easy;type1a/easy
images/synthetic/syn_v2_2026091401_00210.jpg;train;type1;medium;type1/medium
images/synthetic/syn_v2_2026091401_00211.jpg;train;type1a;hard;type1a/hard
images/synthetic/syn_v2_2026091401_00212.jpg;test;type1b;medium;type1b/medium
images/synthetic/syn_v2_2026091401_00213.jpg;train;type1;easy;type1/easy
images/synthetic/syn_v2_2026091401_00214.jpg;train;type1b;easy;type1b/easy
images/synthetic/syn_v2_2026091401_00215.jpg;train;type1b;medium;type1b/medium
images/synthetic/syn_v2_2026091401_00216.jpg;train;type1a;medium;type1a/medium
images/synthetic/syn_v2_2026091401_00217.jpg;val;type1a;easy;type1a/easy
images/synthetic/syn_v2_2026091401_00218.jpg;train;type1b;medium;type1b/medium
images/synthetic/syn_v2_2026091401_00219.jpg;train;type1b;medium;type1b/medium
images/synthetic/syn_v2_2026091401_00220.jpg;val;type1b;easy;type1b/easy
images/synthetic/syn_v2_2026091401_00221.jpg;train;type1;medium;type1/medium
images/synthetic/syn_v2_2026091401_00222.jpg;val;type1a;medium;type1a/medium
images/synthetic/syn_v2_2026091401_00223.jpg;train;type1b;medium;type1b/medium
images/synthetic/syn_v2_2026091401_00224.jpg;train;type1b;easy;type1b/easy
images/synthetic/syn_v2_2026091401_00225.jpg;train;type1a;easy;type1a/easy
images/synthetic/syn_v2_2026091401_00226.jpg;train;type1a;hard;type1a/hard
images/synthetic/syn_v2_2026091401_00227.jpg;train;type1b;easy;type1b/easy
images/synthetic/syn_v2_2026091401_00228.jpg;train;type1b;easy;type1b/easy
images/synthetic/syn_v2_2026091401_00229.jpg;train;type1b;medium;type1b/medium
images/synthetic/syn_v2_2026091401_00230.jpg;train;type1b;medium;type1b/medium
images/synthetic/syn_v2_2026091401_00231.jpg;train;type1a;hard;type1a/hard
images/synthetic/syn_v2_2026091401_00232.jpg;train;type1a;easy;type1a/easy
images/synthetic/syn_v2_2026091401_00233.jpg;train;type1a;medium;type1a/medium
images/synthetic/syn_v2_2026091401_00234.jpg;train;type1a;hard;type1a/hard
images/synthetic/syn_v2_2026091401_00235.jpg;train;type1a;easy;type1a/easy
images/synthetic/syn_v2_2026091401_00236.jpg;train;type1b;easy;type1b/easy
images/synthetic/syn_v2_2026091401_00237.jpg;train;type1a;easy;type1a/easy
images/synthetic/syn_v2_2026091401_00238.jpg;train;type1a;hard;type1a/hard
images/synthetic/syn_v2_2026091401_00239.jpg;train;type1b;medium;type1b/medium
images/synthetic/syn_v2_2026091401_00240.jpg;train;type1b;hard;type1b/hard
images/synthetic/syn_v2_2026091401_00241.jpg;val;type1b;easy;type1b/easy
images/synthetic/syn_v2_2026091401_00242.jpg;train;type1b;medium;type1b/medium
images/synthetic/syn_v2_2026091401_00243.jpg;train;type1a;hard;type1a/hard
images/synthetic/syn_v2_2026091401_00244.jpg;train;type1a;medium;type1a/medium
images/synthetic/syn_v2_2026091401_00245.jpg;train;type1b;hard;type1b/hard
images/synthetic/syn_v2_2026091401_00246.jpg;val;type1a;easy;type1a/easy
images/synthetic/syn_v2_2026091401_00247.jpg;train;type1b;medium;type1b/medium
images/synthetic/syn_v2_2026091401_00248.jpg;train;type1b;easy;type1b/easy
images/synthetic/syn_v2_2026091401_00249.jpg;train;type1;medium;type1/medium
images/synthetic/syn_v2_2026091401_00250.jpg;train;type1b;easy;type1b/easy
images/synthetic/syn_v2_2026091401_00251.jpg;val;type1;easy;type1/easy
images/synthetic/syn_v2_2026091401_00252.jpg;val;type1b;easy;type1b/easy
images/synthetic/syn_v2_2026091401_00253.jpg;val;type1b;hard;type1b/hard
images/synthetic/syn_v2_2026091401_00254.jpg;train;type1b;easy;type1b/easy
images/synthetic/syn_v2_2026091401_00255.jpg;train;type1a;easy;type1a/easy
images/synthetic/syn_v2_2026091401_00256.jpg;train;type1a;medium;type1a/medium
images/synthetic/syn_v2_2026091401_00257.jpg;train;type1b;hard;type1b/hard
images/synthetic/syn_v2_2026091401_00258.jpg;train;type1b;medium;type1b/medium
images/synthetic/syn_v2_2026091401_00259.jpg;train;type1b;medium;type1b/medium
images/synthetic/syn_v2_2026091401_00260.jpg;val;type1a;medium;type1a/medium
images/synthetic/syn_v2_2026091401_00261.jpg;train;type1b;hard;type1b/hard
images/synthetic/syn_v2_2026091401_00262.jpg;train;type1;medium;type1/medium
images/synthetic/syn_v2_2026091401_00263.jpg;train;type1b;easy;type1b/easy
images/synthetic/syn_v2_2026091401_00264.jpg;train;type1;easy;type1/easy
images/synthetic/syn_v2_2026091401_00265.jpg;train;type1;medium;type1/medium
images/synthetic/syn_v2_2026091401_00266.jpg;train;type1a;medium;type1a/medium
images/synthetic/syn_v2_2026091401_00267.jpg;train;type1b;hard;type1b/hard
images/synthetic/syn_v2_2026091401_00268.jpg;train;type1b;easy;type1b/easy
images/synthetic/syn_v2_2026091401_00269.jpg;train;type1b;medium;type1b/medium
images/synthetic/syn_v2_2026091401_00270.jpg;train;type1b;hard;type1b/hard
images/synthetic/syn_v2_2026091401_00271.jpg;train;type1b;medium;type1b/medium
images/synthetic/syn_v2_2026091401_00272.jpg;test;type1b;easy;type1b/easy
images/synthetic/syn_v2_2026091401_00273.jpg;train;type1a;easy;type1a/easy
images/synthetic/syn_v2_2026091401_00274.jpg;test;type1b;medium;type1b/medium
images/synthetic/syn_v2_2026091401_00275.jpg;train;type1;hard;type1/hard
images/synthetic/syn_v2_2026091401_00276.jpg;train;type1;medium;type1/medium
images/synthetic/syn_v2_2026091401_00277.jpg;train;type1b;medium;type1b/medium
images/synthetic/syn_v2_2026091401_00278.jpg;train;type1b;medium;type1b/medium
images/synthetic/syn_v2_2026091401_00279.jpg;train;type1;medium;type1/medium
images/synthetic/syn_v2_2026091401_00280.jpg;train;type1;medium;type1/medium
images/synthetic/syn_v2_2026091401_00281.jpg;train;type1b;medium;type1b/medium
images/synthetic/syn_v2_2026091401_00282.jpg;train;type1b;easy;type1b/easy
images/synthetic/syn_v2_2026091401_00283.jpg;train;type1b;medium;type1b/medium
images/synthetic/syn_v2_2026091401_00284.jpg;train;type1;easy;type1/easy
images/synthetic/syn_v2_2026091401_00285.jpg;train;type1a;medium;type1a/medium
images/synthetic/syn_v2_2026091401_00286.jpg;train;type1b;hard;type1b/hard
images/synthetic/syn_v2_2026091401_00287.jpg;train;type1a;easy;type1a/easy
images/synthetic/syn_v2_2026091401_00288.jpg;test;type1b;medium;type1b/medium
images/synthetic/syn_v2_2026091401_00289.jpg;train;type1a;easy;type1a/easy
images/synthetic/syn_v2_2026091401_00290.jpg;train;type1b;easy;type1b/easy
images/synthetic/syn_v2_2026091401_00291.jpg;train;type1a;easy;type1a/easy
images/synthetic/syn_v2_2026091401_00292.jpg;train;type1a;medium;type1a/medium
images/synthetic/syn_v2_2026091401_00293.jpg;train;type1a;easy;type1a/easy
images/synthetic/syn_v2_2026091401_00294.jpg;train;type1b;hard;type1b/hard
images/synthetic/syn_v2_2026091401_00295.jpg;train;type1a;easy;type1a/easy
images/synthetic/syn_v2_2026091401_00296.jpg;train;type1b;medium;type1b/medium
images/synthetic/syn_v2_2026091401_00297.jpg;val;type1;medium;type1/medium
images/synthetic/syn_v2_2026091401_00298.jpg;val;type1b;medium;type1b/medium
images/synthetic/syn_v2_2026091401_00299.jpg;train;type1a;medium;type1a/medium
images/synthetic/syn_v2_2026091401_00300.jpg;train;type1a;easy;type1a/easy
images/synthetic/syn_v2_2026091401_00301.jpg;train;type1;hard;type1/hard
images/synthetic/syn_v2_2026091401_00302.jpg;train;type1b;medium;type1b/medium
images/synthetic/syn_v2_2026091401_00303.jpg;val;type1b;medium;type1b/medium
images/synthetic/syn_v2_2026091401_00304.jpg;train;type1a;easy;type1a/easy
images/synthetic/syn_v2_2026091401_00305.jpg;train;type1a;easy;type1a/easy
images/synthetic/syn_v2_2026091401_00306.jpg;train;type1a;easy;type1a/easy
images/synthetic/syn_v2_2026091401_00307.jpg;train;type1b;medium;type1b/medium
images/synthetic/syn_v2_2026091401_00308.jpg;train;type1;easy;type1/easy
images/synthetic/syn_v2_2026091401_00309.jpg;train;type1;hard;type1/hard
images/synthetic/syn_v2_2026091401_00310.jpg;train;type1a;hard;type1a/hard
images/synthetic/syn_v2_2026091401_00311.jpg;val;type1;hard;type1/hard
images/synthetic/syn_v2_2026091401_00312.jpg;train;type1a;medium;type1a/medium
images/synthetic/syn_v2_2026091401_00313.jpg;train;type1b;medium;type1b/medium
images/synthetic/syn_v2_2026091401_00314.jpg;train;type1b;medium;type1b/medium
images/synthetic/syn_v2_2026091401_00315.jpg;train;type1b;medium;type1b/medium
images/synthetic/syn_v2_2026091401_00316.jpg;train;type1a;medium;type1a/medium
images/synthetic/syn_v2_2026091401_00317.jpg;train;type1b;medium;type1b/medium
images/synthetic/syn_v2_2026091401_00318.jpg;train;type1a;medium;type1a/medium
images/synthetic/syn_v2_2026091401_00319.jpg;train;type1a;medium;type1a/medium
images/synthetic/syn_v2_2026091401_00320.jpg;val;type1a;hard;type1a/hard
images/synthetic/syn_v2_2026091401_00321.jpg;train;type1b;hard;type1b/hard
images/synthetic/syn_v2_2026091401_00322.jpg;train;type1b;easy;type1b/easy
images/synthetic/syn_v2_2026091401_00323.jpg;train;type1b;hard;type1b/hard
images/synthetic/syn_v2_2026091401_00324.jpg;val;type1b;easy;type1b/easy
images/synthetic/syn_v2_2026091401_00325.jpg;train;type1b;medium;type1b/medium
images/synthetic/syn_v2_2026091401_00326.jpg;train;type1;hard;type1/hard
images/synthetic/syn_v2_2026091401_00327.jpg;train;type1b;medium;type1b/medium
images/synthetic/syn_v2_2026091401_00328.jpg;train;type1b;medium;type1b/medium
images/synthetic/syn_v2_2026091401_00329.jpg;train;type1;medium;type1/medium
images/synthetic/syn_v2_2026091401_00330.jpg;val;type1a;easy;type1a/easy
images/synthetic/syn_v2_2026091401_00331.jpg;train;type1a;easy;type1a/easy
images/synthetic/syn_v2_2026091401_00332.jpg;test;type1b;hard;type1b/hard
images/synthetic/syn_v2_2026091401_00333.jpg;train;type1b;medium;type1b/medium
images/synthetic/syn_v2_2026091401_00334.jpg;train;type1a;easy;type1a/easy
images/synthetic/syn_v2_2026091401_00335.jpg;val;type1b;easy;type1b/easy
images/synthetic/syn_v2_2026091401_00336.jpg;train;type1a;medium;type1a/medium
images/synthetic/syn_v2_2026091401_00337.jpg;train;type1b;easy;type1b/easy
images/synthetic/syn_v2_2026091401_00338.jpg;test;type1a;medium;type1a/medium
images/synthetic/syn_v2_2026091401_00339.jpg;train;type1;easy;type1/easy
images/synthetic/syn_v2_2026091401_00340.jpg;test;type1a;medium;type1a/medium
images/synthetic/syn_v2_2026091401_00341.jpg;train;type1a;hard;type1a/hard
images/synthetic/syn_v2_2026091401_00342.jpg;train;type1b;easy;type1b/easy
images/synthetic/syn_v2_2026091401_00343.jpg;train;type1b;easy;type1b/easy
images/synthetic/syn_v2_2026091401_00344.jpg;train;type1b;easy;type1b/easy
images/synthetic/syn_v2_2026091401_00345.jpg;train;type1b;easy;type1b/easy
images/synthetic/syn_v2_2026091401_00346.jpg;test;type1a;hard;type1a/hard
images/synthetic/syn_v2_2026091401_00347.jpg;train;type1b;hard;type1b/hard
images/synthetic/syn_v2_2026091401_00348.jpg;train;type1a;easy;type1a/easy
images/synthetic/syn_v2_2026091401_00349.jpg;train;type1a;easy;type1a/easy
images/synthetic/syn_v2_2026091401_00350.jpg;train;type1;easy;type1/easy
images/synthetic/syn_v2_2026091401_00351.jpg;train;type1a;medium;type1a/medium
images/synthetic/syn_v2_2026091401_00352.jpg;val;type1;easy;type1/easy
images/synthetic/syn_v2_2026091401_00353.jpg;train;type1b;medium;type1b/medium
images/synthetic/syn_v2_2026091401_00354.jpg;train;type1;hard;type1/hard
images/synthetic/syn_v2_2026091401_00355.jpg;train;type1a;medium;type1a/medium
images/synthetic/syn_v2_2026091401_00356.jpg;train;type1a;medium;type1a/medium
images/synthetic/syn_v2_2026091401_00357.jpg;train;type1b;hard;type1b/hard
images/synthetic/syn_v2_2026091401_00358.jpg;train;type1b;hard;type1b/hard
images/synthetic/syn_v2_2026091401_00359.jpg;train;type1a;hard;type1a/hard
images/synthetic/syn_v2_2026091401_00360.jpg;train;type1;medium;type1/medium
images/synthetic/syn_v2_2026091401_00361.jpg;val;type1a;medium;type1a/medium
images/synthetic/syn_v2_2026091401_00362.jpg;train;type1b;easy;type1b/easy
images/synthetic/syn_v2_2026091401_00363.jpg;train;type1a;medium;type1a/medium
images/synthetic/syn_v2_2026091401_00364.jpg;train;type1b;hard;type1b/hard
images/synthetic/syn_v2_2026091401_00365.jpg;train;type1a;easy;type1a/easy
images/synthetic/syn_v2_2026091401_00366.jpg;train;type1;medium;type1/medium
images/synthetic/syn_v2_2026091401_00367.jpg;train;type1b;medium;type1b/medium
images/synthetic/syn_v2_2026091401_00368.jpg;train;type1b;easy;type1b/easy
images/synthetic/syn_v2_2026091401_00369.jpg;train;type1;medium;type1/medium
images/synthetic/syn_v2_2026091401_00370.jpg;train;type1;easy;type1/easy
images/synthetic/syn_v2_2026091401_00371.jpg;val;type1b;medium;type1b/medium
images/synthetic/syn_v2_2026091401_00372.jpg;train;type1b;medium;type1b/medium
images/synthetic/syn_v2_2026091401_00373.jpg;train;type1a;hard;type1a/hard
images/synthetic/syn_v2_2026091401_00374.jpg;train;type1b;easy;type1b/easy
images/synthetic/syn_v2_2026091401_00375.jpg;val;type1b;hard;type1b/hard
images/synthetic/syn_v2_2026091401_00376.jpg;val;type1a;easy;type1a/easy
images/synthetic/syn_v2_2026091401_00377.jpg;train;type1b;hard;type1b/hard
images/synthetic/syn_v2_2026091401_00378.jpg;train;type1;medium;type1/medium
images/synthetic/syn_v2_2026091401_00379.jpg;train;type1b;easy;type1b/easy
images/synthetic/syn_v2_2026091401_00380.jpg;val;type1;medium;type1/medium
images/synthetic/syn_v2_2026091401_00381.jpg;train;type1a;medium;type1a/medium
images/synthetic/syn_v2_2026091401_00382.jpg;train;type1a;easy;type1a/easy
images/synthetic/syn_v2_2026091401_00383.jpg;train;type1b;hard;type1b/hard
images/synthetic/syn_v2_2026091401_00384.jpg;train;type1;easy;type1/easy
images/synthetic/syn_v2_2026091401_00385.jpg;test;type1a;easy;type1a/easy
images/synthetic/syn_v2_2026091401_00386.jpg;train;type1a;medium;type1a/medium
images/synthetic/syn_v2_2026091401_00387.jpg;train;type1;easy;type1/easy
images/synthetic/syn_v2_2026091401_00388.jpg;train;type1a;hard;type1a/hard
images/synthetic/syn_v2_2026091401_00389.jpg;train;type1;easy;type1/easy
images/synthetic/syn_v2_2026091401_00390.jpg;train;type1a;easy;type1a/easy
images/synthetic/syn_v2_2026091401_00391.jpg;train;type1a;hard;type1a/hard
images/synthetic/syn_v2_2026091401_00392.jpg;train;type1b;easy;type1b/easy
images/synthetic/syn_v2_2026091401_00393.jpg;train;type1b;medium;type1b/medium
images/synthetic/syn_v2_2026091401_00394.jpg;train;type1a;medium;type1a/medium
images/synthetic/syn_v2_2026091401_00395.jpg;train;type1;easy;type1/easy
images/synthetic/syn_v2_2026091401_00396.jpg;train;type1a;easy;type1a/easy
images/synthetic/syn_v2_2026091401_00397.jpg;train;type1;easy;type1/easy
images/synthetic/syn_v2_2026091401_00398.jpg;train;type1b;easy;type1b/easy
images/synthetic/syn_v2_2026091401_00399.jpg;train;type1a;easy;type1a/easy
images/synthetic/syn_v2_2026091401_00400.jpg;train;type1b;medium;type1b/medium
images/synthetic/syn_v2_2026091401_00401.jpg;train;type1a;medium;type1a/medium
images/synthetic/syn_v2_2026091401_00402.jpg;train;type1b;hard;type1b/hard
images/synthetic/syn_v2_2026091401_00403.jpg;train;type1b;medium;type1b/medium
images/synthetic/syn_v2_2026091401_00404.jpg;val;type1b;hard;type1b/hard
images/synthetic/syn_v2_2026091401_00405.jpg;val;type1a;medium;type1a/medium
images/synthetic/syn_v2_2026091401_00406.jpg;train;type1b;easy;type1b/easy
images/synthetic/syn_v2_2026091401_00407.jpg;train;type1b;medium;type1b/medium
images/synthetic/syn_v2_2026091401_00408.jpg;train;type1a;hard;type1a/hard
images/synthetic/syn_v2_2026091401_00409.jpg;val;type1b;easy;type1b/easy
images/synthetic/syn_v2_2026091401_00410.jpg;test;type1b;hard;type1b/hard
images/synthetic/syn_v2_2026091401_00411.jpg;val;type1b;easy;type1b/easy
images/synthetic/syn_v2_2026091401_00412.jpg;train;type1b;medium;type1b/medium
images/synthetic/syn_v2_2026091401_00413.jpg;train;type1;hard;type1/hard
images/synthetic/syn_v2_2026091401_00414.jpg;val;type1a;medium;type1a/medium
images/synthetic/syn_v2_2026091401_00415.jpg;train;type1a;easy;type1a/easy
images/synthetic/syn_v2_2026091401_00416.jpg;train;type1a;medium;type1a/medium
images/synthetic/syn_v2_2026091401_00417.jpg;train;type1a;easy;type1a/easy
images/synthetic/syn_v2_2026091401_00418.jpg;train;type1b;easy;type1b/easy
images/synthetic/syn_v2_2026091401_00419.jpg;train;type1b;easy;type1b/easy
images/synthetic/syn_v2_2026091401_00420.jpg;train;type1b;hard;type1b/hard
images/synthetic/syn_v2_2026091401_00421.jpg;train;type1b;medium;type1b/medium
images/synthetic/syn_v2_2026091401_00422.jpg;train;type1b;hard;type1b/hard
images/synthetic/syn_v2_2026091401_00423.jpg;train;type1b;easy;type1b/easy
images/synthetic/syn_v2_2026091401_00424.jpg;train;type1b;easy;type1b/easy
images/synthetic/syn_v2_2026091401_00425.jpg;train;type1b;hard;type1b/hard
images/synthetic/syn_v2_2026091401_00426.jpg;train;type1a;easy;type1a/easy
images/synthetic/syn_v2_2026091401_00427.jpg;train;type1b;medium;type1b/medium
images/synthetic/syn_v2_2026091401_00428.jpg;train;type1b;medium;type1b/medium
images/synthetic/syn_v2_2026091401_00429.jpg;train;type1a;medium;type1a/medium
images/synthetic/syn_v2_2026091401_00430.jpg;train;type1b;medium;type1b/medium
images/synthetic/syn_v2_2026091401_00431.jpg;train;type1;easy;type1/easy
images/synthetic/syn_v2_2026091401_00432.jpg;train;type1b;easy;type1b/easy
images/synthetic/syn_v2_2026091401_00433.jpg;test;type1b;medium;type1b/medium
images/synthetic/syn_v2_2026091401_00434.jpg;val;type1;medium;type1/medium
images/synthetic/syn_v2_2026091401_00435.jpg;train;type1b;easy;type1b/easy
images/synthetic/syn_v2_2026091401_00436.jpg;train;type1a;easy;type1a/easy
images/synthetic/syn_v2_2026091401_00437.jpg;train;type1;medium;type1/medium
images/synthetic/syn_v2_2026091401_00438.jpg;train;type1b;easy;type1b/easy
images/synthetic/syn_v2_2026091401_00439.jpg;train;type1a;hard;type1a/hard
images/synthetic/syn_v2_2026091401_00440.jpg;train;type1b;hard;type1b/hard
images/synthetic/syn_v2_2026091401_00441.jpg;train;type1b;hard;type1b/hard
images/synthetic/syn_v2_2026091401_00442.jpg;train;type1a;easy;type1a/easy
images/synthetic/syn_v2_2026091401_00443.jpg;train;type1b;easy;type1b/easy
images/synthetic/syn_v2_2026091401_00444.jpg;test;type1b;easy;type1b/easy
images/synthetic/syn_v2_2026091401_00445.jpg;train;type1a;hard;type1a/hard
images/synthetic/syn_v2_2026091401_00446.jpg;train;type1a;medium;type1a/medium
images/synthetic/syn_v2_2026091401_00447.jpg;train;type1a;easy;type1a/easy
images/synthetic/syn_v2_2026091401_00448.jpg;train;type1;medium;type1/medium
images/synthetic/syn_v2_2026091401_00449.jpg;train;type1a;medium;type1a/medium
images/synthetic/syn_v2_2026091401_00450.jpg;train;type1a;easy;type1a/easy
images/synthetic/syn_v2_2026091401_00451.jpg;train;type1b;hard;type1b/hard
images/synthetic/syn_v2_2026091401_00452.jpg;train;type1b;easy;type1b/easy
images/synthetic/syn_v2_2026091401_00453.jpg;train;type1a;hard;type1a/hard
images/synthetic/syn_v2_2026091401_00454.jpg;train;type1a;easy;type1a/easy
images/synthetic/syn_v2_2026091401_00455.jpg;test;type1a;medium;type1a/medium
images/synthetic/syn_v2_2026091401_00456.jpg;train;type1;hard;type1/hard
images/synthetic/syn_v2_2026091401_00457.jpg;val;type1;easy;type1/easy
images/synthetic/syn_v2_2026091401_00458.jpg;train;type1b;easy;type1b/easy
images/synthetic/syn_v2_2026091401_00459.jpg;train;type1b;medium;type1b/medium
images/synthetic/syn_v2_2026091401_00460.jpg;train;type1;medium;type1/medium
images/synthetic/syn_v2_2026091401_00461.jpg;train;type1a;easy;type1a/easy
images/synthetic/syn_v2_2026091401_00462.jpg;train;type1a;easy;type1a/easy
images/synthetic/syn_v2_2026091401_00463.jpg;val;type1a;medium;type1a/medium
images/synthetic/syn_v2_2026091401_00464.jpg;val;type1b;easy;type1b/easy
images/synthetic/syn_v2_2026091401_00465.jpg;train;type1b;easy;type1b/easy
images/synthetic/syn_v2_2026091401_00466.jpg;test;type1b;medium;type1b/medium
images/synthetic/syn_v2_2026091401_00467.jpg;train;type1a;easy;type1a/easy
images/synthetic/syn_v2_2026091401_00468.jpg;val;type1b;medium;type1b/medium
images/synthetic/syn_v2_2026091401_00469.jpg;train;type1b;medium;type1b/medium
images/synthetic/syn_v2_2026091401_00470.jpg;train;type1b;medium;type1b/medium
images/synthetic/syn_v2_2026091401_00471.jpg;train;type1b;medium;type1b/medium
images/synthetic/syn_v2_2026091401_00472.jpg;val;type1b;medium;type1b/medium
images/synthetic/syn_v2_2026091401_00473.jpg;train;type1a;easy;type1a/easy
images/synthetic/syn_v2_2026091401_00474.jpg;val;type1a;medium;type1a/medium
images/synthetic/syn_v2_2026091401_00475.jpg;train;type1;medium;type1/medium
images/synthetic/syn_v2_2026091401_00476.jpg;test;type1b;medium;type1b/medium
images/synthetic/syn_v2_2026091401_00477.jpg;train;type1b;hard;type1b/hard
images/synthetic/syn_v2_2026091401_00478.jpg;train;type1a;hard;type1a/hard
images/synthetic/syn_v2_2026091401_00479.jpg;train;type1a;hard;type1a/hard
images/synthetic/syn_v2_2026091401_00480.jpg;train;type1b;easy;type1b/easy
images/synthetic/syn_v2_2026091401_00481.jpg;train;type1a;medium;type1a/medium
images/synthetic/syn_v2_2026091401_00482.jpg;train;type1a;medium;type1a/medium
images/synthetic/syn_v2_2026091401_00483.jpg;train;type1;medium;type1/medium
images/synthetic/syn_v2_2026091401_00484.jpg;train;type1b;easy;type1b/easy
images/synthetic/syn_v2_2026091401_00485.jpg;train;type1a;easy;type1a/easy
images/synthetic/syn_v2_2026091401_00486.jpg;test;type1a;medium;type1a/medium
images/synthetic/syn_v2_2026091401_00487.jpg;train;type1b;easy;type1b/easy
images/synthetic/syn_v2_2026091401_00488.jpg;train;type1a;easy;type1a/easy
images/synthetic/syn_v2_2026091401_00489.jpg;train;type1b;hard;type1b/hard
images/synthetic/syn_v2_2026091401_00490.jpg;train;type1;easy;type1/easy
images/synthetic/syn_v2_2026091401_00491.jpg;train;type1b;easy;type1b/easy
images/synthetic/syn_v2_2026091401_00492.jpg;val;type1a;medium;type1a/medium
images/synthetic/syn_v2_2026091401_00493.jpg;val;type1a;easy;type1a/easy
images/synthetic/syn_v2_2026091401_00494.jpg;val;type1b;medium;type1b/medium
images/synthetic/syn_v2_2026091401_00495.jpg;val;type1b;easy;type1b/easy
images/synthetic/syn_v2_2026091401_00496.jpg;train;type1a;hard;type1a/hard
images/synthetic/syn_v2_2026091401_00497.jpg;train;type1b;hard;type1b/hard
images/synthetic/syn_v2_2026091401_00498.jpg;train;type1b;medium;type1b/medium
images/synthetic/syn_v2_2026091401_00499.jpg;train;type1a;medium;type1a/medium
images/synthetic/syn_v2_2026091401_00500.jpg;train;type1b;medium;type1b/medium
images/synthetic/syn_v2_2026091401_00501.jpg;train;type1;hard;type1/hard
images/synthetic/syn_v2_2026091401_00502.jpg;train;type1;medium;type1/medium
images/synthetic/syn_v2_2026091401_00503.jpg;train;type1;hard;type1/hard
images/synthetic/syn_v2_2026091401_00504.jpg;train;type1b;medium;type1b/medium
images/synthetic/syn_v2_2026091401_00505.jpg;train;type1b;hard;type1b/hard
images/synthetic/syn_v2_2026091401_00506.jpg;val;type1b;easy;type1b/easy
images/synthetic/syn_v2_2026091401_00507.jpg;train;type1b;easy;type1b/easy
images/synthetic/syn_v2_2026091401_00508.jpg;train;type1b;hard;type1b/hard
images/synthetic/syn_v2_2026091401_00509.jpg;train;type1b;medium;type1b/medium
images/synthetic/syn_v2_2026091401_00510.jpg;train;type1b;medium;type1b/medium
images/synthetic/syn_v2_2026091401_00511.jpg;test;type1b;easy;type1b/easy
images/synthetic/syn_v2_2026091401_00512.jpg;val;type1b;medium;type1b/medium
images/synthetic/syn_v2_2026091401_00513.jpg;train;type1b;easy;type1b/easy
images/synthetic/syn_v2_2026091401_00514.jpg;train;type1a;easy;type1a/easy
images/synthetic/syn_v2_2026091401_00515.jpg;train;type1a;medium;type1a/medium
images/synthetic/syn_v2_2026091401_00516.jpg;train;type1a;easy;type1a/easy
images/synthetic/syn_v2_2026091401_00517.jpg;val;type1a;medium;type1a/medium
images/synthetic/syn_v2_2026091401_00518.jpg;train;type1a;medium;type1a/medium
images/synthetic/syn_v2_2026091401_00519.jpg;train;type1b;easy;type1b/easy
images/synthetic/syn_v2_2026091401_00520.jpg;train;type1a;easy;type1a/easy
images/synthetic/syn_v2_2026091401_00521.jpg;train;type1;easy;type1/easy
images/synthetic/syn_v2_2026091401_00522.jpg;val;type1a;easy;type1a/easy
images/synthetic/syn_v2_2026091401_00523.jpg;train;type1a;medium;type1a/medium
images/synthetic/syn_v2_2026091401_00524.jpg;val;type1a;medium;type1a/medium
images/synthetic/syn_v2_2026091401_00525.jpg;train;type1b;hard;type1b/hard
images/synthetic/syn_v2_2026091401_00526.jpg;train;type1a;medium;type1a/medium
images/synthetic/syn_v2_2026091401_00527.jpg;train;type1a;medium;type1a/medium
images/synthetic/syn_v2_2026091401_00528.jpg;val;type1b;easy;type1b/easy
images/synthetic/syn_v2_2026091401_00529.jpg;train;type1b;easy;type1b/easy
images/synthetic/syn_v2_2026091401_00530.jpg;train;type1b;medium;type1b/medium
images/synthetic/syn_v2_2026091401_00531.jpg;train;type1a;hard;type1a/hard
images/synthetic/syn_v2_2026091401_00532.jpg;train;type1a;medium;type1a/medium
images/synthetic/syn_v2_2026091401_00533.jpg;train;type1a;medium;type1a/medium
images/synthetic/syn_v2_2026091401_00534.jpg;train;type1b;medium;type1b/medium
images/synthetic/syn_v2_2026091401_00535.jpg;train;type1b;easy;type1b/easy
images/synthetic/syn_v2_2026091401_00536.jpg;val;type1a;medium;type1a/medium
images/synthetic/syn_v2_2026091401_00537.jpg;test;type1;medium;type1/medium
images/synthetic/syn_v2_2026091401_00538.jpg;train;type1b;easy;type1b/easy
images/synthetic/syn_v2_2026091401_00539.jpg;train;type1;medium;type1/medium
images/synthetic/syn_v2_2026091401_00540.jpg;train;type1b;medium;type1b/medium
images/synthetic/syn_v2_2026091401_00541.jpg;train;type1b;medium;type1b/medium
images/synthetic/syn_v2_2026091401_00542.jpg;train;type1a;easy;type1a/easy
images/synthetic/syn_v2_2026091401_00543.jpg;train;type1b;easy;type1b/easy
images/synthetic/syn_v2_2026091401_00544.jpg;train;type1b;medium;type1b/medium
images/synthetic/syn_v2_2026091401_00545.jpg;train;type1b;medium;type1b/medium
images/synthetic/syn_v2_2026091401_00546.jpg;train;type1a;medium;type1a/medium
images/synthetic/syn_v2_2026091401_00547.jpg;train;type1b;hard;type1b/hard
images/synthetic/syn_v2_2026091401_00548.jpg;val;type1b;medium;type1b/medium
images/synthetic/syn_v2_2026091401_00549.jpg;train;type1a;medium;type1a/medium
images/synthetic/syn_v2_2026091401_00550.jpg;test;type1b;easy;type1b/easy
images/synthetic/syn_v2_2026091401_00551.jpg;train;type1a;easy;type1a/easy
images/synthetic/syn_v2_2026091401_00552.jpg;train;type1;hard;type1/hard
images/synthetic/syn_v2_2026091401_00553.jpg;test;type1;easy;type1/easy
images/synthetic/syn_v2_2026091401_00554.jpg;train;type1;medium;type1/medium
images/synthetic/syn_v2_2026091401_00555.jpg;train;type1b;easy;type1b/easy
images/synthetic/syn_v2_2026091401_00556.jpg;train;type1a;medium;type1a/medium
images/synthetic/syn_v2_2026091401_00557.jpg;val;type1b;easy;type1b/easy
images/synthetic/syn_v2_2026091401_00558.jpg;train;type1b;medium;type1b/medium
images/synthetic/syn_v2_2026091401_00559.jpg;train;type1a;easy;type1a/easy
images/synthetic/syn_v2_2026091401_00560.jpg;train;type1;medium;type1/medium
images/synthetic/syn_v2_2026091401_00561.jpg;train;type1a;easy;type1a/easy
images/synthetic/syn_v2_2026091401_00562.jpg;train;type1;easy;type1/easy
images/synthetic/syn_v2_2026091401_00563.jpg;train;type1b;easy;type1b/easy
images/synthetic/syn_v2_2026091401_00564.jpg;train;type1a;easy;type1a/easy
images/synthetic/syn_v2_2026091401_00565.jpg;train;type1b;medium;type1b/medium
images/synthetic/syn_v2_2026091401_00566.jpg;val;type1b;medium;type1b/medium
images/synthetic/syn_v2_2026091401_00567.jpg;train;type1b;medium;type1b/medium
images/synthetic/syn_v2_2026091401_00568.jpg;train;type1a;easy;type1a/easy
images/synthetic/syn_v2_2026091401_00569.jpg;train;type1b;medium;type1b/medium
images/synthetic/syn_v2_2026091401_00570.jpg;train;type1a;medium;type1a/medium
images/synthetic/syn_v2_2026091401_00571.jpg;val;type1a;medium;type1a/medium
images/synthetic/syn_v2_2026091401_00572.jpg;train;type1b;medium;type1b/medium
images/synthetic/syn_v2_2026091401_00573.jpg;train;type1;medium;type1/medium
images/synthetic/syn_v2_2026091401_00574.jpg;train;type1a;hard;type1a/hard
images/synthetic/syn_v2_2026091401_00575.jpg;val;type1b;easy;type1b/easy
images/synthetic/syn_v2_2026091401_00576.jpg;train;type1a;easy;type1a/easy
images/synthetic/syn_v2_2026091401_00577.jpg;train;type1a;easy;type1a/easy
images/synthetic/syn_v2_2026091401_00578.jpg;train;type1a;hard;type1a/hard
images/synthetic/syn_v2_2026091401_00579.jpg;val;type1a;hard;type1a/hard
images/synthetic/syn_v2_2026091401_00580.jpg;train;type1b;easy;type1b/easy
images/synthetic/syn_v2_2026091401_00581.jpg;train;type1a;easy;type1a/easy
images/synthetic/syn_v2_2026091401_00582.jpg;train;type1b;easy;type1b/easy
images/synthetic/syn_v2_2026091401_00583.jpg;train;type1a;hard;type1a/hard
images/synthetic/syn_v2_2026091401_00584.jpg;train;type1b;hard;type1b/hard
images/synthetic/syn_v2_2026091401_00585.jpg;train;type1b;medium;type1b/medium
images/synthetic/syn_v2_2026091401_00586.jpg;train;type1;medium;type1/medium
images/synthetic/syn_v2_2026091401_00587.jpg;train;type1b;easy;type1b/easy
images/synthetic/syn_v2_2026091401_00588.jpg;train;type1a;easy;type1a/easy
images/synthetic/syn_v2_2026091401_00589.jpg;train;type1a;easy;type1a/easy
images/synthetic/syn_v2_2026091401_00590.jpg;train;type1;hard;type1/hard
images/synthetic/syn_v2_2026091401_00591.jpg;train;type1a;easy;type1a/easy
images/synthetic/syn_v2_2026091401_00592.jpg;val;type1a;easy;type1a/easy
images/synthetic/syn_v2_2026091401_00593.jpg;val;type1;medium;type1/medium
images/synthetic/syn_v2_2026091401_00594.jpg;train;type1a;medium;type1a/medium
images/synthetic/syn_v2_2026091401_00595.jpg;train;type1a;medium;type1a/medium
images/synthetic/syn_v2_2026091401_00596.jpg;train;type1;medium;type1/medium
images/synthetic/syn_v2_2026091401_00597.jpg;train;type1a;easy;type1a/easy
images/synthetic/syn_v2_2026091401_00598.jpg;train;type1a;medium;type1a/medium
images/synthetic/syn_v2_2026091401_00599.jpg;train;type1b;medium;type1b/medium
images/synthetic/syn_v2_2026091401_00600.jpg;train;type1b;medium;type1b/medium
images/synthetic/syn_v2_2026091401_00601.jpg;train;type1b;easy;type1b/easy
images/synthetic/syn_v2_2026091401_00602.jpg;train;type1b;medium;type1b/medium
images/synthetic/syn_v2_2026091401_00603.jpg;train;type1a;medium;type1a/medium
images/synthetic/syn_v2_2026091401_00604.jpg;val;type1b;easy;type1b/easy
images/synthetic/syn_v2_2026091401_00605.jpg;train;type1b;hard;type1b/hard
images/synthetic/syn_v2_2026091401_00606.jpg;val;type1b;easy;type1b/easy
images/synthetic/syn_v2_2026091401_00607.jpg;train;type1b;medium;type1b/medium
images/synthetic/syn_v2_2026091401_00608.jpg;val;type1b;hard;type1b/hard
images/synthetic/syn_v2_2026091401_00609.jpg;train;type1b;easy;type1b/easy
images/synthetic/syn_v2_2026091401_00610.jpg;val;type1;medium;type1/medium
images/synthetic/syn_v2_2026091401_00611.jpg;train;type1;easy;type1/easy
images/synthetic/syn_v2_2026091401_00612.jpg;train;type1a;medium;type1a/medium
images/synthetic/syn_v2_2026091401_00613.jpg;train;type1a;medium;type1a/medium
images/synthetic/syn_v2_2026091401_00614.jpg;train;type1b;hard;type1b/hard
images/synthetic/syn_v2_2026091401_00615.jpg;test;type1a;hard;type1a/hard
images/synthetic/syn_v2_2026091401_00616.jpg;train;type1a;medium;type1a/medium
images/synthetic/syn_v2_2026091401_00617.jpg;train;type1b;medium;type1b/medium
images/synthetic/syn_v2_2026091401_00618.jpg;train;type1;hard;type1/hard
images/synthetic/syn_v2_2026091401_00619.jpg;train;type1a;medium;type1a/medium
images/synthetic/syn_v2_2026091401_00620.jpg;test;type1b;hard;type1b/hard
images/synthetic/syn_v2_2026091401_00621.jpg;train;type1a;medium;type1a/medium
images/synthetic/syn_v2_2026091401_00622.jpg;val;type1b;hard;type1b/hard
images/synthetic/syn_v2_2026091401_00623.jpg;train;type1a;easy;type1a/easy
images/synthetic/syn_v2_2026091401_00624.jpg;train;type1;medium;type1/medium
images/synthetic/syn_v2_2026091401_00625.jpg;train;type1a;easy;type1a/easy
images/synthetic/syn_v2_2026091401_00626.jpg;train;type1;medium;type1/medium
images/synthetic/syn_v2_2026091401_00627.jpg;train;type1b;medium;type1b/medium
images/synthetic/syn_v2_2026091401_00628.jpg;test;type1b;medium;type1b/medium
images/synthetic/syn_v2_2026091401_00629.jpg;train;type1a;hard;type1a/hard
images/synthetic/syn_v2_2026091401_00630.jpg;train;type1b;medium;type1b/medium
images/synthetic/syn_v2_2026091401_00631.jpg;val;type1a;hard;type1a/hard
images/synthetic/syn_v2_2026091401_00632.jpg;train;type1b;medium;type1b/medium
images/synthetic/syn_v2_2026091401_00633.jpg;train;type1a;easy;type1a/easy
images/synthetic/syn_v2_2026091401_00634.jpg;train;type1b;medium;type1b/medium
images/synthetic/syn_v2_2026091401_00635.jpg;train;type1a;easy;type1a/easy
images/synthetic/syn_v2_2026091401_00636.jpg;train;type1b;hard;type1b/hard
images/synthetic/syn_v2_2026091401_00637.jpg;train;type1b;medium;type1b/medium
images/synthetic/syn_v2_2026091401_00638.jpg;train;type1b;medium;type1b/medium
images/synthetic/syn_v2_2026091401_00639.jpg;train;type1a;hard;type1a/hard
images/synthetic/syn_v2_2026091401_00640.jpg;train;type1;easy;type1/easy
images/synthetic/syn_v2_2026091401_00641.jpg;train;type1;easy;type1/easy
images/synthetic/syn_v2_2026091401_00642.jpg;train;type1b;hard;type1b/hard
images/synthetic/syn_v2_2026091401_00643.jpg;test;type1a;easy;type1a/easy
images/synthetic/syn_v2_2026091401_00644.jpg;train;type1b;medium;type1b/medium
images/synthetic/syn_v2_2026091401_00645.jpg;train;type1a;easy;type1a/easy
images/synthetic/syn_v2_2026091401_00646.jpg;train;type1b;easy;type1b/easy
images/synthetic/syn_v2_2026091401_00647.jpg;train;type1a;easy;type1a/easy
images/synthetic/syn_v2_2026091401_00648.jpg;train;type1;easy;type1/easy
images/synthetic/syn_v2_2026091401_00649.jpg;test;type1b;easy;type1b/easy
images/synthetic/syn_v2_2026091401_00650.jpg;train;type1a;easy;type1a/easy
images/synthetic/syn_v2_2026091401_00651.jpg;train;type1b;easy;type1b/easy
images/synthetic/syn_v2_2026091401_00652.jpg;train;type1;medium;type1/medium
images/synthetic/syn_v2_2026091401_00653.jpg;val;type1;easy;type1/easy
images/synthetic/syn_v2_2026091401_00654.jpg;train;type1a;easy;type1a/easy
images/synthetic/syn_v2_2026091401_00655.jpg;train;type1b;hard;type1b/hard
images/synthetic/syn_v2_2026091401_00656.jpg;test;type1b;hard;type1b/hard
images/synthetic/syn_v2_2026091401_00657.jpg;train;type1b;hard;type1b/hard
images/synthetic/syn_v2_2026091401_00658.jpg;train;type1b;medium;type1b/medium
images/synthetic/syn_v2_2026091401_00659.jpg;train;type1a;easy;type1a/easy
images/synthetic/syn_v2_2026091401_00660.jpg;train;type1a;medium;type1a/medium
images/synthetic/syn_v2_2026091401_00661.jpg;test;type1b;medium;type1b/medium
images/synthetic/syn_v2_2026091401_00662.jpg;train;type1a;easy;type1a/easy
images/synthetic/syn_v2_2026091401_00663.jpg;train;type1;easy;type1/easy
images/synthetic/syn_v2_2026091401_00664.jpg;train;type1b;medium;type1b/medium
images/synthetic/syn_v2_2026091401_00665.jpg;train;type1;easy;type1/easy
images/synthetic/syn_v2_2026091401_00666.jpg;test;type1a;easy;type1a/easy
images/synthetic/syn_v2_2026091401_00667.jpg;train;type1b;medium;type1b/medium
images/synthetic/syn_v2_2026091401_00668.jpg;train;type1a;medium;type1a/medium
images/synthetic/syn_v2_2026091401_00669.jpg;train;type1b;hard;type1b/hard
images/synthetic/syn_v2_2026091401_00670.jpg;train;type1b;medium;type1b/medium
images/synthetic/syn_v2_2026091401_00671.jpg;train;type1;medium;type1/medium
images/synthetic/syn_v2_2026091401_00672.jpg;train;type1b;medium;type1b/medium
images/synthetic/syn_v2_2026091401_00673.jpg;train;type1a;medium;type1a/medium
images/synthetic/syn_v2_2026091401_00674.jpg;train;type1b;hard;type1b/hard
images/synthetic/syn_v2_2026091401_00675.jpg;val;type1b;hard;type1b/hard
images/synthetic/syn_v2_2026091401_00676.jpg;test;type1b;medium;type1b/medium
images/synthetic/syn_v2_2026091401_00677.jpg;train;type1b;hard;type1b/hard
images/synthetic/syn_v2_2026091401_00678.jpg;train;type1a;hard;type1a/hard
images/synthetic/syn_v2_2026091401_00679.jpg;train;type1b;easy;type1b/easy
images/synthetic/syn_v2_2026091401_00680.jpg;train;type1a;medium;type1a/medium
images/synthetic/syn_v2_2026091401_00681.jpg;train;type1;hard;type1/hard
images/synthetic/syn_v2_2026091401_00682.jpg;train;type1a;medium;type1a/medium
images/synthetic/syn_v2_2026091401_00683.jpg;train;type1a;medium;type1a/medium
images/synthetic/syn_v2_2026091401_00684.jpg;train;type1b;easy;type1b/easy
images/synthetic/syn_v2_2026091401_00685.jpg;train;type1b;hard;type1b/hard
images/synthetic/syn_v2_2026091401_00686.jpg;val;type1a;medium;type1a/medium
images/synthetic/syn_v2_2026091401_00687.jpg;train;type1a;easy;type1a/easy
images/synthetic/syn_v2_2026091401_00688.jpg;train;type1a;medium;type1a/medium
images/synthetic/syn_v2_2026091401_00689.jpg;test;type1;medium;type1/medium
images/synthetic/syn_v2_2026091401_00690.jpg;train;type1a;medium;type1a/medium
images/synthetic/syn_v2_2026091401_00691.jpg;train;type1a;easy;type1a/easy
images/synthetic/syn_v2_2026091401_00692.jpg;train;type1a;medium;type1a/medium
images/synthetic/syn_v2_2026091401_00693.jpg;val;type1;medium;type1/medium
images/synthetic/syn_v2_2026091401_00694.jpg;train;type1;hard;type1/hard
images/synthetic/syn_v2_2026091401_00695.jpg;train;type1b;easy;type1b/easy
images/synthetic/syn_v2_2026091401_00696.jpg;train;type1b;medium;type1b/medium
images/synthetic/syn_v2_2026091401_00697.jpg;train;type1b;medium;type1b/medium
images/synthetic/syn_v2_2026091401_00698.jpg;train;type1;medium;type1/medium
images/synthetic/syn_v2_2026091401_00699.jpg;train;type1b;easy;type1b/easy
images/synthetic/syn_v2_2026091401_00700.jpg;train;type1;easy;type1/easy
images/synthetic/syn_v2_2026091401_00701.jpg;train;type1b;easy;type1b/easy
images/synthetic/syn_v2_2026091401_00702.jpg;train;type1a;easy;type1a/easy
images/synthetic/syn_v2_2026091401_00703.jpg;train;type1b;hard;type1b/hard
images/synthetic/syn_v2_2026091401_00704.jpg;train;type1;medium;type1/medium
images/synthetic/syn_v2_2026091401_00705.jpg;train;type1b;medium;type1b/medium
images/synthetic/syn_v2_2026091401_00706.jpg;train;type1b;easy;type1b/easy
images/synthetic/syn_v2_2026091401_00707.jpg;train;type1b;medium;type1b/medium
images/synthetic/syn_v2_2026091401_00708.jpg;train;type1b;medium;type1b/medium
images/synthetic/syn_v2_2026091401_00709.jpg;train;type1b;medium;type1b/medium
images/synthetic/syn_v2_2026091401_00710.jpg;train;type1b;medium;type1b/medium
images/synthetic/syn_v2_2026091401_00711.jpg;train;type1;hard;type1/hard
images/synthetic/syn_v2_2026091401_00712.jpg;train;type1a;hard;type1a/hard
images/synthetic/syn_v2_2026091401_00713.jpg;train;type1;medium;type1/medium
images/synthetic/syn_v2_2026091401_00714.jpg;train;type1;medium;type1/medium
images/synthetic/syn_v2_2026091401_00715.jpg;test;type1b;medium;type1b/medium
images/synthetic/syn_v2_2026091401_00716.jpg;train;type1b;easy;type1b/easy
images/synthetic/syn_v2_2026091401_00717.jpg;train;type1b;easy;type1b/easy
images/synthetic/syn_v2_2026091401_00718.jpg;train;type1b;hard;type1b/hard
images/synthetic/syn_v2_2026091401_00719.jpg;train;type1b;medium;type1b/medium
images/synthetic/syn_v2_2026091401_00720.jpg;test;type1a;medium;type1a/medium
images/synthetic/syn_v2_2026091401_00721.jpg;train;type1a;easy;type1a/easy
images/synthetic/syn_v2_2026091401_00722.jpg;train;type1a;easy;type1a/easy
images/synthetic/syn_v2_2026091401_00723.jpg;train;type1a;medium;type1a/medium
images/synthetic/syn_v2_2026091401_00724.jpg;train;type1b;easy;type1b/easy
images/synthetic/syn_v2_2026091401_00725.jpg;train;type1b;easy;type1b/easy
images/synthetic/syn_v2_2026091401_00726.jpg;train;type1b;medium;type1b/medium
images/synthetic/syn_v2_2026091401_00727.jpg;train;type1a;hard;type1a/hard
images/synthetic/syn_v2_2026091401_00728.jpg;train;type1a;medium;type1a/medium
images/synthetic/syn_v2_2026091401_00729.jpg;train;type1;easy;type1/easy
images/synthetic/syn_v2_2026091401_00730.jpg;val;type1b;easy;type1b/easy
images/synthetic/syn_v2_2026091401_00731.jpg;train;type1a;easy;type1a/easy
images/synthetic/syn_v2_2026091401_00732.jpg;train;type1b;medium;type1b/medium
images/synthetic/syn_v2_2026091401_00733.jpg;test;type1a;hard;type1a/hard
images/synthetic/syn_v2_2026091401_00734.jpg;train;type1b;medium;type1b/medium
images/synthetic/syn_v2_2026091401_00735.jpg;train;type1b;medium;type1b/medium
images/synthetic/syn_v2_2026091401_00736.jpg;train;type1;hard;type1/hard
images/synthetic/syn_v2_2026091401_00737.jpg;train;type1b;easy;type1b/easy
images/synthetic/syn_v2_2026091401_00738.jpg;val;type1b;easy;type1b/easy
images/synthetic/syn_v2_2026091401_00739.jpg;val;type1a;medium;type1a/medium
images/synthetic/syn_v2_2026091401_00740.jpg;train;type1a;medium;type1a/medium
images/synthetic/syn_v2_2026091401_00741.jpg;val;type1a;easy;type1a/easy
images/synthetic/syn_v2_2026091401_00742.jpg;train;type1a;easy;type1a/easy
images/synthetic/syn_v2_2026091401_00743.jpg;val;type1;hard;type1/hard
images/synthetic/syn_v2_2026091401_00744.jpg;train;type1;medium;type1/medium
images/synthetic/syn_v2_2026091401_00745.jpg;train;type1b;hard;type1b/hard
images/synthetic/syn_v2_2026091401_00746.jpg;train;type1b;medium;type1b/medium
images/synthetic/syn_v2_2026091401_00747.jpg;train;type1;easy;type1/easy
images/synthetic/syn_v2_2026091401_00748.jpg;test;type1b;easy;type1b/easy
images/synthetic/syn_v2_2026091401_00749.jpg;test;type1b;easy;type1b/easy
images/synthetic/syn_v2_2026091401_00750.jpg;train;type1a;medium;type1a/medium
images/synthetic/syn_v2_2026091401_00751.jpg;train;type1a;hard;type1a/hard
images/synthetic/syn_v2_2026091401_00752.jpg;train;type1a;medium;type1a/medium
images/synthetic/syn_v2_2026091401_00753.jpg;train;type1a;medium;type1a/medium
images/synthetic/syn_v2_2026091401_00754.jpg;train;type1b;medium;type1b/medium
images/synthetic/syn_v2_2026091401_00755.jpg;train;type1a;easy;type1a/easy
images/synthetic/syn_v2_2026091401_00756.jpg;train;type1;medium;type1/medium
images/synthetic/syn_v2_2026091401_00757.jpg;train;type1;medium;type1/medium
images/synthetic/syn_v2_2026091401_00758.jpg;train;type1a;medium;type1a/medium
images/synthetic/syn_v2_2026091401_00759.jpg;train;type1a;easy;type1a/easy
images/synthetic/syn_v2_2026091401_00760.jpg;train;type1b;medium;type1b/medium
images/synthetic/syn_v2_2026091401_00761.jpg;train;type1a;hard;type1a/hard
images/synthetic/syn_v2_2026091401_00762.jpg;test;type1a;easy;type1a/easy
images/synthetic/syn_v2_2026091401_00763.jpg;val;type1a;medium;type1a/medium
images/synthetic/syn_v2_2026091401_00764.jpg;train;type1b;hard;type1b/hard
images/synthetic/syn_v2_2026091401_00765.jpg;train;type1b;medium;type1b/medium
images/synthetic/syn_v2_2026091401_00766.jpg;train;type1b;hard;type1b/hard
images/synthetic/syn_v2_2026091401_00767.jpg;train;type1a;medium;type1a/medium
images/synthetic/syn_v2_2026091401_00768.jpg;train;type1b;easy;type1b/easy
images/synthetic/syn_v2_2026091401_00769.jpg;train;type1b;easy;type1b/easy
images/synthetic/syn_v2_2026091401_00770.jpg;train;type1b;medium;type1b/medium
images/synthetic/syn_v2_2026091401_00771.jpg;train;type1a;hard;type1a/hard
images/synthetic/syn_v2_2026091401_00772.jpg;train;type1a;easy;type1a/easy
images/synthetic/syn_v2_2026091401_00773.jpg;train;type1a;hard;type1a/hard
images/synthetic/syn_v2_2026091401_00774.jpg;val;type1a;hard;type1a/hard
images/synthetic/syn_v2_2026091401_00775.jpg;train;type1b;medium;type1b/medium
images/synthetic/syn_v2_2026091401_00776.jpg;train;type1a;medium;type1a/medium
images/synthetic/syn_v2_2026091401_00777.jpg;val;type1;hard;type1/hard
images/synthetic/syn_v2_2026091401_00778.jpg;train;type1b;hard;type1b/hard
images/synthetic/syn_v2_2026091401_00779.jpg;train;type1b;hard;type1b/hard
images/synthetic/syn_v2_2026091401_00780.jpg;train;type1;hard;type1/hard
images/synthetic/syn_v2_2026091401_00781.jpg;test;type1a;medium;type1a/medium
images/synthetic/syn_v2_2026091401_00782.jpg;train;type1a;hard;type1a/hard
images/synthetic/syn_v2_2026091401_00783.jpg;test;type1a;medium;type1a/medium
images/synthetic/syn_v2_2026091401_00784.jpg;train;type1;easy;type1/easy
images/synthetic/syn_v2_2026091401_00785.jpg;train;type1b;easy;type1b/easy
images/synthetic/syn_v2_2026091401_00786.jpg;train;type1b;hard;type1b/hard
images/synthetic/syn_v2_2026091401_00787.jpg;train;type1b;medium;type1b/medium
images/synthetic/syn_v2_2026091401_00788.jpg;train;type1b;easy;type1b/easy
images/synthetic/syn_v2_2026091401_00789.jpg;train;type1a;medium;type1a/medium
images/synthetic/syn_v2_2026091401_00790.jpg;test;type1b;easy;type1b/easy
images/synthetic/syn_v2_2026091401_00791.jpg;train;type1a;medium;type1a/medium
images/synthetic/syn_v2_2026091401_00792.jpg;train;type1;medium;type1/medium
images/synthetic/syn_v2_2026091401_00793.jpg;val;type1a;easy;type1a/easy
images/synthetic/syn_v2_2026091401_00794.jpg;train;type1;medium;type1/medium
images/synthetic/syn_v2_2026091401_00795.jpg;train;type1a;medium;type1a/medium
images/synthetic/syn_v2_2026091401_00796.jpg;train;type1b;easy;type1b/easy
images/synthetic/syn_v2_2026091401_00797.jpg;train;type1;easy;type1/easy
images/synthetic/syn_v2_2026091401_00798.jpg;train;type1a;medium;type1a/medium
images/synthetic/syn_v2_2026091401_00799.jpg;train;type1;easy;type1/easy
images/synthetic/syn_v2_2026091401_00800.jpg;train;type1b;medium;type1b/medium
images/synthetic/syn_v2_2026091401_00801.jpg;train;type1;easy;type1/easy
images/synthetic/syn_v2_2026091401_00802.jpg;train;type1b;easy;type1b/easy
images/synthetic/syn_v2_2026091401_00803.jpg;train;type1a;medium;type1a/medium
images/synthetic/syn_v2_2026091401_00804.jpg;train;type1a;hard;type1a/hard
images/synthetic/syn_v2_2026091401_00805.jpg;train;type1b;hard;type1b/hard
images/synthetic/syn_v2_2026091401_00806.jpg;train;type1;easy;type1/easy
images/synthetic/syn_v2_2026091401_00807.jpg;train;type1a;medium;type1a/medium
images/synthetic/syn_v2_2026091401_00808.jpg;train;type1b;medium;type1b/medium
images/synthetic/syn_v2_2026091401_00809.jpg;train;type1b;easy;type1b/easy
images/synthetic/syn_v2_2026091401_00810.jpg;test;type1;medium;type1/medium
images/synthetic/syn_v2_2026091401_00811.jpg;train;type1;hard;type1/hard
images/synthetic/syn_v2_2026091401_00812.jpg;train;type1a;medium;type1a/medium
images/synthetic/syn_v2_2026091401_00813.jpg;train;type1a;medium;type1a/medium
images/synthetic/syn_v2_2026091401_00814.jpg;train;type1b;medium;type1b/medium
images/synthetic/syn_v2_2026091401_00815.jpg;train;type1a;easy;type1a/easy
images/synthetic/syn_v2_2026091401_00816.jpg;train;type1b;medium;type1b/medium
images/synthetic/syn_v2_2026091401_00817.jpg;train;type1b;easy;type1b/easy
images/synthetic/syn_v2_2026091401_00818.jpg;train;type1a;hard;type1a/hard
images/synthetic/syn_v2_2026091401_00819.jpg;train;type1a;hard;type1a/hard
images/synthetic/syn_v2_2026091401_00820.jpg;train;type1b;medium;type1b/medium
images/synthetic/syn_v2_2026091401_00821.jpg;val;type1;hard;type1/hard
images/synthetic/syn_v2_2026091401_00822.jpg;val;type1b;easy;type1b/easy
images/synthetic/syn_v2_2026091401_00823.jpg;train;type1b;medium;type1b/medium
images/synthetic/syn_v2_2026091401_00824.jpg;train;type1b;easy;type1b/easy
images/synthetic/syn_v2_2026091401_00825.jpg;train;type1;easy;type1/easy
images/synthetic/syn_v2_2026091401_00826.jpg;train;type1a;easy;type1a/easy
images/synthetic/syn_v2_2026091401_00827.jpg;train;type1b;medium;type1b/medium
images/synthetic/syn_v2_2026091401_00828.jpg;val;type1b;medium;type1b/medium
images/synthetic/syn_v2_2026091401_00829.jpg;test;type1b;hard;type1b/hard
images/synthetic/syn_v2_2026091401_00830.jpg;train;type1a;medium;type1a/medium
images/synthetic/syn_v2_2026091401_00831.jpg;train;type1;easy;type1/easy
images/synthetic/syn_v2_2026091401_00832.jpg;train;type1b;hard;type1b/hard
images/synthetic/syn_v2_2026091401_00833.jpg;train;type1a;medium;type1a/medium
images/synthetic/syn_v2_2026091401_00834.jpg;train;type1b;medium;type1b/medium
images/synthetic/syn_v2_2026091401_00835.jpg;train;type1b;medium;type1b/medium
images/synthetic/syn_v2_2026091401_00836.jpg;train;type1a;easy;type1a/easy
images/synthetic/syn_v2_2026091401_00837.jpg;train;type1a;easy;type1a/easy
images/synthetic/syn_v2_2026091401_00838.jpg;train;type1;medium;type1/medium
images/synthetic/syn_v2_2026091401_00839.jpg;train;type1b;medium;type1b/medium
images/synthetic/syn_v2_2026091401_00840.jpg;train;type1b;hard;type1b/hard
images/synthetic/syn_v2_2026091401_00841.jpg;train;type1b;easy;type1b/easy
images/synthetic/syn_v2_2026091401_00842.jpg;train;type1;medium;type1/medium
images/synthetic/syn_v2_2026091401_00843.jpg;train;type1a;medium;type1a/medium
images/synthetic/syn_v2_2026091401_00844.jpg;test;type1a;hard;type1a/hard
images/synthetic/syn_v2_2026091401_00845.jpg;train;type1;easy;type1/easy
images/synthetic/syn_v2_2026091401_00846.jpg;test;type1b;easy;type1b/easy
images/synthetic/syn_v2_2026091401_00847.jpg;train;type1b;easy;type1b/easy
images/synthetic/syn_v2_2026091401_00848.jpg;train;type1a;easy;type1a/easy
images/synthetic/syn_v2_2026091401_00849.jpg;train;type1;hard;type1/hard
images/synthetic/syn_v2_2026091401_00850.jpg;train;type1a;medium;type1a/medium
images/synthetic/syn_v2_2026091401_00851.jpg;train;type1a;easy;type1a/easy
images/synthetic/syn_v2_2026091401_00852.jpg;train;type1b;easy;type1b/easy
images/synthetic/syn_v2_2026091401_00853.jpg;train;type1a;medium;type1a/medium
images/synthetic/syn_v2_2026091401_00854.jpg;train;type1b;easy;type1b/easy
images/synthetic/syn_v2_2026091401_00855.jpg;val;type1a;medium;type1a/medium
images/synthetic/syn_v2_2026091401_00856.jpg;train;type1;medium;type1/medium
images/synthetic/syn_v2_2026091401_00857.jpg;train;type1a;hard;type1a/hard
images/synthetic/syn_v2_2026091401_00858.jpg;train;type1a;medium;type1a/medium
images/synthetic/syn_v2_2026091401_00859.jpg;test;type1a;medium;type1a/medium
images/synthetic/syn_v2_2026091401_00860.jpg;train;type1b;medium;type1b/medium
images/synthetic/syn_v2_2026091401_00861.jpg;train;type1;easy;type1/easy
images/synthetic/syn_v2_2026091401_00862.jpg;train;type1a;easy;type1a/easy
images/synthetic/syn_v2_2026091401_00863.jpg;train;type1a;medium;type1a/medium
images/synthetic/syn_v2_2026091401_00864.jpg;train;type1;medium;type1/medium
images/synthetic/syn_v2_2026091401_00865.jpg;train;type1b;easy;type1b/easy
images/synthetic/syn_v2_2026091401_00866.jpg;train;type1a;easy;type1a/easy
images/synthetic/syn_v2_2026091401_00867.jpg;train;type1a;hard;type1a/hard
images/synthetic/syn_v2_2026091401_00868.jpg;train;type1b;easy;type1b/easy
images/synthetic/syn_v2_2026091401_00869.jpg;train;type1b;medium;type1b/medium
images/synthetic/syn_v2_2026091401_00870.jpg;train;type1;easy;type1/easy
images/synthetic/syn_v2_2026091401_00871.jpg;train;type1a;medium;type1a/medium
images/synthetic/syn_v2_2026091401_00872.jpg;train;type1b;medium;type1b/medium
images/synthetic/syn_v2_2026091401_00873.jpg;train;type1;hard;type1/hard
images/synthetic/syn_v2_2026091401_00874.jpg;train;type1b;medium;type1b/medium
images/synthetic/syn_v2_2026091401_00875.jpg;train;type1b;hard;type1b/hard
images/synthetic/syn_v2_2026091401_00876.jpg;train;type1;easy;type1/easy
images/synthetic/syn_v2_2026091401_00877.jpg;train;type1b;medium;type1b/medium
images/synthetic/syn_v2_2026091401_00878.jpg;train;type1b;medium;type1b/medium
images/synthetic/syn_v2_2026091401_00879.jpg;test;type1b;medium;type1b/medium
images/synthetic/syn_v2_2026091401_00880.jpg;train;type1b;easy;type1b/easy
images/synthetic/syn_v2_2026091401_00881.jpg;train;type1b;medium;type1b/medium
images/synthetic/syn_v2_2026091401_00882.jpg;train;type1a;medium;type1a/medium
images/synthetic/syn_v2_2026091401_00883.jpg;val;type1b;medium;type1b/medium
images/synthetic/syn_v2_2026091401_00884.jpg;train;type1b;medium;type1b/medium
images/synthetic/syn_v2_2026091401_00885.jpg;train;type1a;medium;type1a/medium
images/synthetic/syn_v2_2026091401_00886.jpg;train;type1a;medium;type1a/medium
images/synthetic/syn_v2_2026091401_00887.jpg;train;type1b;medium;type1b/medium
images/synthetic/syn_v2_2026091401_00888.jpg;train;type1a;medium;type1a/medium
images/synthetic/syn_v2_2026091401_00889.jpg;test;type1b;easy;type1b/easy
images/synthetic/syn_v2_2026091401_00890.jpg;train;type1b;medium;type1b/medium
images/synthetic/syn_v2_2026091401_00891.jpg;train;type1b;medium;type1b/medium
images/synthetic/syn_v2_2026091401_00892.jpg;val;type1b;easy;type1b/easy
images/synthetic/syn_v2_2026091401_00893.jpg;val;type1;easy;type1/easy
images/synthetic/syn_v2_2026091401_00894.jpg;train;type1b;medium;type1b/medium
images/synthetic/syn_v2_2026091401_00895.jpg;train;type1b;medium;type1b/medium
images/synthetic/syn_v2_2026091401_00896.jpg;val;type1a;medium;type1a/medium
images/synthetic/syn_v2_2026091401_00897.jpg;train;type1b;medium;type1b/medium
images/synthetic/syn_v2_2026091401_00898.jpg;train;type1b;hard;type1b/hard
images/synthetic/syn_v2_2026091401_00899.jpg;train;type1b;hard;type1b/hard
images/synthetic/syn_v2_2026091401_00900.jpg;train;type1b;medium;type1b/medium
images/synthetic/syn_v2_2026091401_00901.jpg;train;type1a;medium;type1a/medium
images/synthetic/syn_v2_2026091401_00902.jpg;test;type1b;medium;type1b/medium
images/synthetic/syn_v2_2026091401_00903.jpg;train;type1b;easy;type1b/easy
images/synthetic/syn_v2_2026091401_00904.jpg;train;type1b;medium;type1b/medium
images/synthetic/syn_v2_2026091401_00905.jpg;train;type1b;hard;type1b/hard
images/synthetic/syn_v2_2026091401_00906.jpg;train;type1;hard;type1/hard
images/synthetic/syn_v2_2026091401_00907.jpg;train;type1a;easy;type1a/easy
images/synthetic/syn_v2_2026091401_00908.jpg;train;type1;easy;type1/easy
images/synthetic/syn_v2_2026091401_00909.jpg;train;type1a;hard;type1a/hard
images/synthetic/syn_v2_2026091401_00910.jpg;test;type1b;medium;type1b/medium
images/synthetic/syn_v2_2026091401_00911.jpg;train;type1;medium;type1/medium
images/synthetic/syn_v2_2026091401_00912.jpg;train;type1b;hard;type1b/hard
images/synthetic/syn_v2_2026091401_00913.jpg;val;type1b;medium;type1b/medium
images/synthetic/syn_v2_2026091401_00914.jpg;train;type1b;medium;type1b/medium
images/synthetic/syn_v2_2026091401_00915.jpg;train;type1a;hard;type1a/hard
images/synthetic/syn_v2_2026091401_00916.jpg;val;type1a;medium;type1a/medium
images/synthetic/syn_v2_2026091401_00917.jpg;train;type1b;easy;type1b/easy
images/synthetic/syn_v2_2026091401_00918.jpg;train;type1;medium;type1/medium
images/synthetic/syn_v2_2026091401_00919.jpg;train;type1a;medium;type1a/medium
images/synthetic/syn_v2_2026091401_00920.jpg;val;type1a;easy;type1a/easy
images/synthetic/syn_v2_2026091401_00921.jpg;train;type1b;hard;type1b/hard
images/synthetic/syn_v2_2026091401_00922.jpg;val;type1b;medium;type1b/medium
images/synthetic/syn_v2_2026091401_00923.jpg;train;type1b;medium;type1b/medium
images/synthetic/syn_v2_2026091401_00924.jpg;train;type1;easy;type1/easy
images/synthetic/syn_v2_2026091401_00925.jpg;val;type1b;easy;type1b/easy
images/synthetic/syn_v2_2026091401_00926.jpg;train;type1b;easy;type1b/easy
images/synthetic/syn_v2_2026091401_00927.jpg;train;type1;medium;type1/medium
images/synthetic/syn_v2_2026091401_00928.jpg;test;type1a;medium;type1a/medium
images/synthetic/syn_v2_2026091401_00929.jpg;train;type1b;easy;type1b/easy
images/synthetic/syn_v2_2026091401_00930.jpg;train;type1a;easy;type1a/easy
images/synthetic/syn_v2_2026091401_00931.jpg;train;type1a;easy;type1a/easy
images/synthetic/syn_v2_2026091401_00932.jpg;train;type1b;medium;type1b/medium
images/synthetic/syn_v2_2026091401_00933.jpg;test;type1b;medium;type1b/medium
images/synthetic/syn_v2_2026091401_00934.jpg;train;type1;hard;type1/hard
images/synthetic/syn_v2_2026091401_00935.jpg;train;type1;medium;type1/medium
images/synthetic/syn_v2_2026091401_00936.jpg;train;type1b;easy;type1b/easy
images/synthetic/syn_v2_2026091401_00937.jpg;train;type1;hard;type1/hard
images/synthetic/syn_v2_2026091401_00938.jpg;train;type1a;medium;type1a/medium
images/synthetic/syn_v2_2026091401_00939.jpg;val;type1a;easy;type1a/easy
images/synthetic/syn_v2_2026091401_00940.jpg;train;type1;easy;type1/easy
images/synthetic/syn_v2_2026091401_00941.jpg;train;type1a;medium;type1a/medium
images/synthetic/syn_v2_2026091401_00942.jpg;train;type1;medium;type1/medium
images/synthetic/syn_v2_2026091401_00943.jpg;train;type1a;easy;type1a/easy
images/synthetic/syn_v2_2026091401_00944.jpg;train;type1;hard;type1/hard
images/synthetic/syn_v2_2026091401_00945.jpg;train;type1b;easy;type1b/easy
images/synthetic/syn_v2_2026091401_00946.jpg;train;type1b;easy;type1b/easy
images/synthetic/syn_v2_2026091401_00947.jpg;train;type1b;medium;type1b/medium
images/synthetic/syn_v2_2026091401_00948.jpg;train;type1b;medium;type1b/medium
images/synthetic/syn_v2_2026091401_00949.jpg;train;type1b;medium;type1b/medium
images/synthetic/syn_v2_2026091401_00950.jpg;train;type1;easy;type1/easy
images/synthetic/syn_v2_2026091401_00951.jpg;train;type1b;medium;type1b/medium
images/synthetic/syn_v2_2026091401_00952.jpg;train;type1b;easy;type1b/easy
images/synthetic/syn_v2_2026091401_00953.jpg;train;type1a;hard;type1a/hard
images/synthetic/syn_v2_2026091401_00954.jpg;train;type1;medium;type1/medium
images/synthetic/syn_v2_2026091401_00955.jpg;val;type1b;hard;type1b/hard
images/synthetic/syn_v2_2026091401_00956.jpg;train;type1b;easy;type1b/easy
images/synthetic/syn_v2_2026091401_00957.jpg;train;type1b;hard;type1b/hard
images/synthetic/syn_v2_2026091401_00958.jpg;train;type1a;medium;type1a/medium
images/synthetic/syn_v2_2026091401_00959.jpg;train;type1a;medium;type1a/medium
images/synthetic/syn_v2_2026091401_00960.jpg;train;type1b;medium;type1b/medium
images/synthetic/syn_v2_2026091401_00961.jpg;train;type1;medium;type1/medium
images/synthetic/syn_v2_2026091401_00962.jpg;train;type1a;hard;type1a/hard
images/synthetic/syn_v2_2026091401_00963.jpg;val;type1b;medium;type1b/medium
images/synthetic/syn_v2_2026091401_00964.jpg;train;type1;medium;type1/medium
images/synthetic/syn_v2_2026091401_00965.jpg;train;type1;medium;type1/medium
images/synthetic/syn_v2_2026091401_00966.jpg;train;type1b;easy;type1b/easy
images/synthetic/syn_v2_2026091401_00967.jpg;train;type1;hard;type1/hard
images/synthetic/syn_v2_2026091401_00968.jpg;train;type1b;easy;type1b/easy
images/synthetic/syn_v2_2026091401_00969.jpg;train;type1b;easy;type1b/easy
images/synthetic/syn_v2_2026091401_00970.jpg;train;type1b;hard;type1b/hard
images/synthetic/syn_v2_2026091401_00971.jpg;train;type1a;medium;type1a/medium
images/synthetic/syn_v2_2026091401_00972.jpg;train;type1a;medium;type1a/medium
images/synthetic/syn_v2_2026091401_00973.jpg;train;type1b;easy;type1b/easy
images/synthetic/syn_v2_2026091401_00974.jpg;train;type1a;hard;type1a/hard
images/synthetic/syn_v2_2026091401_00975.jpg;val;type1b;hard;type1b/hard
images/synthetic/syn_v2_2026091401_00976.jpg;train;type1;easy;type1/easy
images/synthetic/syn_v2_2026091401_00977.jpg;train;type1a;easy;type1a/easy
images/synthetic/syn_v2_2026091401_00978.jpg;train;type1a;hard;type1a/hard
images/synthetic/syn_v2_2026091401_00979.jpg;train;type1;medium;type1/medium
images/synthetic/syn_v2_2026091401_00980.jpg;train;type1a;easy;type1a/easy
images/synthetic/syn_v2_2026091401_00981.jpg;train;type1a;medium;type1a/medium
images/synthetic/syn_v2_2026091401_00982.jpg;train;type1b;medium;type1b/medium
images/synthetic/syn_v2_2026091401_00983.jpg;train;type1b;easy;type1b/easy
images/synthetic/syn_v2_2026091401_00984.jpg;val;type1b;medium;type1b/medium
images/synthetic/syn_v2_2026091401_00985.jpg;val;type1;medium;type1/medium
images/synthetic/syn_v2_2026091401_00986.jpg;train;type1a;medium;type1a/medium
images/synthetic/syn_v2_2026091401_00987.jpg;train;type1a;easy;type1a/easy
images/synthetic/syn_v2_2026091401_00988.jpg;val;type1a;medium;type1a/medium
images/synthetic/syn_v2_2026091401_00989.jpg;train;type1a;hard;type1a/hard
images/synthetic/syn_v2_2026091401_00990.jpg;train;type1b;medium;type1b/medium
images/synthetic/syn_v2_2026091401_00991.jpg;train;type1b;easy;type1b/easy
images/synthetic/syn_v2_2026091401_00992.jpg;train;type1a;hard;type1a/hard
images/synthetic/syn_v2_2026091401_00993.jpg;train;type1a;medium;type1a/medium
images/synthetic/syn_v2_2026091401_00994.jpg;train;type1;hard;type1/hard
images/synthetic/syn_v2_2026091401_00995.jpg;train;type1a;easy;type1a/easy
images/synthetic/syn_v2_2026091401_00996.jpg;train;type1b;easy;type1b/easy
images/synthetic/syn_v2_2026091401_00997.jpg;train;type1b;easy;type1b/easy
images/synthetic/syn_v2_2026091401_00998.jpg;test;type1b;easy;type1b/easy
images/synthetic/syn_v2_2026091401_00999.jpg;train;type1b;medium;type1b/medium
images/synthetic/syn_v2_2026091401_01000.jpg;train;type1a;medium;type1a/medium
images/synthetic/syn_v2_2026091401_01001.jpg;train;type1;easy;type1/easy
images/synthetic/syn_v2_2026091401_01002.jpg;train;type1a;medium;type1a/medium
images/synthetic/syn_v2_2026091401_01003.jpg;train;type1a;medium;type1a/medium
images/synthetic/syn_v2_2026091401_01004.jpg;train;type1a;medium;type1a/medium
images/synthetic/syn_v2_2026091401_01005.jpg;train;type1b;medium;type1b/medium
images/synthetic/syn_v2_2026091401_01006.jpg;test;type1b;hard;type1b/hard
images/synthetic/syn_v2_2026091401_01007.jpg;train;type1b;easy;type1b/easy
images/synthetic/syn_v2_2026091401_01008.jpg;train;type1b;hard;type1b/hard
images/synthetic/syn_v2_2026091401_01009.jpg;train;type1a;medium;type1a/medium
images/synthetic/syn_v2_2026091401_01010.jpg;test;type1a;easy;type1a/easy
images/synthetic/syn_v2_2026091401_01011.jpg;train;type1b;medium;type1b/medium
images/synthetic/syn_v2_2026091401_01012.jpg;train;type1b;medium;type1b/medium
images/synthetic/syn_v2_2026091401_01013.jpg;train;type1b;medium;type1b/medium
images/synthetic/syn_v2_2026091401_01014.jpg;val;type1;medium;type1/medium
images/synthetic/syn_v2_2026091401_01015.jpg;val;type1;hard;type1/hard
images/synthetic/syn_v2_2026091401_01016.jpg;val;type1a;medium;type1a/medium
images/synthetic/syn_v2_2026091401_01017.jpg;train;type1a;easy;type1a/easy
images/synthetic/syn_v2_2026091401_01018.jpg;test;type1;medium;type1/medium
images/synthetic/syn_v2_2026091401_01019.jpg;val;type1b;medium;type1b/medium
images/synthetic/syn_v2_2026091401_01020.jpg;train;type1b;easy;type1b/easy
images/synthetic/syn_v2_2026091401_01021.jpg;train;type1b;medium;type1b/medium
images/synthetic/syn_v2_2026091401_01022.jpg;train;type1;medium;type1/medium
images/synthetic/syn_v2_2026091401_01023.jpg;train;type1b;hard;type1b/hard
images/synthetic/syn_v2_2026091401_01024.jpg;val;type1b;hard;type1b/hard
images/synthetic/syn_v2_2026091401_01025.jpg;test;type1a;medium;type1a/medium
images/synthetic/syn_v2_2026091401_01026.jpg;train;type1a;medium;type1a/medium
images/synthetic/syn_v2_2026091401_01027.jpg;val;type1b;medium;type1b/medium
images/synthetic/syn_v2_2026091401_01028.jpg;train;type1b;medium;type1b/medium
images/synthetic/syn_v2_2026091401_01029.jpg;train;type1b;medium;type1b/medium
images/synthetic/syn_v2_2026091401_01030.jpg;test;type1b;medium;type1b/medium
images/synthetic/syn_v2_2026091401_01031.jpg;train;type1;medium;type1/medium
images/synthetic/syn_v2_2026091401_01032.jpg;train;type1a;easy;type1a/easy
images/synthetic/syn_v2_2026091401_01033.jpg;train;type1;hard;type1/hard
images/synthetic/syn_v2_2026091401_01034.jpg;train;type1a;easy;type1a/easy
images/synthetic/syn_v2_2026091401_01035.jpg;train;type1a;easy;type1a/easy
images/synthetic/syn_v2_2026091401_01036.jpg;train;type1b;easy;type1b/easy
images/synthetic/syn_v2_2026091401_01037.jpg;train;type1a;medium;type1a/medium
images/synthetic/syn_v2_2026091401_01038.jpg;train;type1a;hard;type1a/hard
images/synthetic/syn_v2_2026091401_01039.jpg;train;type1a;medium;type1a/medium
images/synthetic/syn_v2_2026091401_01040.jpg;test;type1b;medium;type1b/medium
images/synthetic/syn_v2_2026091401_01041.jpg;train;type1;easy;type1/easy
images/synthetic/syn_v2_2026091401_01042.jpg;train;type1b;medium;type1b/medium
images/synthetic/syn_v2_2026091401_01043.jpg;train;type1a;hard;type1a/hard
images/synthetic/syn_v2_2026091401_01044.jpg;train;type1b;medium;type1b/medium
images/synthetic/syn_v2_2026091401_01045.jpg;train;type1a;medium;type1a/medium
images/synthetic/syn_v2_2026091401_01046.jpg;train;type1a;easy;type1a/easy
images/synthetic/syn_v2_2026091401_01047.jpg;train;type1;medium;type1/medium
images/synthetic/syn_v2_2026091401_01048.jpg;train;type1b;medium;type1b/medium
images/synthetic/syn_v2_2026091401_01049.jpg;train;type1b;medium;type1b/medium
images/synthetic/syn_v2_2026091401_01050.jpg;train;type1a;easy;type1a/easy
images/synthetic/syn_v2_2026091401_01051.jpg;train;type1;easy;type1/easy
images/synthetic/syn_v2_2026091401_01052.jpg;val;type1b;easy;type1b/easy
images/synthetic/syn_v2_2026091401_01053.jpg;val;type1b;easy;type1b/easy
images/synthetic/syn_v2_2026091401_01054.jpg;train;type1b;hard;type1b/hard
images/synthetic/syn_v2_2026091401_01055.jpg;train;type1b;medium;type1b/medium
images/synthetic/syn_v2_2026091401_01056.jpg;test;type1b;hard;type1b/hard
images/synthetic/syn_v2_2026091401_01057.jpg;train;type1a;medium;type1a/medium
images/synthetic/syn_v2_2026091401_01058.jpg;train;type1;medium;type1/medium
images/synthetic/syn_v2_2026091401_01059.jpg;train;type1b;medium;type1b/medium
images/synthetic/syn_v2_2026091401_01060.jpg;train;type1b;hard;type1b/hard
images/synthetic/syn_v2_2026091401_01061.jpg;train;type1a;medium;type1a/medium
images/synthetic/syn_v2_2026091401_01062.jpg;train;type1b;easy;type1b/easy
images/synthetic/syn_v2_2026091401_01063.jpg;train;type1b;medium;type1b/medium
images/synthetic/syn_v2_2026091401_01064.jpg;train;type1a;medium;type1a/medium
images/synthetic/syn_v2_2026091401_01065.jpg;train;type1;medium;type1/medium
images/synthetic/syn_v2_2026091401_01066.jpg;train;type1;medium;type1/medium
images/synthetic/syn_v2_2026091401_01067.jpg;train;type1a;easy;type1a/easy
images/synthetic/syn_v2_2026091401_01068.jpg;train;type1;medium;type1/medium
images/synthetic/syn_v2_2026091401_01069.jpg;train;type1;medium;type1/medium
images/synthetic/syn_v2_2026091401_01070.jpg;train;type1b;medium;type1b/medium
images/synthetic/syn_v2_2026091401_01071.jpg;train;type1b;easy;type1b/easy
images/synthetic/syn_v2_2026091401_01072.jpg;test;type1;easy;type1/easy
images/synthetic/syn_v2_2026091401_01073.jpg;train;type1;hard;type1/hard
images/synthetic/syn_v2_2026091401_01074.jpg;train;type1;hard;type1/hard
images/synthetic/syn_v2_2026091401_01075.jpg;train;type1b;easy;type1b/easy
images/synthetic/syn_v2_2026091401_01076.jpg;train;type1b;easy;type1b/easy
images/synthetic/syn_v2_2026091401_01077.jpg;train;type1a;medium;type1a/medium
images/synthetic/syn_v2_2026091401_01078.jpg;train;type1a;medium;type1a/medium
images/synthetic/syn_v2_2026091401_01079.jpg;train;type1a;easy;type1a/easy
images/synthetic/syn_v2_2026091401_01080.jpg;train;type1b;hard;type1b/hard
images/synthetic/syn_v2_2026091401_01081.jpg;val;type1a;medium;type1a/medium
images/synthetic/syn_v2_2026091401_01082.jpg;train;type1;easy;type1/easy
images/synthetic/syn_v2_2026091401_01083.jpg;train;type1b;easy;type1b/easy
images/synthetic/syn_v2_2026091401_01084.jpg;train;type1b;easy;type1b/easy
images/synthetic/syn_v2_2026091401_01085.jpg;train;type1a;hard;type1a/hard
images/synthetic/syn_v2_2026091401_01086.jpg;val;type1b;medium;type1b/medium
images/synthetic/syn_v2_2026091401_01087.jpg;train;type1;easy;type1/easy
images/synthetic/syn_v2_2026091401_01088.jpg;train;type1;hard;type1/hard
images/synthetic/syn_v2_2026091401_01089.jpg;train;type1a;medium;type1a/medium
images/synthetic/syn_v2_2026091401_01090.jpg;train;type1;medium;type1/medium
images/synthetic/syn_v2_2026091401_01091.jpg;train;type1b;easy;type1b/easy
images/synthetic/syn_v2_2026091401_01092.jpg;train;type1a;medium;type1a/medium
images/synthetic/syn_v2_2026091401_01093.jpg;train;type1b;medium;type1b/medium
images/synthetic/syn_v2_2026091401_01094.jpg;train;type1b;hard;type1b/hard
images/synthetic/syn_v2_2026091401_01095.jpg;val;type1b;hard;type1b/hard
images/synthetic/syn_v2_2026091401_01096.jpg;train;type1b;medium;type1b/medium
images/synthetic/syn_v2_2026091401_01097.jpg;train;type1a;easy;type1a/easy
images/synthetic/syn_v2_2026091401_01098.jpg;val;type1a;medium;type1a/medium
images/synthetic/syn_v2_2026091401_01099.jpg;train;type1a;hard;type1a/hard
images/synthetic/syn_v2_2026091401_01100.jpg;train;type1a;easy;type1a/easy
images/synthetic/syn_v2_2026091401_01101.jpg;train;type1b;medium;type1b/medium
images/synthetic/syn_v2_2026091401_01102.jpg;train;type1a;medium;type1a/medium
images/synthetic/syn_v2_2026091401_01103.jpg;train;type1b;hard;type1b/hard
images/synthetic/syn_v2_2026091401_01104.jpg;train;type1b;hard;type1b/hard
images/synthetic/syn_v2_2026091401_01105.jpg;train;type1a;medium;type1a/medium
images/synthetic/syn_v2_2026091401_01106.jpg;train;type1;hard;type1/hard
images/synthetic/syn_v2_2026091401_01107.jpg;train;type1a;medium;type1a/medium
images/synthetic/syn_v2_2026091401_01108.jpg;train;type1b;medium;type1b/medium
images/synthetic/syn_v2_2026091401_01109.jpg;train;type1b;medium;type1b/medium
images/synthetic/syn_v2_2026091401_01110.jpg;val;type1b;medium;type1b/medium
images/synthetic/syn_v2_2026091401_01111.jpg;train;type1b;easy;type1b/easy
images/synthetic/syn_v2_2026091401_01112.jpg;train;type1a;easy;type1a/easy
images/synthetic/syn_v2_2026091401_01113.jpg;train;type1b;medium;type1b/medium
images/synthetic/syn_v2_2026091401_01114.jpg;train;type1b;medium;type1b/medium
images/synthetic/syn_v2_2026091401_01115.jpg;train;type1;easy;type1/easy
images/synthetic/syn_v2_2026091401_01116.jpg;train;type1a;easy;type1a/easy
images/synthetic/syn_v2_2026091401_01117.jpg;train;type1;easy;type1/easy
images/synthetic/syn_v2_2026091401_01118.jpg;train;type1b;easy;type1b/easy
images/synthetic/syn_v2_2026091401_01119.jpg;train;type1b;hard;type1b/hard
images/synthetic/syn_v2_2026091401_01120.jpg;train;type1b;easy;type1b/easy
images/synthetic/syn_v2_2026091401_01121.jpg;train;type1b;hard;type1b/hard
images/synthetic/syn_v2_2026091401_01122.jpg;train;type1;easy;type1/easy
images/synthetic/syn_v2_2026091401_01123.jpg;train;type1b;medium;type1b/medium
images/synthetic/syn_v2_2026091401_01124.jpg;train;type1b;easy;type1b/easy
images/synthetic/syn_v2_2026091401_01125.jpg;test;type1b;medium;type1b/medium
images/synthetic/syn_v2_2026091401_01126.jpg;train;type1a;hard;type1a/hard
images/synthetic/syn_v2_2026091401_01127.jpg;train;type1a;medium;type1a/medium
images/synthetic/syn_v2_2026091401_01128.jpg;train;type1a;medium;type1a/medium
images/synthetic/syn_v2_2026091401_01129.jpg;train;type1a;easy;type1a/easy
images/synthetic/syn_v2_2026091401_01130.jpg;train;type1a;medium;type1a/medium
images/synthetic/syn_v2_2026091401_01131.jpg;train;type1b;easy;type1b/easy
images/synthetic/syn_v2_2026091401_01132.jpg;train;type1b;easy;type1b/easy
images/synthetic/syn_v2_2026091401_01133.jpg;train;type1a;medium;type1a/medium
images/synthetic/syn_v2_2026091401_01134.jpg;train;type1b;medium;type1b/medium
images/synthetic/syn_v2_2026091401_01135.jpg;val;type1b;hard;type1b/hard
images/synthetic/syn_v2_2026091401_01136.jpg;train;type1a;easy;type1a/easy
images/synthetic/syn_v2_2026091401_01137.jpg;train;type1;hard;type1/hard
images/synthetic/syn_v2_2026091401_01138.jpg;train;type1a;medium;type1a/medium
images/synthetic/syn_v2_2026091401_01139.jpg;train;type1;easy;type1/easy
images/synthetic/syn_v2_2026091401_01140.jpg;train;type1b;hard;type1b/hard
images/synthetic/syn_v2_2026091401_01141.jpg;train;type1;easy;type1/easy
images/synthetic/syn_v2_2026091401_01142.jpg;train;type1;easy;type1/easy
images/synthetic/syn_v2_2026091401_01143.jpg;train;type1a;hard;type1a/hard
images/synthetic/syn_v2_2026091401_01144.jpg;val;type1a;easy;type1a/easy
images/synthetic/syn_v2_2026091401_01145.jpg;train;type1b;medium;type1b/medium
images/synthetic/syn_v2_2026091401_01146.jpg;train;type1b;hard;type1b/hard
images/synthetic/syn_v2_2026091401_01147.jpg;train;type1;medium;type1/medium
images/synthetic/syn_v2_2026091401_01148.jpg;train;type1b;hard;type1b/hard
images/synthetic/syn_v2_2026091401_01149.jpg;train;type1a;easy;type1a/easy
images/synthetic/syn_v2_2026091401_01150.jpg;train;type1a;easy;type1a/easy
images/synthetic/syn_v2_2026091401_01151.jpg;train;type1;hard;type1/hard
images/synthetic/syn_v2_2026091401_01152.jpg;train;type1b;medium;type1b/medium
images/synthetic/syn_v2_2026091401_01153.jpg;val;type1a;easy;type1a/easy
images/synthetic/syn_v2_2026091401_01154.jpg;val;type1b;medium;type1b/medium
images/synthetic/syn_v2_2026091401_01155.jpg;train;type1;medium;type1/medium
images/synthetic/syn_v2_2026091401_01156.jpg;train;type1a;hard;type1a/hard
images/synthetic/syn_v2_2026091401_01157.jpg;train;type1b;medium;type1b/medium
images/synthetic/syn_v2_2026091401_01158.jpg;train;type1a;easy;type1a/easy
images/synthetic/syn_v2_2026091401_01159.jpg;train;type1a;medium;type1a/medium
images/synthetic/syn_v2_2026091401_01160.jpg;val;type1;easy;type1/easy
images/synthetic/syn_v2_2026091401_01161.jpg;train;type1b;hard;type1b/hard
images/synthetic/syn_v2_2026091401_01162.jpg;train;type1a;hard;type1a/hard
images/synthetic/syn_v2_2026091401_01163.jpg;train;type1b;medium;type1b/medium
images/synthetic/syn_v2_2026091401_01164.jpg;train;type1b;easy;type1b/easy
images/synthetic/syn_v2_2026091401_01165.jpg;train;type1b;medium;type1b/medium
images/synthetic/syn_v2_2026091401_01166.jpg;train;type1b;medium;type1b/medium
images/synthetic/syn_v2_2026091401_01167.jpg;train;type1a;medium;type1a/medium
images/synthetic/syn_v2_2026091401_01168.jpg;train;type1b;medium;type1b/medium
images/synthetic/syn_v2_2026091401_01169.jpg;train;type1a;easy;type1a/easy
images/synthetic/syn_v2_2026091401_01170.jpg;train;type1a;easy;type1a/easy
images/synthetic/syn_v2_2026091401_01171.jpg;train;type1b;medium;type1b/medium
images/synthetic/syn_v2_2026091401_01172.jpg;train;type1;medium;type1/medium
images/synthetic/syn_v2_2026091401_01173.jpg;train;type1a;medium;type1a/medium
images/synthetic/syn_v2_2026091401_01174.jpg;train;type1a;easy;type1a/easy
images/synthetic/syn_v2_2026091401_01175.jpg;val;type1;medium;type1/medium
images/synthetic/syn_v2_2026091401_01176.jpg;train;type1;medium;type1/medium
images/synthetic/syn_v2_2026091401_01177.jpg;train;type1a;easy;type1a/easy
images/synthetic/syn_v2_2026091401_01178.jpg;test;type1a;medium;type1a/medium
images/synthetic/syn_v2_2026091401_01179.jpg;train;type1a;medium;type1a/medium
images/synthetic/syn_v2_2026091401_01180.jpg;train;type1;hard;type1/hard
images/synthetic/syn_v2_2026091401_01181.jpg;train;type1a;easy;type1a/easy
images/synthetic/syn_v2_2026091401_01182.jpg;train;type1b;medium;type1b/medium
images/synthetic/syn_v2_2026091401_01183.jpg;val;type1a;medium;type1a/medium
images/synthetic/syn_v2_2026091401_01184.jpg;test;type1b;medium;type1b/medium
images/synthetic/syn_v2_2026091401_01185.jpg;train;type1a;medium;type1a/medium
images/synthetic/syn_v2_2026091401_01186.jpg;train;type1a;medium;type1a/medium
images/synthetic/syn_v2_2026091401_01187.jpg;train;type1b;medium;type1b/medium
images/synthetic/syn_v2_2026091401_01188.jpg;train;type1b;medium;type1b/medium
images/synthetic/syn_v2_2026091401_01189.jpg;test;type1b;medium;type1b/medium
images/synthetic/syn_v2_2026091401_01190.jpg;train;type1;medium;type1/medium
images/synthetic/syn_v2_2026091401_01191.jpg;train;type1;medium;type1/medium
images/synthetic/syn_v2_2026091401_01192.jpg;train;type1b;hard;type1b/hard
images/synthetic/syn_v2_2026091401_01193.jpg;train;type1a;hard;type1a/hard
images/synthetic/syn_v2_2026091401_01194.jpg;train;type1a;hard;type1a/hard
images/synthetic/syn_v2_2026091401_01195.jpg;val;type1a;easy;type1a/easy
images/synthetic/syn_v2_2026091401_01196.jpg;train;type1b;medium;type1b/medium
images/synthetic/syn_v2_2026091401_01197.jpg;train;type1;medium;type1/medium
images/synthetic/syn_v2_2026091401_01198.jpg;val;type1b;easy;type1b/easy
images/synthetic/syn_v2_2026091401_01199.jpg;train;type1a;medium;type1a/medium
images/synthetic/syn_v2_2026091401_01200.jpg;train;type1;easy;type1/easy
images/synthetic/syn_v2_2026091401_01201.jpg;train;type1a;hard;type1a/hard
images/synthetic/syn_v2_2026091401_01202.jpg;train;type1a;easy;type1a/easy
images/synthetic/syn_v2_2026091401_01203.jpg;train;type1;easy;type1/easy
images/synthetic/syn_v2_2026091401_01204.jpg;train;type1;medium;type1/medium
images/synthetic/syn_v2_2026091401_01205.jpg;train;type1a;easy;type1a/easy
images/synthetic/syn_v2_2026091401_01206.jpg;train;type1b;medium;type1b/medium
images/synthetic/syn_v2_2026091401_01207.jpg;train;type1a;hard;type1a/hard
images/synthetic/syn_v2_2026091401_01208.jpg;train;type1a;hard;type1a/hard
images/synthetic/syn_v2_2026091401_01209.jpg;test;type1a;medium;type1a/medium
images/synthetic/syn_v2_2026091401_01210.jpg;train;type1b;hard;type1b/hard
images/synthetic/syn_v2_2026091401_01211.jpg;test;type1a;medium;type1a/medium
images/synthetic/syn_v2_2026091401_01212.jpg;train;type1b;medium;type1b/medium
images/synthetic/syn_v2_2026091401_01213.jpg;val;type1b;medium;type1b/medium
images/synthetic/syn_v2_2026091401_01214.jpg;train;type1b;medium;type1b/medium
images/synthetic/syn_v2_2026091401_01215.jpg;train;type1b;easy;type1b/easy
images/synthetic/syn_v2_2026091401_01216.jpg;test;type1a;hard;type1a/hard
images/synthetic/syn_v2_2026091401_01217.jpg;train;type1a;medium;type1a/medium
images/synthetic/syn_v2_2026091401_01218.jpg;train;type1a;hard;type1a/hard
images/synthetic/syn_v2_2026091401_01219.jpg;train;type1b;medium;type1b/medium
images/synthetic/syn_v2_2026091401_01220.jpg;train;type1b;medium;type1b/medium
images/synthetic/syn_v2_2026091401_01221.jpg;test;type1;medium;type1/medium
images/synthetic/syn_v2_2026091401_01222.jpg;val;type1b;medium;type1b/medium
images/synthetic/syn_v2_2026091401_01223.jpg;train;type1a;hard;type1a/hard
images/synthetic/syn_v2_2026091401_01224.jpg;train;type1;easy;type1/easy
images/synthetic/syn_v2_2026091401_01225.jpg;train;type1a;hard;type1a/hard
images/synthetic/syn_v2_2026091401_01226.jpg;train;type1b;hard;type1b/hard
images/synthetic/syn_v2_2026091401_01227.jpg;train;type1b;medium;type1b/medium
images/synthetic/syn_v2_2026091401_01228.jpg;train;type1;hard;type1/hard
images/synthetic/syn_v2_2026091401_01229.jpg;train;type1b;hard;type1b/hard
images/synthetic/syn_v2_2026091401_01230.jpg;train;type1a;hard;type1a/hard
images/synthetic/syn_v2_2026091401_01231.jpg;train;type1b;medium;type1b/medium
images/synthetic/syn_v2_2026091401_01232.jpg;train;type1a;hard;type1a/hard
images/synthetic/syn_v2_2026091401_01233.jpg;val;type1a;medium;type1a/medium
images/synthetic/syn_v2_2026091401_01234.jpg;train;type1a;medium;type1a/medium
images/synthetic/syn_v2_2026091401_01235.jpg;train;type1b;easy;type1b/easy
images/synthetic/syn_v2_2026091401_01236.jpg;val;type1b;medium;type1b/medium
images/synthetic/syn_v2_2026091401_01237.jpg;train;type1b;medium;type1b/medium
images/synthetic/syn_v2_2026091401_01238.jpg;train;type1b;medium;type1b/medium
images/synthetic/syn_v2_2026091401_01239.jpg;train;type1b;medium;type1b/medium
images/synthetic/syn_v2_2026091401_01240.jpg;train;type1a;hard;type1a/hard
images/synthetic/syn_v2_2026091401_01241.jpg;train;type1;easy;type1/easy
images/synthetic/syn_v2_2026091401_01242.jpg;val;type1b;easy;type1b/easy
images/synthetic/syn_v2_2026091401_01243.jpg;train;type1b;hard;type1b/hard
images/synthetic/syn_v2_2026091401_01244.jpg;test;type1a;hard;type1a/hard
images/synthetic/syn_v2_2026091401_01245.jpg;train;type1;medium;type1/medium
images/synthetic/syn_v2_2026091401_01246.jpg;val;type1a;medium;type1a/medium
images/synthetic/syn_v2_2026091401_01247.jpg;train;type1a;hard;type1a/hard
images/synthetic/syn_v2_2026091401_01248.jpg;train;type1b;hard;type1b/hard
images/synthetic/syn_v2_2026091401_01249.jpg;train;type1;medium;type1/medium
images/synthetic/syn_v2_2026091401_01250.jpg;train;type1a;easy;type1a/easy
images/synthetic/syn_v2_2026091401_01251.jpg;val;type1b;easy;type1b/easy
images/synthetic/syn_v2_2026091401_01252.jpg;test;type1b;medium;type1b/medium
images/synthetic/syn_v2_2026091401_01253.jpg;train;type1a;medium;type1a/medium
images/synthetic/syn_v2_2026091401_01254.jpg;train;type1b;easy;type1b/easy
images/synthetic/syn_v2_2026091401_01255.jpg;train;type1b;easy;type1b/easy
images/synthetic/syn_v2_2026091401_01256.jpg;train;type1a;hard;type1a/hard
images/synthetic/syn_v2_2026091401_01257.jpg;test;type1a;easy;type1a/easy
images/synthetic/syn_v2_2026091401_01258.jpg;train;type1b;hard;type1b/hard
images/synthetic/syn_v2_2026091401_01259.jpg;train;type1b;medium;type1b/medium
images/synthetic/syn_v2_2026091401_01260.jpg;train;type1b;easy;type1b/easy
images/synthetic/syn_v2_2026091401_01261.jpg;train;type1b;medium;type1b/medium
images/synthetic/syn_v2_2026091401_01262.jpg;train;type1;easy;type1/easy
images/synthetic/syn_v2_2026091401_01263.jpg;train;type1b;hard;type1b/hard
images/synthetic/syn_v2_2026091401_01264.jpg;train;type1b;hard;type1b/hard
images/synthetic/syn_v2_2026091401_01265.jpg;train;type1a;medium;type1a/medium
images/synthetic/syn_v2_2026091401_01266.jpg;train;type1b;medium;type1b/medium
images/synthetic/syn_v2_2026091401_01267.jpg;train;type1;easy;type1/easy
images/synthetic/syn_v2_2026091401_01268.jpg;train;type1a;medium;type1a/medium
images/synthetic/syn_v2_2026091401_01269.jpg;train;type1b;medium;type1b/medium
images/synthetic/syn_v2_2026091401_01270.jpg;train;type1b;easy;type1b/easy
images/synthetic/syn_v2_2026091401_01271.jpg;train;type1b;hard;type1b/hard
images/synthetic/syn_v2_2026091401_01272.jpg;train;type1;easy;type1/easy
images/synthetic/syn_v2_2026091401_01273.jpg;train;type1b;easy;type1b/easy
images/synthetic/syn_v2_2026091401_01274.jpg;train;type1;easy;type1/easy
images/synthetic/syn_v2_2026091401_01275.jpg;train;type1a;hard;type1a/hard
images/synthetic/syn_v2_2026091401_01276.jpg;train;type1b;hard;type1b/hard
images/synthetic/syn_v2_2026091401_01277.jpg;train;type1a;medium;type1a/medium
images/synthetic/syn_v2_2026091401_01278.jpg;train;type1b;easy;type1b/easy
images/synthetic/syn_v2_2026091401_01279.jpg;train;type1a;medium;type1a/medium
images/synthetic/syn_v2_2026091401_01280.jpg;train;type1a;easy;type1a/easy
images/synthetic/syn_v2_2026091401_01281.jpg;train;type1a;easy;type1a/easy
images/synthetic/syn_v2_2026091401_01282.jpg;train;type1a;medium;type1a/medium
images/synthetic/syn_v2_2026091401_01283.jpg;train;type1a;medium;type1a/medium
images/synthetic/syn_v2_2026091401_01284.jpg;train;type1b;medium;type1b/medium
images/synthetic/syn_v2_2026091401_01285.jpg;train;type1b;medium;type1b/medium
images/synthetic/syn_v2_2026091401_01286.jpg;train;type1b;hard;type1b/hard
images/synthetic/syn_v2_2026091401_01287.jpg;train;type1b;medium;type1b/medium
images/synthetic/syn_v2_2026091401_01288.jpg;test;type1a;medium;type1a/medium
images/synthetic/syn_v2_2026091401_01289.jpg;train;type1b;hard;type1b/hard
images/synthetic/syn_v2_2026091401_01290.jpg;train;type1;hard;type1/hard
images/synthetic/syn_v2_2026091401_01291.jpg;train;type1;medium;type1/medium
images/synthetic/syn_v2_2026091401_01292.jpg;train;type1;medium;type1/medium
images/synthetic/syn_v2_2026091401_01293.jpg;train;type1a;medium;type1a/medium
images/synthetic/syn_v2_2026091401_01294.jpg;train;type1a;easy;type1a/easy
images/synthetic/syn_v2_2026091401_01295.jpg;train;type1b;hard;type1b/hard
images/synthetic/syn_v2_2026091401_01296.jpg;train;type1a;medium;type1a/medium
images/synthetic/syn_v2_2026091401_01297.jpg;train;type1b;medium;type1b/medium
images/synthetic/syn_v2_2026091401_01298.jpg;train;type1a;medium;type1a/medium
images/synthetic/syn_v2_2026091401_01299.jpg;train;type1a;hard;type1a/hard
images/synthetic/syn_v2_2026091401_01300.jpg;train;type1a;hard;type1a/hard
images/synthetic/syn_v2_2026091401_01301.jpg;val;type1a;hard;type1a/hard
images/synthetic/syn_v2_2026091401_01302.jpg;train;type1b;medium;type1b/medium
images/synthetic/syn_v2_2026091401_01303.jpg;train;type1b;easy;type1b/easy
images/synthetic/syn_v2_2026091401_01304.jpg;train;type1;hard;type1/hard
images/synthetic/syn_v2_2026091401_01305.jpg;val;type1b;medium;type1b/medium
images/synthetic/syn_v2_2026091401_01306.jpg;train;type1a;easy;type1a/easy
images/synthetic/syn_v2_2026091401_01307.jpg;train;type1;easy;type1/easy
images/synthetic/syn_v2_2026091401_01308.jpg;train;type1;easy;type1/easy
images/synthetic/syn_v2_2026091401_01309.jpg;train;type1b;easy;type1b/easy
images/synthetic/syn_v2_2026091401_01310.jpg;train;type1a;easy;type1a/easy
images/synthetic/syn_v2_2026091401_01311.jpg;val;type1b;easy;type1b/easy
images/synthetic/syn_v2_2026091401_01312.jpg;test;type1a;hard;type1a/hard
images/synthetic/syn_v2_2026091401_01313.jpg;val;type1b;medium;type1b/medium
images/synthetic/syn_v2_2026091401_01314.jpg;train;type1b;medium;type1b/medium
images/synthetic/syn_v2_2026091401_01315.jpg;train;type1a;medium;type1a/medium
images/synthetic/syn_v2_2026091401_01316.jpg;train;type1b;easy;type1b/easy
images/synthetic/syn_v2_2026091401_01317.jpg;train;type1;easy;type1/easy
images/synthetic/syn_v2_2026091401_01318.jpg;val;type1;medium;type1/medium
images/synthetic/syn_v2_2026091401_01319.jpg;train;type1a;medium;type1a/medium
images/synthetic/syn_v2_2026091401_01320.jpg;train;type1a;medium;type1a/medium
images/synthetic/syn_v2_2026091401_01321.jpg;train;type1b;medium;type1b/medium
images/synthetic/syn_v2_2026091401_01322.jpg;val;type1b;hard;type1b/hard
images/synthetic/syn_v2_2026091401_01323.jpg;train;type1b;medium;type1b/medium
images/synthetic/syn_v2_2026091401_01324.jpg;train;type1;hard;type1/hard
images/synthetic/syn_v2_2026091401_01325.jpg;test;type1b;easy;type1b/easy
images/synthetic/syn_v2_2026091401_01326.jpg;test;type1b;medium;type1b/medium
images/synthetic/syn_v2_2026091401_01327.jpg;train;type1b;easy;type1b/easy
images/synthetic/syn_v2_2026091401_01328.jpg;val;type1b;easy;type1b/easy
images/synthetic/syn_v2_2026091401_01329.jpg;train;type1a;easy;type1a/easy
images/synthetic/syn_v2_2026091401_01330.jpg;train;type1a;medium;type1a/medium
images/synthetic/syn_v2_2026091401_01331.jpg;train;type1b;easy;type1b/easy
images/synthetic/syn_v2_2026091401_01332.jpg;train;type1b;easy;type1b/easy
images/synthetic/syn_v2_2026091401_01333.jpg;val;type1a;medium;type1a/medium
images/synthetic/syn_v2_2026091401_01334.jpg;train;type1b;medium;type1b/medium
images/synthetic/syn_v2_2026091401_01335.jpg;train;type1b;easy;type1b/easy
images/synthetic/syn_v2_2026091401_01336.jpg;train;type1b;medium;type1b/medium
images/synthetic/syn_v2_2026091401_01337.jpg;train;type1b;easy;type1b/easy
images/synthetic/syn_v2_2026091401_01338.jpg;train;type1b;easy;type1b/easy
images/synthetic/syn_v2_2026091401_01339.jpg;train;type1;easy;type1/easy
images/synthetic/syn_v2_2026091401_01340.jpg;train;type1b;easy;type1b/easy
images/synthetic/syn_v2_2026091401_01341.jpg;train;type1a;hard;type1a/hard
images/synthetic/syn_v2_2026091401_01342.jpg;train;type1b;medium;type1b/medium
images/synthetic/syn_v2_2026091401_01343.jpg;train;type1a;medium;type1a/medium
images/synthetic/syn_v2_2026091401_01344.jpg;train;type1a;easy;type1a/easy
images/synthetic/syn_v2_2026091401_01345.jpg;train;type1b;easy;type1b/easy
images/synthetic/syn_v2_2026091401_01346.jpg;train;type1b;medium;type1b/medium
images/synthetic/syn_v2_2026091401_01347.jpg;train;type1a;easy;type1a/easy
images/synthetic/syn_v2_2026091401_01348.jpg;train;type1a;easy;type1a/easy
images/synthetic/syn_v2_2026091401_01349.jpg;train;type1;easy;type1/easy
images/synthetic/syn_v2_2026091401_01350.jpg;train;type1b;medium;type1b/medium
images/synthetic/syn_v2_2026091401_01351.jpg;train;type1a;easy;type1a/easy
images/synthetic/syn_v2_2026091401_01352.jpg;train;type1b;hard;type1b/hard
images/synthetic/syn_v2_2026091401_01353.jpg;train;type1b;easy;type1b/easy
images/synthetic/syn_v2_2026091401_01354.jpg;val;type1b;easy;type1b/easy
images/synthetic/syn_v2_2026091401_01355.jpg;test;type1a;easy;type1a/easy
images/synthetic/syn_v2_2026091401_01356.jpg;train;type1;hard;type1/hard
images/synthetic/syn_v2_2026091401_01357.jpg;train;type1b;easy;type1b/easy
images/synthetic/syn_v2_2026091401_01358.jpg;train;type1a;hard;type1a/hard
images/synthetic/syn_v2_2026091401_01359.jpg;train;type1a;medium;type1a/medium
images/synthetic/syn_v2_2026091401_01360.jpg;train;type1;medium;type1/medium
images/synthetic/syn_v2_2026091401_01361.jpg;val;type1b;easy;type1b/easy
images/synthetic/syn_v2_2026091401_01362.jpg;train;type1;hard;type1/hard
images/synthetic/syn_v2_2026091401_01363.jpg;val;type1b;easy;type1b/easy
images/synthetic/syn_v2_2026091401_01364.jpg;test;type1b;medium;type1b/medium
images/synthetic/syn_v2_2026091401_01365.jpg;test;type1b;medium;type1b/medium
images/synthetic/syn_v2_2026091401_01366.jpg;train;type1;hard;type1/hard
images/synthetic/syn_v2_2026091401_01367.jpg;train;type1b;easy;type1b/easy
images/synthetic/syn_v2_2026091401_01368.jpg;train;type1b;easy;type1b/easy
images/synthetic/syn_v2_2026091401_01369.jpg;train;type1;medium;type1/medium
images/synthetic/syn_v2_2026091401_01370.jpg;train;type1b;hard;type1b/hard
images/synthetic/syn_v2_2026091401_01371.jpg;train;type1b;medium;type1b/medium
images/synthetic/syn_v2_2026091401_01372.jpg;val;type1b;medium;type1b/medium
images/synthetic/syn_v2_2026091401_01373.jpg;train;type1b;medium;type1b/medium
images/synthetic/syn_v2_2026091401_01374.jpg;train;type1b;hard;type1b/hard
images/synthetic/syn_v2_2026091401_01375.jpg;train;type1b;medium;type1b/medium
images/synthetic/syn_v2_2026091401_01376.jpg;train;type1a;easy;type1a/easy
images/synthetic/syn_v2_2026091401_01377.jpg;train;type1;medium;type1/medium
images/synthetic/syn_v2_2026091401_01378.jpg;train;type1;medium;type1/medium
images/synthetic/syn_v2_2026091401_01379.jpg;train;type1b;medium;type1b/medium
images/synthetic/syn_v2_2026091401_01380.jpg;train;type1;easy;type1/easy
images/synthetic/syn_v2_2026091401_01381.jpg;train;type1b;hard;type1b/hard
images/synthetic/syn_v2_2026091401_01382.jpg;train;type1b;medium;type1b/medium
images/synthetic/syn_v2_2026091401_01383.jpg;val;type1;easy;type1/easy
images/synthetic/syn_v2_2026091401_01384.jpg;train;type1;easy;type1/easy
images/synthetic/syn_v2_2026091401_01385.jpg;train;type1;hard;type1/hard
images/synthetic/syn_v2_2026091401_01386.jpg;train;type1b;easy;type1b/easy
images/synthetic/syn_v2_2026091401_01387.jpg;train;type1;hard;type1/hard
images/synthetic/syn_v2_2026091401_01388.jpg;train;type1b;easy;type1b/easy
images/synthetic/syn_v2_2026091401_01389.jpg;train;type1b;hard;type1b/hard
images/synthetic/syn_v2_2026091401_01390.jpg;train;type1b;hard;type1b/hard
images/synthetic/syn_v2_2026091401_01391.jpg;train;type1;easy;type1/easy
images/synthetic/syn_v2_2026091401_01392.jpg;val;type1a;hard;type1a/hard
images/synthetic/syn_v2_2026091401_01393.jpg;train;type1a;medium;type1a/medium
images/synthetic/syn_v2_2026091401_01394.jpg;train;type1b;medium;type1b/medium
images/synthetic/syn_v2_2026091401_01395.jpg;train;type1b;medium;type1b/medium
images/synthetic/syn_v2_2026091401_01396.jpg;train;type1b;hard;type1b/hard
images/synthetic/syn_v2_2026091401_01397.jpg;train;type1b;hard;type1b/hard
images/synthetic/syn_v2_2026091401_01398.jpg;train;type1;easy;type1/easy
images/synthetic/syn_v2_2026091401_01399.jpg;train;type1;medium;type1/medium
images/synthetic/syn_v2_2026091401_01400.jpg;train;type1a;easy;type1a/easy
images/synthetic/syn_v2_2026091401_01401.jpg;val;type1b;hard;type1b/hard
images/synthetic/syn_v2_2026091401_01402.jpg;train;type1a;easy;type1a/easy
images/synthetic/syn_v2_2026091401_01403.jpg;test;type1b;medium;type1b/medium
images/synthetic/syn_v2_2026091401_01404.jpg;train;type1b;easy;type1b/easy
images/synthetic/syn_v2_2026091401_01405.jpg;train;type1a;easy;type1a/easy
images/synthetic/syn_v2_2026091401_01406.jpg;test;type1a;medium;type1a/medium
images/synthetic/syn_v2_2026091401_01407.jpg;train;type1b;hard;type1b/hard
images/synthetic/syn_v2_2026091401_01408.jpg;test;type1a;easy;type1a/easy
images/synthetic/syn_v2_2026091401_01409.jpg;train;type1b;hard;type1b/hard
images/synthetic/syn_v2_2026091401_01410.jpg;train;type1;easy;type1/easy
images/synthetic/syn_v2_2026091401_01411.jpg;train;type1a;hard;type1a/hard
images/synthetic/syn_v2_2026091401_01412.jpg;train;type1b;easy;type1b/easy
images/synthetic/syn_v2_2026091401_01413.jpg;train;type1a;hard;type1a/hard
images/synthetic/syn_v2_2026091401_01414.jpg;train;type1b;hard;type1b/hard
images/synthetic/syn_v2_2026091401_01415.jpg;train;type1a;easy;type1a/easy
images/synthetic/syn_v2_2026091401_01416.jpg;train;type1b;medium;type1b/medium
images/synthetic/syn_v2_2026091401_01417.jpg;train;type1a;easy;type1a/easy
images/synthetic/syn_v2_2026091401_01418.jpg;train;type1b;easy;type1b/easy
images/synthetic/syn_v2_2026091401_01419.jpg;train;type1a;medium;type1a/medium
images/synthetic/syn_v2_2026091401_01420.jpg;train;type1;easy;type1/easy
images/synthetic/syn_v2_2026091401_01421.jpg;train;type1b;easy;type1b/easy
images/synthetic/syn_v2_2026091401_01422.jpg;train;type1a;medium;type1a/medium
images/synthetic/syn_v2_2026091401_01423.jpg;train;type1b;easy;type1b/easy
images/synthetic/syn_v2_2026091401_01424.jpg;train;type1a;medium;type1a/medium
images/synthetic/syn_v2_2026091401_01425.jpg;train;type1a;medium;type1a/medium
images/synthetic/syn_v2_2026091401_01426.jpg;train;type1b;easy;type1b/easy
images/synthetic/syn_v2_2026091401_01427.jpg;train;type1;hard;type1/hard
images/synthetic/syn_v2_2026091401_01428.jpg;train;type1b;medium;type1b/medium
images/synthetic/syn_v2_2026091401_01429.jpg;train;type1a;easy;type1a/easy
images/synthetic/syn_v2_2026091401_01430.jpg;train;type1b;medium;type1b/medium
images/synthetic/syn_v2_2026091401_01431.jpg;train;type1b;medium;type1b/medium
images/synthetic/syn_v2_2026091401_01432.jpg;train;type1a;easy;type1a/easy
images/synthetic/syn_v2_2026091401_01433.jpg;train;type1a;medium;type1a/medium
images/synthetic/syn_v2_2026091401_01434.jpg;train;type1b;medium;type1b/medium
images/synthetic/syn_v2_2026091401_01435.jpg;test;type1a;medium;type1a/medium
images/synthetic/syn_v2_2026091401_01436.jpg;train;type1b;medium;type1b/medium
images/synthetic/syn_v2_2026091401_01437.jpg;train;type1b;medium;type1b/medium
images/synthetic/syn_v2_2026091401_01438.jpg;train;type1;hard;type1/hard
images/synthetic/syn_v2_2026091401_01439.jpg;train;type1b;medium;type1b/medium
images/synthetic/syn_v2_2026091401_01440.jpg;val;type1b;hard;type1b/hard
images/synthetic/syn_v2_2026091401_01441.jpg;train;type1;easy;type1/easy
images/synthetic/syn_v2_2026091401_01442.jpg;train;type1;easy;type1/easy
images/synthetic/syn_v2_2026091401_01443.jpg;train;type1a;medium;type1a/medium
images/synthetic/syn_v2_2026091401_01444.jpg;train;type1b;easy;type1b/easy
images/synthetic/syn_v2_2026091401_01445.jpg;train;type1a;easy;type1a/easy
images/synthetic/syn_v2_2026091401_01446.jpg;train;type1b;medium;type1b/medium
images/synthetic/syn_v2_2026091401_01447.jpg;train;type1b;hard;type1b/hard
images/synthetic/syn_v2_2026091401_01448.jpg;train;type1b;easy;type1b/easy
images/synthetic/syn_v2_2026091401_01449.jpg;train;type1a;medium;type1a/medium
images/synthetic/syn_v2_2026091401_01450.jpg;train;type1a;medium;type1a/medium
images/synthetic/syn_v2_2026091401_01451.jpg;val;type1a;hard;type1a/hard
images/synthetic/syn_v2_2026091401_01452.jpg;train;type1a;hard;type1a/hard
images/synthetic/syn_v2_2026091401_01453.jpg;train;type1b;medium;type1b/medium
images/synthetic/syn_v2_2026091401_01454.jpg;train;type1a;medium;type1a/medium
images/synthetic/syn_v2_2026091401_01455.jpg;train;type1;medium;type1/medium
images/synthetic/syn_v2_2026091401_01456.jpg;train;type1a;hard;type1a/hard
images/synthetic/syn_v2_2026091401_01457.jpg;train;type1b;medium;type1b/medium
images/synthetic/syn_v2_2026091401_01458.jpg;train;type1a;easy;type1a/easy
images/synthetic/syn_v2_2026091401_01459.jpg;train;type1b;medium;type1b/medium
images/synthetic/syn_v2_2026091401_01460.jpg;train;type1b;medium;type1b/medium
images/synthetic/syn_v2_2026091401_01461.jpg;train;type1b;hard;type1b/hard
images/synthetic/syn_v2_2026091401_01462.jpg;train;type1a;easy;type1a/easy
images/synthetic/syn_v2_2026091401_01463.jpg;train;type1b;medium;type1b/medium
images/synthetic/syn_v2_2026091401_01464.jpg;train;type1b;medium;type1b/medium
images/synthetic/syn_v2_2026091401_01465.jpg;train;type1;medium;type1/medium
images/synthetic/syn_v2_2026091401_01466.jpg;train;type1a;easy;type1a/easy
images/synthetic/syn_v2_2026091401_01467.jpg;train;type1b;medium;type1b/medium
images/synthetic/syn_v2_2026091401_01468.jpg;train;type1b;easy;type1b/easy
images/synthetic/syn_v2_2026091401_01469.jpg;val;type1a;medium;type1a/medium
images/synthetic/syn_v2_2026091401_01470.jpg;train;type1b;medium;type1b/medium
images/synthetic/syn_v2_2026091401_01471.jpg;train;type1b;medium;type1b/medium
images/synthetic/syn_v2_2026091401_01472.jpg;train;type1a;hard;type1a/hard
images/synthetic/syn_v2_2026091401_01473.jpg;train;type1b;easy;type1b/easy
images/synthetic/syn_v2_2026091401_01474.jpg;train;type1a;medium;type1a/medium
images/synthetic/syn_v2_2026091401_01475.jpg;val;type1a;easy;type1a/easy
images/synthetic/syn_v2_2026091401_01476.jpg;train;type1;medium;type1/medium
images/synthetic/syn_v2_2026091401_01477.jpg;test;type1b;hard;type1b/hard
images/synthetic/syn_v2_2026091401_01478.jpg;train;type1a;medium;type1a/medium
images/synthetic/syn_v2_2026091401_01479.jpg;train;type1b;easy;type1b/easy
images/synthetic/syn_v2_2026091401_01480.jpg;train;type1a;medium;type1a/medium
images/synthetic/syn_v2_2026091401_01481.jpg;val;type1b;easy;type1b/easy
images/synthetic/syn_v2_2026091401_01482.jpg;val;type1;easy;type1/easy
images/synthetic/syn_v2_2026091401_01483.jpg;train;type1a;easy;type1a/easy
images/synthetic/syn_v2_2026091401_01484.jpg;train;type1b;easy;type1b/easy
images/synthetic/syn_v2_2026091401_01485.jpg;val;type1b;easy;type1b/easy
images/synthetic/syn_v2_2026091401_01486.jpg;train;type1b;medium;type1b/medium
images/synthetic/syn_v2_2026091401_01487.jpg;test;type1;hard;type1/hard
images/synthetic/syn_v2_2026091401_01488.jpg;train;type1a;easy;type1a/easy
images/synthetic/syn_v2_2026091401_01489.jpg;train;type1b;medium;type1b/medium
images/synthetic/syn_v2_2026091401_01490.jpg;train;type1b;easy;type1b/easy
images/synthetic/syn_v2_2026091401_01491.jpg;train;type1a;hard;type1a/hard
images/synthetic/syn_v2_2026091401_01492.jpg;train;type1a;medium;type1a/medium
images/synthetic/syn_v2_2026091401_01493.jpg;train;type1b;easy;type1b/easy
images/synthetic/syn_v2_2026091401_01494.jpg;train;type1a;easy;type1a/easy
images/synthetic/syn_v2_2026091401_01495.jpg;train;type1a;medium;type1a/medium
images/synthetic/syn_v2_2026091401_01496.jpg;train;type1;medium;type1/medium
images/synthetic/syn_v2_2026091401_01497.jpg;train;type1b;medium;type1b/medium
images/synthetic/syn_v2_2026091401_01498.jpg;train;type1b;hard;type1b/hard
images/synthetic/syn_v2_2026091401_01499.jpg;train;type1a;medium;type1a/medium
images/synthetic/syn_v2_2026091401_01500.jpg;train;type1a;easy;type1a/easy
images/synthetic/syn_v2_2026091401_01501.jpg;train;type1a;easy;type1a/easy
images/synthetic/syn_v2_2026091401_01502.jpg;train;type1b;easy;type1b/easy
images/synthetic/syn_v2_2026091401_01503.jpg;train;type1a;hard;type1a/hard
images/synthetic/syn_v2_2026091401_01504.jpg;val;type1;medium;type1/medium
images/synthetic/syn_v2_2026091401_01505.jpg;train;type1a;medium;type1a/medium
images/synthetic/syn_v2_2026091401_01506.jpg;train;type1b;easy;type1b/easy
images/synthetic/syn_v2_2026091401_01507.jpg;train;type1;hard;type1/hard
images/synthetic/syn_v2_2026091401_01508.jpg;train;type1b;easy;type1b/easy
images/synthetic/syn_v2_2026091401_01509.jpg;train;type1;easy;type1/easy
images/synthetic/syn_v2_2026091401_01510.jpg;test;type1b;easy;type1b/easy
images/synthetic/syn_v2_2026091401_01511.jpg;train;type1b;medium;type1b/medium
images/synthetic/syn_v2_2026091401_01512.jpg;train;type1b;easy;type1b/easy
images/synthetic/syn_v2_2026091401_01513.jpg;train;type1;medium;type1/medium
images/synthetic/syn_v2_2026091401_01514.jpg;train;type1b;medium;type1b/medium
images/synthetic/syn_v2_2026091401_01515.jpg;train;type1b;hard;type1b/hard
images/synthetic/syn_v2_2026091401_01516.jpg;train;type1;easy;type1/easy
images/synthetic/syn_v2_2026091401_01517.jpg;train;type1b;easy;type1b/easy
images/synthetic/syn_v2_2026091401_01518.jpg;train;type1a;hard;type1a/hard
images/synthetic/syn_v2_2026091401_01519.jpg;train;type1b;medium;type1b/medium
images/synthetic/syn_v2_2026091401_01520.jpg;train;type1;hard;type1/hard
images/synthetic/syn_v2_2026091401_01521.jpg;train;type1b;medium;type1b/medium
images/synthetic/syn_v2_2026091401_01522.jpg;test;type1b;easy;type1b/easy
images/synthetic/syn_v2_2026091401_01523.jpg;train;type1b;easy;type1b/easy
images/synthetic/syn_v2_2026091401_01524.jpg;train;type1;medium;type1/medium
images/synthetic/syn_v2_2026091401_01525.jpg;train;type1a;hard;type1a/hard
images/synthetic/syn_v2_2026091401_01526.jpg;train;type1a;easy;type1a/easy
images/synthetic/syn_v2_2026091401_01527.jpg;train;type1;medium;type1/medium
images/synthetic/syn_v2_2026091401_01528.jpg;train;type1a;medium;type1a/medium
images/synthetic/syn_v2_2026091401_01529.jpg;train;type1b;easy;type1b/easy
images/synthetic/syn_v2_2026091401_01530.jpg;train;type1b;easy;type1b/easy
images/synthetic/syn_v2_2026091401_01531.jpg;train;type1b;easy;type1b/easy
images/synthetic/syn_v2_2026091401_01532.jpg;test;type1;medium;type1/medium
images/synthetic/syn_v2_2026091401_01533.jpg;train;type1b;easy;type1b/easy
images/synthetic/syn_v2_2026091401_01534.jpg;train;type1;easy;type1/easy
images/synthetic/syn_v2_2026091401_01535.jpg;train;type1b;easy;type1b/easy
images/synthetic/syn_v2_2026091401_01536.jpg;train;type1a;easy;type1a/easy
images/synthetic/syn_v2_2026091401_01537.jpg;train;type1;medium;type1/medium
images/synthetic/syn_v2_2026091401_01538.jpg;train;type1b;easy;type1b/easy
images/synthetic/syn_v2_2026091401_01539.jpg;train;type1a;medium;type1a/medium
images/synthetic/syn_v2_2026091401_01540.jpg;val;type1a;medium;type1a/medium
images/synthetic/syn_v2_2026091401_01541.jpg;train;type1b;medium;type1b/medium
images/synthetic/syn_v2_2026091401_01542.jpg;train;type1;easy;type1/easy
images/synthetic/syn_v2_2026091401_01543.jpg;test;type1a;medium;type1a/medium
images/synthetic/syn_v2_2026091401_01544.jpg;train;type1a;easy;type1a/easy
images/synthetic/syn_v2_2026091401_01545.jpg;train;type1a;medium;type1a/medium
images/synthetic/syn_v2_2026091401_01546.jpg;train;type1a;medium;type1a/medium
images/synthetic/syn_v2_2026091401_01547.jpg;train;type1b;easy;type1b/easy
images/synthetic/syn_v2_2026091401_01548.jpg;train;type1b;hard;type1b/hard
images/synthetic/syn_v2_2026091401_01549.jpg;train;type1b;hard;type1b/hard
images/synthetic/syn_v2_2026091401_01550.jpg;train;type1a;medium;type1a/medium
images/synthetic/syn_v2_2026091401_01551.jpg;train;type1b;medium;type1b/medium
images/synthetic/syn_v2_2026091401_01552.jpg;train;type1a;easy;type1a/easy
images/synthetic/syn_v2_2026091401_01553.jpg;test;type1;easy;type1/easy
images/synthetic/syn_v2_2026091401_01554.jpg;train;type1b;easy;type1b/easy
images/synthetic/syn_v2_2026091401_01555.jpg;train;type1a;medium;type1a/medium
images/synthetic/syn_v2_2026091401_01556.jpg;val;type1a;hard;type1a/hard
images/synthetic/syn_v2_2026091401_01557.jpg;train;type1;medium;type1/medium
images/synthetic/syn_v2_2026091401_01558.jpg;train;type1b;medium;type1b/medium
images/synthetic/syn_v2_2026091401_01559.jpg;train;type1b;medium;type1b/medium
images/synthetic/syn_v2_2026091401_01560.jpg;train;type1a;easy;type1a/easy
images/synthetic/syn_v2_2026091401_01561.jpg;test;type1b;easy;type1b/easy
images/synthetic/syn_v2_2026091401_01562.jpg;train;type1b;easy;type1b/easy
images/synthetic/syn_v2_2026091401_01563.jpg;test;type1b;medium;type1b/medium
images/synthetic/syn_v2_2026091401_01564.jpg;train;type1b;hard;type1b/hard
images/synthetic/syn_v2_2026091401_01565.jpg;train;type1;medium;type1/medium
images/synthetic/syn_v2_2026091401_01566.jpg;test;type1b;medium;type1b/medium
images/synthetic/syn_v2_2026091401_01567.jpg;train;type1a;easy;type1a/easy
images/synthetic/syn_v2_2026091401_01568.jpg;train;type1b;easy;type1b/easy
images/synthetic/syn_v2_2026091401_01569.jpg;train;type1;medium;type1/medium
images/synthetic/syn_v2_2026091401_01570.jpg;train;type1a;medium;type1a/medium
images/synthetic/syn_v2_2026091401_01571.jpg;train;type1;medium;type1/medium
images/synthetic/syn_v2_2026091401_01572.jpg;val;type1a;medium;type1a/medium
images/synthetic/syn_v2_2026091401_01573.jpg;train;type1a;medium;type1a/medium
images/synthetic/syn_v2_2026091401_01574.jpg;train;type1;easy;type1/easy
images/synthetic/syn_v2_2026091401_01575.jpg;train;type1a;medium;type1a/medium
images/synthetic/syn_v2_2026091401_01576.jpg;val;type1b;medium;type1b/medium
images/synthetic/syn_v2_2026091401_01577.jpg;train;type1;hard;type1/hard
images/synthetic/syn_v2_2026091401_01578.jpg;train;type1b;medium;type1b/medium
images/synthetic/syn_v2_2026091401_01579.jpg;train;type1a;medium;type1a/medium
images/synthetic/syn_v2_2026091401_01580.jpg;train;type1;easy;type1/easy
images/synthetic/syn_v2_2026091401_01581.jpg;train;type1a;medium;type1a/medium
images/synthetic/syn_v2_2026091401_01582.jpg;train;type1a;easy;type1a/easy
images/synthetic/syn_v2_2026091401_01583.jpg;val;type1b;easy;type1b/easy
images/synthetic/syn_v2_2026091401_01584.jpg;train;type1b;easy;type1b/easy
images/synthetic/syn_v2_2026091401_01585.jpg;train;type1b;easy;type1b/easy
images/synthetic/syn_v2_2026091401_01586.jpg;train;type1a;medium;type1a/medium
images/synthetic/syn_v2_2026091401_01587.jpg;train;type1;hard;type1/hard
images/synthetic/syn_v2_2026091401_01588.jpg;train;type1b;hard;type1b/hard
images/synthetic/syn_v2_2026091401_01589.jpg;train;type1a;medium;type1a/medium
images/synthetic/syn_v2_2026091401_01590.jpg;train;type1b;easy;type1b/easy
images/synthetic/syn_v2_2026091401_01591.jpg;train;type1b;easy;type1b/easy
images/synthetic/syn_v2_2026091401_01592.jpg;train;type1b;easy;type1b/easy
images/synthetic/syn_v2_2026091401_01593.jpg;train;type1b;hard;type1b/hard
images/synthetic/syn_v2_2026091401_01594.jpg;test;type1b;medium;type1b/medium
images/synthetic/syn_v2_2026091401_01595.jpg;train;type1a;medium;type1a/medium
images/synthetic/syn_v2_2026091401_01596.jpg;train;type1a;easy;type1a/easy
images/synthetic/syn_v2_2026091401_01597.jpg;train;type1a;hard;type1a/hard
images/synthetic/syn_v2_2026091401_01598.jpg;train;type1b;medium;type1b/medium
images/synthetic/syn_v2_2026091401_01599.jpg;train;type1;hard;type1/hard
images/synthetic/syn_v2_2026091401_01600.jpg;train;type1b;easy;type1b/easy
images/synthetic/syn_v2_2026091401_01601.jpg;train;type1a;easy;type1a/easy
images/synthetic/syn_v2_2026091401_01602.jpg;train;type1b;medium;type1b/medium
images/synthetic/syn_v2_2026091401_01603.jpg;train;type1a;hard;type1a/hard
images/synthetic/syn_v2_2026091401_01604.jpg;train;type1;medium;type1/medium
images/synthetic/syn_v2_2026091401_01605.jpg;train;type1b;medium;type1b/medium
images/synthetic/syn_v2_2026091401_01606.jpg;train;type1;easy;type1/easy
images/synthetic/syn_v2_2026091401_01607.jpg;train;type1a;medium;type1a/medium
images/synthetic/syn_v2_2026091401_01608.jpg;train;type1;easy;type1/easy
images/synthetic/syn_v2_2026091401_01609.jpg;train;type1b;easy;type1b/easy
images/synthetic/syn_v2_2026091401_01610.jpg;train;type1a;easy;type1a/easy
images/synthetic/syn_v2_2026091401_01611.jpg;train;type1b;hard;type1b/hard
images/synthetic/syn_v2_2026091401_01612.jpg;train;type1b;medium;type1b/medium
images/synthetic/syn_v2_2026091401_01613.jpg;train;type1;medium;type1/medium
images/synthetic/syn_v2_2026091401_01614.jpg;train;type1a;medium;type1a/medium
images/synthetic/syn_v2_2026091401_01615.jpg;train;type1a;hard;type1a/hard
images/synthetic/syn_v2_2026091401_01616.jpg;val;type1a;hard;type1a/hard
images/synthetic/syn_v2_2026091401_01617.jpg;train;type1a;easy;type1a/easy
images/synthetic/syn_v2_2026091401_01618.jpg;train;type1b;medium;type1b/medium
images/synthetic/syn_v2_2026091401_01619.jpg;train;type1b;medium;type1b/medium
images/synthetic/syn_v2_2026091401_01620.jpg;train;type1a;medium;type1a/medium
images/synthetic/syn_v2_2026091401_01621.jpg;val;type1b;hard;type1b/hard
images/synthetic/syn_v2_2026091401_01622.jpg;train;type1b;medium;type1b/medium
images/synthetic/syn_v2_2026091401_01623.jpg;train;type1b;easy;type1b/easy
images/synthetic/syn_v2_2026091401_01624.jpg;val;type1b;medium;type1b/medium
images/synthetic/syn_v2_2026091401_01625.jpg;train;type1b;hard;type1b/hard
images/synthetic/syn_v2_2026091401_01626.jpg;train;type1a;easy;type1a/easy
images/synthetic/syn_v2_2026091401_01627.jpg;train;type1a;medium;type1a/medium
images/synthetic/syn_v2_2026091401_01628.jpg;test;type1b;hard;type1b/hard
images/synthetic/syn_v2_2026091401_01629.jpg;train;type1b;easy;type1b/easy
images/synthetic/syn_v2_2026091401_01630.jpg;train;type1a;medium;type1a/medium
images/synthetic/syn_v2_2026091401_01631.jpg;train;type1b;hard;type1b/hard
images/synthetic/syn_v2_2026091401_01632.jpg;train;type1a;medium;type1a/medium
images/synthetic/syn_v2_2026091401_01633.jpg;train;type1;easy;type1/easy
images/synthetic/syn_v2_2026091401_01634.jpg;train;type1b;easy;type1b/easy
images/synthetic/syn_v2_2026091401_01635.jpg;train;type1a;hard;type1a/hard
images/synthetic/syn_v2_2026091401_01636.jpg;train;type1a;hard;type1a/hard
images/synthetic/syn_v2_2026091401_01637.jpg;train;type1b;medium;type1b/medium
images/synthetic/syn_v2_2026091401_01638.jpg;train;type1b;hard;type1b/hard
images/synthetic/syn_v2_2026091401_01639.jpg;train;type1b;hard;type1b/hard
images/synthetic/syn_v2_2026091401_01640.jpg;train;type1a;medium;type1a/medium
images/synthetic/syn_v2_2026091401_01641.jpg;train;type1;medium;type1/medium
images/synthetic/syn_v2_2026091401_01642.jpg;train;type1b;easy;type1b/easy
images/synthetic/syn_v2_2026091401_01643.jpg;train;type1;medium;type1/medium
images/synthetic/syn_v2_2026091401_01644.jpg;train;type1a;hard;type1a/hard
images/synthetic/syn_v2_2026091401_01645.jpg;train;type1;easy;type1/easy
images/synthetic/syn_v2_2026091401_01646.jpg;train;type1a;hard;type1a/hard
images/synthetic/syn_v2_2026091401_01647.jpg;train;type1b;medium;type1b/medium
images/synthetic/syn_v2_2026091401_01648.jpg;val;type1b;hard;type1b/hard
images/synthetic/syn_v2_2026091401_01649.jpg;val;type1b;medium;type1b/medium
images/synthetic/syn_v2_2026091401_01650.jpg;train;type1b;easy;type1b/easy
images/synthetic/syn_v2_2026091401_01651.jpg;test;type1b;medium;type1b/medium
images/synthetic/syn_v2_2026091401_01652.jpg;train;type1b;medium;type1b/medium
images/synthetic/syn_v2_2026091401_01653.jpg;train;type1b;easy;type1b/easy
images/synthetic/syn_v2_2026091401_01654.jpg;train;type1a;medium;type1a/medium
images/synthetic/syn_v2_2026091401_01655.jpg;train;type1b;easy;type1b/easy
images/synthetic/syn_v2_2026091401_01656.jpg;train;type1b;easy;type1b/easy
images/synthetic/syn_v2_2026091401_01657.jpg;train;type1b;easy;type1b/easy
images/synthetic/syn_v2_2026091401_01658.jpg;train;type1b;easy;type1b/easy
images/synthetic/syn_v2_2026091401_01659.jpg;train;type1b;hard;type1b/hard
images/synthetic/syn_v2_2026091401_01660.jpg;train;type1b;hard;type1b/hard
images/synthetic/syn_v2_2026091401_01661.jpg;test;type1a;medium;type1a/medium
images/synthetic/syn_v2_2026091401_01662.jpg;train;type1;hard;type1/hard
images/synthetic/syn_v2_2026091401_01663.jpg;train;type1a;medium;type1a/medium
images/synthetic/syn_v2_2026091401_01664.jpg;train;type1a;medium;type1a/medium
images/synthetic/syn_v2_2026091401_01665.jpg;train;type1b;medium;type1b/medium
images/synthetic/syn_v2_2026091401_01666.jpg;train;type1b;hard;type1b/hard
images/synthetic/syn_v2_2026091401_01667.jpg;val;type1b;medium;type1b/medium
images/synthetic/syn_v2_2026091401_01668.jpg;train;type1b;hard;type1b/hard
images/synthetic/syn_v2_2026091401_01669.jpg;train;type1a;medium;type1a/medium
images/synthetic/syn_v2_2026091401_01670.jpg;train;type1a;easy;type1a/easy
images/synthetic/syn_v2_2026091401_01671.jpg;train;type1a;medium;type1a/medium
images/synthetic/syn_v2_2026091401_01672.jpg;val;type1;medium;type1/medium
images/synthetic/syn_v2_2026091401_01673.jpg;train;type1b;easy;type1b/easy
images/synthetic/syn_v2_2026091401_01674.jpg;train;type1a;medium;type1a/medium
images/synthetic/syn_v2_2026091401_01675.jpg;train;type1;medium;type1/medium
images/synthetic/syn_v2_2026091401_01676.jpg;train;type1b;medium;type1b/medium
images/synthetic/syn_v2_2026091401_01677.jpg;train;type1b;easy;type1b/easy
images/synthetic/syn_v2_2026091401_01678.jpg;val;type1b;easy;type1b/easy
images/synthetic/syn_v2_2026091401_01679.jpg;train;type1a;hard;type1a/hard
images/synthetic/syn_v2_2026091401_01680.jpg;train;type1;medium;type1/medium
images/synthetic/syn_v2_2026091401_01681.jpg;train;type1a;hard;type1a/hard
images/synthetic/syn_v2_2026091401_01682.jpg;train;type1;hard;type1/hard
images/synthetic/syn_v2_2026091401_01683.jpg;test;type1b;easy;type1b/easy
images/synthetic/syn_v2_2026091401_01684.jpg;train;type1b;medium;type1b/medium
images/synthetic/syn_v2_2026091401_01685.jpg;train;type1a;hard;type1a/hard
images/synthetic/syn_v2_2026091401_01686.jpg;test;type1a;hard;type1a/hard
images/synthetic/syn_v2_2026091401_01687.jpg;train;type1b;easy;type1b/easy
images/synthetic/syn_v2_2026091401_01688.jpg;train;type1a;medium;type1a/medium
images/synthetic/syn_v2_2026091401_01689.jpg;val;type1a;easy;type1a/easy
images/synthetic/syn_v2_2026091401_01690.jpg;val;type1;medium;type1/medium
images/synthetic/syn_v2_2026091401_01691.jpg;train;type1b;easy;type1b/easy
images/synthetic/syn_v2_2026091401_01692.jpg;train;type1;easy;type1/easy
images/synthetic/syn_v2_2026091401_01693.jpg;train;type1b;medium;type1b/medium
images/synthetic/syn_v2_2026091401_01694.jpg;train;type1a;easy;type1a/easy
images/synthetic/syn_v2_2026091401_01695.jpg;train;type1b;easy;type1b/easy
images/synthetic/syn_v2_2026091401_01696.jpg;train;type1;easy;type1/easy
images/synthetic/syn_v2_2026091401_01697.jpg;train;type1a;medium;type1a/medium
images/synthetic/syn_v2_2026091401_01698.jpg;train;type1a;easy;type1a/easy
images/synthetic/syn_v2_2026091401_01699.jpg;train;type1b;medium;type1b/medium
images/synthetic/syn_v2_2026091401_01700.jpg;train;type1a;easy;type1a/easy
images/synthetic/syn_v2_2026091401_01701.jpg;train;type1;easy;type1/easy
images/synthetic/syn_v2_2026091401_01702.jpg;train;type1a;easy;type1a/easy
images/synthetic/syn_v2_2026091401_01703.jpg;train;type1b;medium;type1b/medium
images/synthetic/syn_v2_2026091401_01704.jpg;train;type1b;hard;type1b/hard
images/synthetic/syn_v2_2026091401_01705.jpg;train;type1;hard;type1/hard
images/synthetic/syn_v2_2026091401_01706.jpg;train;type1a;hard;type1a/hard
images/synthetic/syn_v2_2026091401_01707.jpg;train;type1;easy;type1/easy
images/synthetic/syn_v2_2026091401_01708.jpg;train;type1b;hard;type1b/hard
images/synthetic/syn_v2_2026091401_01709.jpg;train;type1;easy;type1/easy
images/synthetic/syn_v2_2026091401_01710.jpg;train;type1b;medium;type1b/medium
images/synthetic/syn_v2_2026091401_01711.jpg;val;type1b;hard;type1b/hard
images/synthetic/syn_v2_2026091401_01712.jpg;train;type1b;medium;type1b/medium
images/synthetic/syn_v2_2026091401_01713.jpg;train;type1a;easy;type1a/easy
images/synthetic/syn_v2_2026091401_01714.jpg;val;type1a;easy;type1a/easy
images/synthetic/syn_v2_2026091401_01715.jpg;val;type1b;medium;type1b/medium
images/synthetic/syn_v2_2026091401_01716.jpg;test;type1a;easy;type1a/easy
images/synthetic/syn_v2_2026091401_01717.jpg;train;type1b;easy;type1b/easy
images/synthetic/syn_v2_2026091401_01718.jpg;train;type1a;hard;type1a/hard
images/synthetic/syn_v2_2026091401_01719.jpg;train;type1a;medium;type1a/medium
images/synthetic/syn_v2_2026091401_01720.jpg;train;type1b;easy;type1b/easy
images/synthetic/syn_v2_2026091401_01721.jpg;train;type1b;hard;type1b/hard
images/synthetic/syn_v2_2026091401_01722.jpg;val;type1;medium;type1/medium
images/synthetic/syn_v2_2026091401_01723.jpg;train;type1b;hard;type1b/hard
images/synthetic/syn_v2_2026091401_01724.jpg;train;type1b;hard;type1b/hard
images/synthetic/syn_v2_2026091401_01725.jpg;train;type1a;easy;type1a/easy
images/synthetic/syn_v2_2026091401_01726.jpg;train;type1a;easy;type1a/easy
images/synthetic/syn_v2_2026091401_01727.jpg;train;type1b;easy;type1b/easy
images/synthetic/syn_v2_2026091401_01728.jpg;train;type1b;hard;type1b/hard
images/synthetic/syn_v2_2026091401_01729.jpg;train;type1b;easy;type1b/easy
images/synthetic/syn_v2_2026091401_01730.jpg;train;type1;easy;type1/easy
images/synthetic/syn_v2_2026091401_01731.jpg;train;type1a;medium;type1a/medium
images/synthetic/syn_v2_2026091401_01732.jpg;train;type1b;medium;type1b/medium
images/synthetic/syn_v2_2026091401_01733.jpg;train;type1b;medium;type1b/medium
images/synthetic/syn_v2_2026091401_01734.jpg;train;type1b;hard;type1b/hard
images/synthetic/syn_v2_2026091401_01735.jpg;train;type1b;medium;type1b/medium
images/synthetic/syn_v2_2026091401_01736.jpg;train;type1a;hard;type1a/hard
images/synthetic/syn_v2_2026091401_01737.jpg;train;type1b;easy;type1b/easy
images/synthetic/syn_v2_2026091401_01738.jpg;val;type1a;easy;type1a/easy
images/synthetic/syn_v2_2026091401_01739.jpg;train;type1b;hard;type1b/hard
images/synthetic/syn_v2_2026091401_01740.jpg;train;type1;easy;type1/easy
images/synthetic/syn_v2_2026091401_01741.jpg;train;type1b;medium;type1b/medium
images/synthetic/syn_v2_2026091401_01742.jpg;train;type1b;hard;type1b/hard
images/synthetic/syn_v2_2026091401_01743.jpg;train;type1a;easy;type1a/easy
images/synthetic/syn_v2_2026091401_01744.jpg;train;type1b;medium;type1b/medium
images/synthetic/syn_v2_2026091401_01745.jpg;train;type1b;medium;type1b/medium
images/synthetic/syn_v2_2026091401_01746.jpg;train;type1a;medium;type1a/medium
images/synthetic/syn_v2_2026091401_01747.jpg;train;type1b;medium;type1b/medium
images/synthetic/syn_v2_2026091401_01748.jpg;train;type1b;medium;type1b/medium
images/synthetic/syn_v2_2026091401_01749.jpg;train;type1b;medium;type1b/medium
images/synthetic/syn_v2_2026091401_01750.jpg;train;type1b;medium;type1b/medium
images/synthetic/syn_v2_2026091401_01751.jpg;train;type1a;hard;type1a/hard
images/synthetic/syn_v2_2026091401_01752.jpg;test;type1b;hard;type1b/hard
images/synthetic/syn_v2_2026091401_01753.jpg;train;type1;easy;type1/easy
images/synthetic/syn_v2_2026091401_01754.jpg;train;type1b;medium;type1b/medium
images/synthetic/syn_v2_2026091401_01755.jpg;train;type1b;hard;type1b/hard
images/synthetic/syn_v2_2026091401_01756.jpg;train;type1;medium;type1/medium
images/synthetic/syn_v2_2026091401_01757.jpg;train;type1b;easy;type1b/easy
images/synthetic/syn_v2_2026091401_01758.jpg;val;type1b;hard;type1b/hard
images/synthetic/syn_v2_2026091401_01759.jpg;val;type1a;medium;type1a/medium
images/synthetic/syn_v2_2026091401_01760.jpg;train;type1b;medium;type1b/medium
images/synthetic/syn_v2_2026091401_01761.jpg;train;type1b;medium;type1b/medium
images/synthetic/syn_v2_2026091401_01762.jpg;test;type1;easy;type1/easy
images/synthetic/syn_v2_2026091401_01763.jpg;train;type1;medium;type1/medium
images/synthetic/syn_v2_2026091401_01764.jpg;test;type1b;hard;type1b/hard
images/synthetic/syn_v2_2026091401_01765.jpg;train;type1;medium;type1/medium
images/synthetic/syn_v2_2026091401_01766.jpg;train;type1a;hard;type1a/hard
images/synthetic/syn_v2_2026091401_01767.jpg;train;type1a;medium;type1a/medium
images/synthetic/syn_v2_2026091401_01768.jpg;train;type1;hard;type1/hard
images/synthetic/syn_v2_2026091401_01769.jpg;train;type1b;medium;type1b/medium
images/synthetic/syn_v2_2026091401_01770.jpg;train;type1;medium;type1/medium
images/synthetic/syn_v2_2026091401_01771.jpg;train;type1b;easy;type1b/easy
images/synthetic/syn_v2_2026091401_01772.jpg;train;type1b;hard;type1b/hard
images/synthetic/syn_v2_2026091401_01773.jpg;train;type1b;hard;type1b/hard
images/synthetic/syn_v2_2026091401_01774.jpg;train;type1a;medium;type1a/medium
images/synthetic/syn_v2_2026091401_01775.jpg;train;type1a;medium;type1a/medium
images/synthetic/syn_v2_2026091401_01776.jpg;train;type1;easy;type1/easy
images/synthetic/syn_v2_2026091401_01777.jpg;train;type1a;medium;type1a/medium
images/synthetic/syn_v2_2026091401_01778.jpg;train;type1b;medium;type1b/medium
images/synthetic/syn_v2_2026091401_01779.jpg;train;type1;easy;type1/easy
images/synthetic/syn_v2_2026091401_01780.jpg;test;type1a;easy;type1a/easy
images/synthetic/syn_v2_2026091401_01781.jpg;train;type1b;medium;type1b/medium
images/synthetic/syn_v2_2026091401_01782.jpg;train;type1b;medium;type1b/medium
images/synthetic/syn_v2_2026091401_01783.jpg;train;type1a;easy;type1a/easy
images/synthetic/syn_v2_2026091401_01784.jpg;train;type1a;medium;type1a/medium
images/synthetic/syn_v2_2026091401_01785.jpg;test;type1a;easy;type1a/easy
images/synthetic/syn_v2_2026091401_01786.jpg;train;type1b;medium;type1b/medium
images/synthetic/syn_v2_2026091401_01787.jpg;train;type1a;medium;type1a/medium
images/synthetic/syn_v2_2026091401_01788.jpg;train;type1a;medium;type1a/medium
images/synthetic/syn_v2_2026091401_01789.jpg;train;type1a;easy;type1a/easy
images/synthetic/syn_v2_2026091401_01790.jpg;train;type1a;hard;type1a/hard
images/synthetic/syn_v2_2026091401_01791.jpg;train;type1a;easy;type1a/easy
images/synthetic/syn_v2_2026091401_01792.jpg;train;type1b;medium;type1b/medium
images/synthetic/syn_v2_2026091401_01793.jpg;train;type1b;hard;type1b/hard
images/synthetic/syn_v2_2026091401_01794.jpg;train;type1;easy;type1/easy
images/synthetic/syn_v2_2026091401_01795.jpg;train;type1a;medium;type1a/medium
images/synthetic/syn_v2_2026091401_01796.jpg;val;type1a;medium;type1a/medium
images/synthetic/syn_v2_2026091401_01797.jpg;train;type1a;medium;type1a/medium
images/synthetic/syn_v2_2026091401_01798.jpg;train;type1b;easy;type1b/easy
images/synthetic/syn_v2_2026091401_01799.jpg;train;type1a;hard;type1a/hard
images/synthetic/syn_v2_2026091401_01800.jpg;train;type1b;hard;type1b/hard
images/synthetic/syn_v2_2026091401_01801.jpg;train;type1;hard;type1/hard
images/synthetic/syn_v2_2026091401_01802.jpg;train;type1a;easy;type1a/easy
images/synthetic/syn_v2_2026091401_01803.jpg;train;type1b;medium;type1b/medium
images/synthetic/syn_v2_2026091401_01804.jpg;train;type1b;easy;type1b/easy
images/synthetic/syn_v2_2026091401_01805.jpg;train;type1;medium;type1/medium
images/synthetic/syn_v2_2026091401_01806.jpg;val;type1b;easy;type1b/easy
images/synthetic/syn_v2_2026091401_01807.jpg;train;type1b;easy;type1b/easy
images/synthetic/syn_v2_2026091401_01808.jpg;train;type1b;medium;type1b/medium
images/synthetic/syn_v2_2026091401_01809.jpg;train;type1a;medium;type1a/medium
images/synthetic/syn_v2_2026091401_01810.jpg;train;type1b;hard;type1b/hard
images/synthetic/syn_v2_2026091401_01811.jpg;train;type1b;medium;type1b/medium
images/synthetic/syn_v2_2026091401_01812.jpg;train;type1b;medium;type1b/medium
images/synthetic/syn_v2_2026091401_01813.jpg;val;type1a;easy;type1a/easy
images/synthetic/syn_v2_2026091401_01814.jpg;val;type1a;easy;type1a/easy
images/synthetic/syn_v2_2026091401_01815.jpg;train;type1b;medium;type1b/medium
images/synthetic/syn_v2_2026091401_01816.jpg;val;type1b;hard;type1b/hard
images/synthetic/syn_v2_2026091401_01817.jpg;train;type1;medium;type1/medium
images/synthetic/syn_v2_2026091401_01818.jpg;train;type1b;medium;type1b/medium
images/synthetic/syn_v2_2026091401_01819.jpg;train;type1b;easy;type1b/easy
images/synthetic/syn_v2_2026091401_01820.jpg;train;type1a;easy;type1a/easy
images/synthetic/syn_v2_2026091401_01821.jpg;train;type1b;medium;type1b/medium
images/synthetic/syn_v2_2026091401_01822.jpg;train;type1b;medium;type1b/medium
images/synthetic/syn_v2_2026091401_01823.jpg;train;type1b;medium;type1b/medium
images/synthetic/syn_v2_2026091401_01824.jpg;train;type1;medium;type1/medium
images/synthetic/syn_v2_2026091401_01825.jpg;train;type1b;easy;type1b/easy
images/synthetic/syn_v2_2026091401_01826.jpg;train;type1b;easy;type1b/easy
images/synthetic/syn_v2_2026091401_01827.jpg;train;type1a;easy;type1a/easy
images/synthetic/syn_v2_2026091401_01828.jpg;train;type1b;medium;type1b/medium
images/synthetic/syn_v2_2026091401_01829.jpg;train;type1b;easy;type1b/easy
images/synthetic/syn_v2_2026091401_01830.jpg;train;type1a;medium;type1a/medium
images/synthetic/syn_v2_2026091401_01831.jpg;train;type1b;medium;type1b/medium
images/synthetic/syn_v2_2026091401_01832.jpg;train;type1a;easy;type1a/easy
images/synthetic/syn_v2_2026091401_01833.jpg;train;type1b;medium;type1b/medium
images/synthetic/syn_v2_2026091401_01834.jpg;train;type1b;medium;type1b/medium
images/synthetic/syn_v2_2026091401_01835.jpg;train;type1;easy;type1/easy
images/synthetic/syn_v2_2026091401_01836.jpg;train;type1b;hard;type1b/hard
images/synthetic/syn_v2_2026091401_01837.jpg;train;type1a;medium;type1a/medium
images/synthetic/syn_v2_2026091401_01838.jpg;train;type1b;easy;type1b/easy
images/synthetic/syn_v2_2026091401_01839.jpg;train;type1b;medium;type1b/medium
images/synthetic/syn_v2_2026091401_01840.jpg;train;type1a;easy;type1a/easy
images/synthetic/syn_v2_2026091401_01841.jpg;train;type1b;hard;type1b/hard
images/synthetic/syn_v2_2026091401_01842.jpg;train;type1b;easy;type1b/easy
images/synthetic/syn_v2_2026091401_01843.jpg;test;type1b;easy;type1b/easy
images/synthetic/syn_v2_2026091401_01844.jpg;train;type1;medium;type1/medium
images/synthetic/syn_v2_2026091401_01845.jpg;train;type1a;medium;type1a/medium
images/synthetic/syn_v2_2026091401_01846.jpg;train;type1b;easy;type1b/easy
images/synthetic/syn_v2_2026091401_01847.jpg;test;type1b;easy;type1b/easy
images/synthetic/syn_v2_2026091401_01848.jpg;train;type1a;easy;type1a/easy
images/synthetic/syn_v2_2026091401_01849.jpg;train;type1a;medium;type1a/medium
images/synthetic/syn_v2_2026091401_01850.jpg;train;type1;medium;type1/medium
images/synthetic/syn_v2_2026091401_01851.jpg;train;type1b;hard;type1b/hard
images/synthetic/syn_v2_2026091401_01852.jpg;train;type1;easy;type1/easy
images/synthetic/syn_v2_2026091401_01853.jpg;test;type1;hard;type1/hard
images/synthetic/syn_v2_2026091401_01854.jpg;train;type1a;easy;type1a/easy
images/synthetic/syn_v2_2026091401_01855.jpg;train;type1;medium;type1/medium
images/synthetic/syn_v2_2026091401_01856.jpg;train;type1a;easy;type1a/easy
images/synthetic/syn_v2_2026091401_01857.jpg;train;type1b;medium;type1b/medium
images/synthetic/syn_v2_2026091401_01858.jpg;train;type1a;easy;type1a/easy
images/synthetic/syn_v2_2026091401_01859.jpg;train;type1b;easy;type1b/easy
images/synthetic/syn_v2_2026091401_01860.jpg;train;type1b;hard;type1b/hard
images/synthetic/syn_v2_2026091401_01861.jpg;train;type1b;easy;type1b/easy
images/synthetic/syn_v2_2026091401_01862.jpg;train;type1a;hard;type1a/hard
images/synthetic/syn_v2_2026091401_01863.jpg;train;type1b;medium;type1b/medium
images/synthetic/syn_v2_2026091401_01864.jpg;train;type1b;medium;type1b/medium
images/synthetic/syn_v2_2026091401_01865.jpg;train;type1b;medium;type1b/medium
images/synthetic/syn_v2_2026091401_01866.jpg;train;type1b;hard;type1b/hard
images/synthetic/syn_v2_2026091401_01867.jpg;train;type1a;hard;type1a/hard
images/synthetic/syn_v2_2026091401_01868.jpg;train;type1a;easy;type1a/easy
images/synthetic/syn_v2_2026091401_01869.jpg;val;type1b;hard;type1b/hard
images/synthetic/syn_v2_2026091401_01870.jpg;val;type1a;medium;type1a/medium
images/synthetic/syn_v2_2026091401_01871.jpg;train;type1b;easy;type1b/easy
images/synthetic/syn_v2_2026091401_01872.jpg;train;type1;easy;type1/easy
images/synthetic/syn_v2_2026091401_01873.jpg;train;type1;easy;type1/easy
images/synthetic/syn_v2_2026091401_01874.jpg;val;type1a;easy;type1a/easy
images/synthetic/syn_v2_2026091401_01875.jpg;train;type1b;hard;type1b/hard
images/synthetic/syn_v2_2026091401_01876.jpg;train;type1b;easy;type1b/easy
images/synthetic/syn_v2_2026091401_01877.jpg;train;type1;easy;type1/easy
images/synthetic/syn_v2_2026091401_01878.jpg;val;type1a;medium;type1a/medium
images/synthetic/syn_v2_2026091401_01879.jpg;train;type1b;easy;type1b/easy
images/synthetic/syn_v2_2026091401_01880.jpg;train;type1;medium;type1/medium
images/synthetic/syn_v2_2026091401_01881.jpg;test;type1a;hard;type1a/hard
images/synthetic/syn_v2_2026091401_01882.jpg;val;type1a;easy;type1a/easy
images/synthetic/syn_v2_2026091401_01883.jpg;train;type1b;medium;type1b/medium
images/synthetic/syn_v2_2026091401_01884.jpg;train;type1;hard;type1/hard
images/synthetic/syn_v2_2026091401_01885.jpg;train;type1a;easy;type1a/easy
images/synthetic/syn_v2_2026091401_01886.jpg;test;type1a;easy;type1a/easy
images/synthetic/syn_v2_2026091401_01887.jpg;val;type1a;medium;type1a/medium
images/synthetic/syn_v2_2026091401_01888.jpg;train;type1;easy;type1/easy
images/synthetic/syn_v2_2026091401_01889.jpg;train;type1a;hard;type1a/hard
images/synthetic/syn_v2_2026091401_01890.jpg;train;type1a;easy;type1a/easy
images/synthetic/syn_v2_2026091401_01891.jpg;train;type1b;hard;type1b/hard
images/synthetic/syn_v2_2026091401_01892.jpg;train;type1a;medium;type1a/medium
images/synthetic/syn_v2_2026091401_01893.jpg;train;type1b;medium;type1b/medium
images/synthetic/syn_v2_2026091401_01894.jpg;train;type1a;medium;type1a/medium
images/synthetic/syn_v2_2026091401_01895.jpg;train;type1;easy;type1/easy
images/synthetic/syn_v2_2026091401_01896.jpg;train;type1;hard;type1/hard
images/synthetic/syn_v2_2026091401_01897.jpg;train;type1a;hard;type1a/hard
images/synthetic/syn_v2_2026091401_01898.jpg;train;type1b;medium;type1b/medium
images/synthetic/syn_v2_2026091401_01899.jpg;train;type1b;hard;type1b/hard
images/synthetic/syn_v2_2026091401_01900.jpg;train;type1b;easy;type1b/easy
images/synthetic/syn_v2_2026091401_01901.jpg;train;type1a;easy;type1a/easy
images/synthetic/syn_v2_2026091401_01902.jpg;train;type1;easy;type1/easy
images/synthetic/syn_v2_2026091401_01903.jpg;train;type1a;medium;type1a/medium
images/synthetic/syn_v2_2026091401_01904.jpg;train;type1b;medium;type1b/medium
images/synthetic/syn_v2_2026091401_01905.jpg;test;type1;medium;type1/medium
images/synthetic/syn_v2_2026091401_01906.jpg;train;type1;medium;type1/medium
images/synthetic/syn_v2_2026091401_01907.jpg;train;type1b;medium;type1b/medium
images/synthetic/syn_v2_2026091401_01908.jpg;train;type1;easy;type1/easy
images/synthetic/syn_v2_2026091401_01909.jpg;train;type1b;easy;type1b/easy
images/synthetic/syn_v2_2026091401_01910.jpg;train;type1;hard;type1/hard
images/synthetic/syn_v2_2026091401_01911.jpg;train;type1b;medium;type1b/medium
images/synthetic/syn_v2_2026091401_01912.jpg;train;type1b;easy;type1b/easy
images/synthetic/syn_v2_2026091401_01913.jpg;test;type1b;easy;type1b/easy
images/synthetic/syn_v2_2026091401_01914.jpg;train;type1b;easy;type1b/easy
images/synthetic/syn_v2_2026091401_01915.jpg;train;type1a;hard;type1a/hard
images/synthetic/syn_v2_2026091401_01916.jpg;train;type1b;medium;type1b/medium
images/synthetic/syn_v2_2026091401_01917.jpg;train;type1a;easy;type1a/easy
images/synthetic/syn_v2_2026091401_01918.jpg;train;type1b;hard;type1b/hard
images/synthetic/syn_v2_2026091401_01919.jpg;train;type1b;hard;type1b/hard
images/synthetic/syn_v2_2026091401_01920.jpg;train;type1b;easy;type1b/easy
images/synthetic/syn_v2_2026091401_01921.jpg;train;type1b;easy;type1b/easy
images/synthetic/syn_v2_2026091401_01922.jpg;train;type1b;easy;type1b/easy
images/synthetic/syn_v2_2026091401_01923.jpg;train;type1b;medium;type1b/medium
images/synthetic/syn_v2_2026091401_01924.jpg;train;type1b;medium;type1b/medium
images/synthetic/syn_v2_2026091401_01925.jpg;train;type1b;medium;type1b/medium
images/synthetic/syn_v2_2026091401_01926.jpg;train;type1a;medium;type1a/medium
images/synthetic/syn_v2_2026091401_01927.jpg;train;type1;medium;type1/medium
images/synthetic/syn_v2_2026091401_01928.jpg;train;type1a;medium;type1a/medium
images/synthetic/syn_v2_2026091401_01929.jpg;train;type1b;medium;type1b/medium
images/synthetic/syn_v2_2026091401_01930.jpg;train;type1b;medium;type1b/medium
images/synthetic/syn_v2_2026091401_01931.jpg;train;type1b;easy;type1b/easy
images/synthetic/syn_v2_2026091401_01932.jpg;train;type1a;hard;type1a/hard
images/synthetic/syn_v2_2026091401_01933.jpg;train;type1a;hard;type1a/hard
images/synthetic/syn_v2_2026091401_01934.jpg;train;type1b;easy;type1b/easy
images/synthetic/syn_v2_2026091401_01935.jpg;train;type1b;hard;type1b/hard
images/synthetic/syn_v2_2026091401_01936.jpg;test;type1;medium;type1/medium
images/synthetic/syn_v2_2026091401_01937.jpg;train;type1b;medium;type1b/medium
images/synthetic/syn_v2_2026091401_01938.jpg;train;type1b;easy;type1b/easy
images/synthetic/syn_v2_2026091401_01939.jpg;train;type1a;hard;type1a/hard
images/synthetic/syn_v2_2026091401_01940.jpg;val;type1;medium;type1/medium
images/synthetic/syn_v2_2026091401_01941.jpg;train;type1b;medium;type1b/medium
images/synthetic/syn_v2_2026091401_01942.jpg;train;type1;easy;type1/easy
images/synthetic/syn_v2_2026091401_01943.jpg;train;type1b;medium;type1b/medium
images/synthetic/syn_v2_2026091401_01944.jpg;train;type1b;hard;type1b/hard
images/synthetic/syn_v2_2026091401_01945.jpg;train;type1b;hard;type1b/hard
images/synthetic/syn_v2_2026091401_01946.jpg;train;type1;medium;type1/medium
images/synthetic/syn_v2_2026091401_01947.jpg;train;type1;medium;type1/medium
images/synthetic/syn_v2_2026091401_01948.jpg;train;type1a;medium;type1a/medium
images/synthetic/syn_v2_2026091401_01949.jpg;val;type1a;medium;type1a/medium
images/synthetic/syn_v2_2026091401_01950.jpg;train;type1b;medium;type1b/medium
images/synthetic/syn_v2_2026091401_01951.jpg;train;type1b;medium;type1b/medium
images/synthetic/syn_v2_2026091401_01952.jpg;train;type1b;medium;type1b/medium
images/synthetic/syn_v2_2026091401_01953.jpg;train;type1b;easy;type1b/easy
images/synthetic/syn_v2_2026091401_01954.jpg;train;type1a;hard;type1a/hard
images/synthetic/syn_v2_2026091401_01955.jpg;train;type1b;medium;type1b/medium
images/synthetic/syn_v2_2026091401_01956.jpg;train;type1a;easy;type1a/easy
images/synthetic/syn_v2_2026091401_01957.jpg;val;type1a;medium;type1a/medium
images/synthetic/syn_v2_2026091401_01958.jpg;train;type1b;medium;type1b/medium
images/synthetic/syn_v2_2026091401_01959.jpg;val;type1;hard;type1/hard
images/synthetic/syn_v2_2026091401_01960.jpg;train;type1a;medium;type1a/medium
images/synthetic/syn_v2_2026091401_01961.jpg;train;type1a;easy;type1a/easy
images/synthetic/syn_v2_2026091401_01962.jpg;train;type1b;hard;type1b/hard
images/synthetic/syn_v2_2026091401_01963.jpg;train;type1b;hard;type1b/hard
images/synthetic/syn_v2_2026091401_01964.jpg;train;type1a;hard;type1a/hard
images/synthetic/syn_v2_2026091401_01965.jpg;train;type1b;easy;type1b/easy
images/synthetic/syn_v2_2026091401_01966.jpg;train;type1b;easy;type1b/easy
images/synthetic/syn_v2_2026091401_01967.jpg;train;type1;easy;type1/easy
images/synthetic/syn_v2_2026091401_01968.jpg;train;type1b;medium;type1b/medium
images/synthetic/syn_v2_2026091401_01969.jpg;train;type1a;medium;type1a/medium
images/synthetic/syn_v2_2026091401_01970.jpg;val;type1;hard;type1/hard
images/synthetic/syn_v2_2026091401_01971.jpg;train;type1;medium;type1/medium
images/synthetic/syn_v2_2026091401_01972.jpg;train;type1a;medium;type1a/medium
images/synthetic/syn_v2_2026091401_01973.jpg;train;type1b;easy;type1b/easy
images/synthetic/syn_v2_2026091401_01974.jpg;val;type1a;medium;type1a/medium
images/synthetic/syn_v2_2026091401_01975.jpg;val;type1a;hard;type1a/hard
images/synthetic/syn_v2_2026091401_01976.jpg;train;type1a;hard;type1a/hard
images/synthetic/syn_v2_2026091401_01977.jpg;train;type1a;easy;type1a/easy
images/synthetic/syn_v2_2026091401_01978.jpg;train;type1b;easy;type1b/easy
images/synthetic/syn_v2_2026091401_01979.jpg;train;type1b;hard;type1b/hard
images/synthetic/syn_v2_2026091401_01980.jpg;train;type1b;hard;type1b/hard
images/synthetic/syn_v2_2026091401_01981.jpg;train;type1;medium;type1/medium
images/synthetic/syn_v2_2026091401_01982.jpg;train;type1b;easy;type1b/easy
images/synthetic/syn_v2_2026091401_01983.jpg;train;type1b;easy;type1b/easy
images/synthetic/syn_v2_2026091401_01984.jpg;train;type1a;medium;type1a/medium
images/synthetic/syn_v2_2026091401_01985.jpg;train;type1a;medium;type1a/medium
images/synthetic/syn_v2_2026091401_01986.jpg;train;type1a;easy;type1a/easy
images/synthetic/syn_v2_2026091401_01987.jpg;val;type1b;easy;type1b/easy
images/synthetic/syn_v2_2026091401_01988.jpg;train;type1b;medium;type1b/medium
images/synthetic/syn_v2_2026091401_01989.jpg;val;type1a;easy;type1a/easy
images/synthetic/syn_v2_2026091401_01990.jpg;train;type1;hard;type1/hard
images/synthetic/syn_v2_2026091401_01991.jpg;train;type1b;medium;type1b/medium
images/synthetic/syn_v2_2026091401_01992.jpg;train;type1;medium;type1/medium
images/synthetic/syn_v2_2026091401_01993.jpg;train;type1b;medium;type1b/medium
images/synthetic/syn_v2_2026091401_01994.jpg;test;type1;easy;type1/easy
images/synthetic/syn_v2_2026091401_01995.jpg;train;type1b;easy;type1b/easy
images/synthetic/syn_v2_2026091401_01996.jpg;train;type1a;easy;type1a/easy
images/synthetic/syn_v2_2026091401_01997.jpg;train;type1;medium;type1/medium
images/synthetic/syn_v2_2026091401_01998.jpg;train;type1b;hard;type1b/hard
images/synthetic/syn_v2_2026091401_01999.jpg;train;type1;easy;type1/easy
images/synthetic/syn_v2_2026091401_02000.jpg;train;type1a;medium;type1a/medium
images/synthetic/syn_v2_2026091401_02001.jpg;train;type1b;easy;type1b/easy
images/synthetic/syn_v2_2026091401_02002.jpg;train;type1;medium;type1/medium
images/synthetic/syn_v2_2026091401_02003.jpg;train;type1b;easy;type1b/easy
images/synthetic/syn_v2_2026091401_02004.jpg;train;type1b;easy;type1b/easy
images/synthetic/syn_v2_2026091401_02005.jpg;train;type1a;easy;type1a/easy
images/synthetic/syn_v2_2026091401_02006.jpg;train;type1b;easy;type1b/easy
images/synthetic/syn_v2_2026091401_02007.jpg;train;type1a;medium;type1a/medium
images/synthetic/syn_v2_2026091401_02008.jpg;train;type1b;hard;type1b/hard
images/synthetic/syn_v2_2026091401_02009.jpg;train;type1a;medium;type1a/medium
images/synthetic/syn_v2_2026091401_02010.jpg;train;type1a;easy;type1a/easy
images/synthetic/syn_v2_2026091401_02011.jpg;train;type1a;easy;type1a/easy
images/synthetic/syn_v2_2026091401_02012.jpg;train;type1a;medium;type1a/medium
images/synthetic/syn_v2_2026091401_02013.jpg;train;type1a;hard;type1a/hard
images/synthetic/syn_v2_2026091401_02014.jpg;train;type1b;medium;type1b/medium
images/synthetic/syn_v2_2026091401_02015.jpg;test;type1a;easy;type1a/easy
images/synthetic/syn_v2_2026091401_02016.jpg;train;type1;medium;type1/medium
images/synthetic/syn_v2_2026091401_02017.jpg;train;type1a;easy;type1a/easy
images/synthetic/syn_v2_2026091401_02018.jpg;val;type1b;hard;type1b/hard
images/synthetic/syn_v2_2026091401_02019.jpg;train;type1b;easy;type1b/easy
images/synthetic/syn_v2_2026091401_02020.jpg;train;type1;medium;type1/medium
images/synthetic/syn_v2_2026091401_02021.jpg;train;type1b;easy;type1b/easy
images/synthetic/syn_v2_2026091401_02022.jpg;train;type1;easy;type1/easy
images/synthetic/syn_v2_2026091401_02023.jpg;train;type1;medium;type1/medium
images/synthetic/syn_v2_2026091401_02024.jpg;train;type1;medium;type1/medium
images/synthetic/syn_v2_2026091401_02025.jpg;train;type1;medium;type1/medium
images/synthetic/syn_v2_2026091401_02026.jpg;test;type1;easy;type1/easy
images/synthetic/syn_v2_2026091401_02027.jpg;train;type1a;hard;type1a/hard
images/synthetic/syn_v2_2026091401_02028.jpg;train;type1b;medium;type1b/medium
images/synthetic/syn_v2_2026091401_02029.jpg;train;type1;medium;type1/medium
images/synthetic/syn_v2_2026091401_02030.jpg;val;type1a;medium;type1a/medium
images/synthetic/syn_v2_2026091401_02031.jpg;train;type1b;easy;type1b/easy
images/synthetic/syn_v2_2026091401_02032.jpg;train;type1b;medium;type1b/medium
images/synthetic/syn_v2_2026091401_02033.jpg;val;type1b;medium;type1b/medium
images/synthetic/syn_v2_2026091401_02034.jpg;train;type1b;medium;type1b/medium
images/synthetic/syn_v2_2026091401_02035.jpg;train;type1b;hard;type1b/hard
images/synthetic/syn_v2_2026091401_02036.jpg;val;type1b;medium;type1b/medium
images/synthetic/syn_v2_2026091401_02037.jpg;train;type1b;easy;type1b/easy
images/synthetic/syn_v2_2026091401_02038.jpg;train;type1b;hard;type1b/hard
images/synthetic/syn_v2_2026091401_02039.jpg;train;type1b;medium;type1b/medium
images/synthetic/syn_v2_2026091401_02040.jpg;val;type1;easy;type1/easy
images/synthetic/syn_v2_2026091401_02041.jpg;train;type1b;medium;type1b/medium
images/synthetic/syn_v2_2026091401_02042.jpg;train;type1a;hard;type1a/hard
images/synthetic/syn_v2_2026091401_02043.jpg;train;type1;easy;type1/easy
images/synthetic/syn_v2_2026091401_02044.jpg;train;type1;medium;type1/medium
images/synthetic/syn_v2_2026091401_02045.jpg;train;type1a;easy;type1a/easy
images/synthetic/syn_v2_2026091401_02046.jpg;train;type1a;medium;type1a/medium
images/synthetic/syn_v2_2026091401_02047.jpg;train;type1b;easy;type1b/easy
images/synthetic/syn_v2_2026091401_02048.jpg;train;type1b;easy;type1b/easy
images/synthetic/syn_v2_2026091401_02049.jpg;train;type1a;medium;type1a/medium
images/synthetic/syn_v2_2026091401_02050.jpg;train;type1a;hard;type1a/hard
images/synthetic/syn_v2_2026091401_02051.jpg;train;type1;hard;type1/hard
images/synthetic/syn_v2_2026091401_02052.jpg;train;type1b;easy;type1b/easy
images/synthetic/syn_v2_2026091401_02053.jpg;train;type1a;easy;type1a/easy
images/synthetic/syn_v2_2026091401_02054.jpg;train;type1;easy;type1/easy
images/synthetic/syn_v2_2026091401_02055.jpg;train;type1a;easy;type1a/easy
images/synthetic/syn_v2_2026091401_02056.jpg;train;type1b;medium;type1b/medium
images/synthetic/syn_v2_2026091401_02057.jpg;train;type1a;medium;type1a/medium
images/synthetic/syn_v2_2026091401_02058.jpg;train;type1a;medium;type1a/medium
images/synthetic/syn_v2_2026091401_02059.jpg;train;type1b;medium;type1b/medium
images/synthetic/syn_v2_2026091401_02060.jpg;train;type1a;easy;type1a/easy
images/synthetic/syn_v2_2026091401_02061.jpg;train;type1;easy;type1/easy
images/synthetic/syn_v2_2026091401_02062.jpg;train;type1a;medium;type1a/medium
images/synthetic/syn_v2_2026091401_02063.jpg;train;type1a;medium;type1a/medium
images/synthetic/syn_v2_2026091401_02064.jpg;train;type1a;medium;type1a/medium
images/synthetic/syn_v2_2026091401_02065.jpg;train;type1;easy;type1/easy
images/synthetic/syn_v2_2026091401_02066.jpg;train;type1a;medium;type1a/medium
images/synthetic/syn_v2_2026091401_02067.jpg;train;type1a;medium;type1a/medium
images/synthetic/syn_v2_2026091401_02068.jpg;train;type1a;medium;type1a/medium
images/synthetic/syn_v2_2026091401_02069.jpg;train;type1b;easy;type1b/easy
images/synthetic/syn_v2_2026091401_02070.jpg;train;type1;medium;type1/medium
images/synthetic/syn_v2_2026091401_02071.jpg;train;type1b;easy;type1b/easy
images/synthetic/syn_v2_2026091401_02072.jpg;test;type1;easy;type1/easy
images/synthetic/syn_v2_2026091401_02073.jpg;train;type1a;medium;type1a/medium
images/synthetic/syn_v2_2026091401_02074.jpg;train;type1b;easy;type1b/easy
images/synthetic/syn_v2_2026091401_02075.jpg;train;type1b;hard;type1b/hard
images/synthetic/syn_v2_2026091401_02076.jpg;train;type1a;easy;type1a/easy
images/synthetic/syn_v2_2026091401_02077.jpg;train;type1b;easy;type1b/easy
images/synthetic/syn_v2_2026091401_02078.jpg;train;type1b;easy;type1b/easy
images/synthetic/syn_v2_2026091401_02079.jpg;val;type1a;medium;type1a/medium
images/synthetic/syn_v2_2026091401_02080.jpg;val;type1b;easy;type1b/easy
images/synthetic/syn_v2_2026091401_02081.jpg;train;type1b;hard;type1b/hard
images/synthetic/syn_v2_2026091401_02082.jpg;train;type1a;hard;type1a/hard
images/synthetic/syn_v2_2026091401_02083.jpg;train;type1a;hard;type1a/hard
images/synthetic/syn_v2_2026091401_02084.jpg;train;type1b;easy;type1b/easy
images/synthetic/syn_v2_2026091401_02085.jpg;train;type1a;medium;type1a/medium
images/synthetic/syn_v2_2026091401_02086.jpg;train;type1b;medium;type1b/medium
images/synthetic/syn_v2_2026091401_02087.jpg;train;type1b;hard;type1b/hard
images/synthetic/syn_v2_2026091401_02088.jpg;train;type1a;medium;type1a/medium
images/synthetic/syn_v2_2026091401_02089.jpg;train;type1;easy;type1/easy
images/synthetic/syn_v2_2026091401_02090.jpg;train;type1b;hard;type1b/hard
images/synthetic/syn_v2_2026091401_02091.jpg;val;type1;easy;type1/easy
images/synthetic/syn_v2_2026091401_02092.jpg;train;type1b;medium;type1b/medium
images/synthetic/syn_v2_2026091401_02093.jpg;train;type1b;easy;type1b/easy
images/synthetic/syn_v2_2026091401_02094.jpg;train;type1a;medium;type1a/medium
images/synthetic/syn_v2_2026091401_02095.jpg;train;type1;easy;type1/easy
images/synthetic/syn_v2_2026091401_02096.jpg;train;type1b;medium;type1b/medium
images/synthetic/syn_v2_2026091401_02097.jpg;train;type1b;easy;type1b/easy
images/synthetic/syn_v2_2026091401_02098.jpg;train;type1b;easy;type1b/easy
images/synthetic/syn_v2_2026091401_02099.jpg;val;type1b;easy;type1b/easy
images/synthetic/syn_v2_2026091401_02100.jpg;train;type1a;easy;type1a/easy
images/synthetic/syn_v2_2026091401_02101.jpg;train;type1b;medium;type1b/medium
images/synthetic/syn_v2_2026091401_02102.jpg;train;type1a;medium;type1a/medium
images/synthetic/syn_v2_2026091401_02103.jpg;train;type1b;easy;type1b/easy
images/synthetic/syn_v2_2026091401_02104.jpg;train;type1a;easy;type1a/easy
images/synthetic/syn_v2_2026091401_02105.jpg;train;type1;hard;type1/hard
images/synthetic/syn_v2_2026091401_02106.jpg;train;type1b;easy;type1b/easy
images/synthetic/syn_v2_2026091401_02107.jpg;train;type1b;hard;type1b/hard
images/synthetic/syn_v2_2026091401_02108.jpg;train;type1a;medium;type1a/medium
images/synthetic/syn_v2_2026091401_02109.jpg;train;type1b;easy;type1b/easy
images/synthetic/syn_v2_2026091401_02110.jpg;train;type1a;easy;type1a/easy
images/synthetic/syn_v2_2026091401_02111.jpg;train;type1;medium;type1/medium
images/synthetic/syn_v2_2026091401_02112.jpg;train;type1b;medium;type1b/medium
images/synthetic/syn_v2_2026091401_02113.jpg;train;type1a;medium;type1a/medium
images/synthetic/syn_v2_2026091401_02114.jpg;train;type1b;medium;type1b/medium
images/synthetic/syn_v2_2026091401_02115.jpg;train;type1a;easy;type1a/easy
images/synthetic/syn_v2_2026091401_02116.jpg;train;type1b;medium;type1b/medium
images/synthetic/syn_v2_2026091401_02117.jpg;test;type1a;hard;type1a/hard
images/synthetic/syn_v2_2026091401_02118.jpg;val;type1a;medium;type1a/medium
images/synthetic/syn_v2_2026091401_02119.jpg;train;type1b;medium;type1b/medium
images/synthetic/syn_v2_2026091401_02120.jpg;train;type1b;medium;type1b/medium
images/synthetic/syn_v2_2026091401_02121.jpg;train;type1a;medium;type1a/medium
images/synthetic/syn_v2_2026091401_02122.jpg;train;type1a;medium;type1a/medium
images/synthetic/syn_v2_2026091401_02123.jpg;train;type1b;medium;type1b/medium
images/synthetic/syn_v2_2026091401_02124.jpg;train;type1a;medium;type1a/medium
images/synthetic/syn_v2_2026091401_02125.jpg;train;type1;easy;type1/easy
images/synthetic/syn_v2_2026091401_02126.jpg;train;type1a;medium;type1a/medium
images/synthetic/syn_v2_2026091401_02127.jpg;train;type1b;medium;type1b/medium
images/synthetic/syn_v2_2026091401_02128.jpg;train;type1a;hard;type1a/hard
images/synthetic/syn_v2_2026091401_02129.jpg;train;type1a;easy;type1a/easy
images/synthetic/syn_v2_2026091401_02130.jpg;val;type1b;medium;type1b/medium
images/synthetic/syn_v2_2026091401_02131.jpg;train;type1;medium;type1/medium
images/synthetic/syn_v2_2026091401_02132.jpg;train;type1b;hard;type1b/hard
images/synthetic/syn_v2_2026091401_02133.jpg;train;type1a;medium;type1a/medium
images/synthetic/syn_v2_2026091401_02134.jpg;val;type1b;hard;type1b/hard
images/synthetic/syn_v2_2026091401_02135.jpg;val;type1b;medium;type1b/medium
images/synthetic/syn_v2_2026091401_02136.jpg;train;type1;easy;type1/easy
images/synthetic/syn_v2_2026091401_02137.jpg;train;type1;medium;type1/medium
images/synthetic/syn_v2_2026091401_02138.jpg;train;type1b;medium;type1b/medium
images/synthetic/syn_v2_2026091401_02139.jpg;train;type1b;medium;type1b/medium
images/synthetic/syn_v2_2026091401_02140.jpg;train;type1;easy;type1/easy
images/synthetic/syn_v2_2026091401_02141.jpg;test;type1;easy;type1/easy
images/synthetic/syn_v2_2026091401_02142.jpg;train;type1a;medium;type1a/medium
images/synthetic/syn_v2_2026091401_02143.jpg;train;type1b;medium;type1b/medium
images/synthetic/syn_v2_2026091401_02144.jpg;test;type1b;easy;type1b/easy
images/synthetic/syn_v2_2026091401_02145.jpg;train;type1;easy;type1/easy
images/synthetic/syn_v2_2026091401_02146.jpg;train;type1a;medium;type1a/medium
images/synthetic/syn_v2_2026091401_02147.jpg;train;type1b;medium;type1b/medium
images/synthetic/syn_v2_2026091401_02148.jpg;val;type1;easy;type1/easy
images/synthetic/syn_v2_2026091401_02149.jpg;train;type1b;easy;type1b/easy
images/synthetic/syn_v2_2026091401_02150.jpg;train;type1b;hard;type1b/hard
images/synthetic/syn_v2_2026091401_02151.jpg;train;type1b;medium;type1b/medium
images/synthetic/syn_v2_2026091401_02152.jpg;train;type1b;medium;type1b/medium
images/synthetic/syn_v2_2026091401_02153.jpg;train;type1a;medium;type1a/medium
images/synthetic/syn_v2_2026091401_02154.jpg;train;type1;medium;type1/medium
images/synthetic/syn_v2_2026091401_02155.jpg;train;type1b;hard;type1b/hard
images/synthetic/syn_v2_2026091401_02156.jpg;train;type1a;easy;type1a/easy
images/synthetic/syn_v2_2026091401_02157.jpg;train;type1b;hard;type1b/hard
images/synthetic/syn_v2_2026091401_02158.jpg;train;type1b;easy;type1b/easy
images/synthetic/syn_v2_2026091401_02159.jpg;train;type1b;hard;type1b/hard
images/synthetic/syn_v2_2026091401_02160.jpg;train;type1;hard;type1/hard
images/synthetic/syn_v2_2026091401_02161.jpg;train;type1;medium;type1/medium
images/synthetic/syn_v2_2026091401_02162.jpg;train;type1b;easy;type1b/easy
images/synthetic/syn_v2_2026091401_02163.jpg;train;type1;easy;type1/easy
images/synthetic/syn_v2_2026091401_02164.jpg;train;type1a;easy;type1a/easy
images/synthetic/syn_v2_2026091401_02165.jpg;train;type1b;easy;type1b/easy
images/synthetic/syn_v2_2026091401_02166.jpg;train;type1a;medium;type1a/medium
images/synthetic/syn_v2_2026091401_02167.jpg;train;type1;medium;type1/medium
images/synthetic/syn_v2_2026091401_02168.jpg;train;type1a;medium;type1a/medium
images/synthetic/syn_v2_2026091401_02169.jpg;val;type1b;medium;type1b/medium
images/synthetic/syn_v2_2026091401_02170.jpg;train;type1a;medium;type1a/medium
images/synthetic/syn_v2_2026091401_02171.jpg;train;type1;easy;type1/easy
images/synthetic/syn_v2_2026091401_02172.jpg;train;type1b;hard;type1b/hard
images/synthetic/syn_v2_2026091401_02173.jpg;train;type1b;medium;type1b/medium
images/synthetic/syn_v2_2026091401_02174.jpg;train;type1a;easy;type1a/easy
images/synthetic/syn_v2_2026091401_02175.jpg;val;type1b;easy;type1b/easy
images/synthetic/syn_v2_2026091401_02176.jpg;train;type1b;medium;type1b/medium
images/synthetic/syn_v2_2026091401_02177.jpg;train;type1b;medium;type1b/medium
images/synthetic/syn_v2_2026091401_02178.jpg;train;type1;easy;type1/easy
images/synthetic/syn_v2_2026091401_02179.jpg;train;type1a;medium;type1a/medium
images/synthetic/syn_v2_2026091401_02180.jpg;train;type1a;easy;type1a/easy
images/synthetic/syn_v2_2026091401_02181.jpg;train;type1a;medium;type1a/medium
images/synthetic/syn_v2_2026091401_02182.jpg;train;type1;easy;type1/easy
images/synthetic/syn_v2_2026091401_02183.jpg;train;type1b;easy;type1b/easy
images/synthetic/syn_v2_2026091401_02184.jpg;train;type1b;medium;type1b/medium
images/synthetic/syn_v2_2026091401_02185.jpg;train;type1b;easy;type1b/easy
images/synthetic/syn_v2_2026091401_02186.jpg;train;type1;medium;type1/medium
images/synthetic/syn_v2_2026091401_02187.jpg;train;type1b;easy;type1b/easy
images/synthetic/syn_v2_2026091401_02188.jpg;val;type1a;medium;type1a/medium
images/synthetic/syn_v2_2026091401_02189.jpg;val;type1a;hard;type1a/hard
images/synthetic/syn_v2_2026091401_02190.jpg;train;type1a;medium;type1a/medium
images/synthetic/syn_v2_2026091401_02191.jpg;train;type1b;medium;type1b/medium
images/synthetic/syn_v2_2026091401_02192.jpg;train;type1b;easy;type1b/easy
images/synthetic/syn_v2_2026091401_02193.jpg;train;type1a;medium;type1a/medium
images/synthetic/syn_v2_2026091401_02194.jpg;val;type1;easy;type1/easy
images/synthetic/syn_v2_2026091401_02195.jpg;train;type1;medium;type1/medium
images/synthetic/syn_v2_2026091401_02196.jpg;train;type1a;medium;type1a/medium
images/synthetic/syn_v2_2026091401_02197.jpg;train;type1;easy;type1/easy
images/synthetic/syn_v2_2026091401_02198.jpg;train;type1a;easy;type1a/easy
images/synthetic/syn_v2_2026091401_02199.jpg;train;type1b;easy;type1b/easy
images/synthetic/syn_v2_2026091401_02200.jpg;train;type1a;medium;type1a/medium
images/synthetic/syn_v2_2026091401_02201.jpg;val;type1a;medium;type1a/medium
images/synthetic/syn_v2_2026091401_02202.jpg;val;type1a;hard;type1a/hard
images/synthetic/syn_v2_2026091401_02203.jpg;train;type1;hard;type1/hard
images/synthetic/syn_v2_2026091401_02204.jpg;train;type1a;hard;type1a/hard
images/synthetic/syn_v2_2026091401_02205.jpg;train;type1a;hard;type1a/hard
images/synthetic/syn_v2_2026091401_02206.jpg;train;type1a;medium;type1a/medium
images/synthetic/syn_v2_2026091401_02207.jpg;train;type1;hard;type1/hard
images/synthetic/syn_v2_2026091401_02208.jpg;train;type1b;easy;type1b/easy
images/synthetic/syn_v2_2026091401_02209.jpg;train;type1a;medium;type1a/medium
images/synthetic/syn_v2_2026091401_02210.jpg;train;type1;medium;type1/medium
images/synthetic/syn_v2_2026091401_02211.jpg;train;type1b;medium;type1b/medium
images/synthetic/syn_v2_2026091401_02212.jpg;train;type1b;medium;type1b/medium
images/synthetic/syn_v2_2026091401_02213.jpg;train;type1b;medium;type1b/medium
images/synthetic/syn_v2_2026091401_02214.jpg;train;type1b;medium;type1b/medium
images/synthetic/syn_v2_2026091401_02215.jpg;train;type1;medium;type1/medium
images/synthetic/syn_v2_2026091401_02216.jpg;train;type1b;medium;type1b/medium
images/synthetic/syn_v2_2026091401_02217.jpg;train;type1;easy;type1/easy
images/synthetic/syn_v2_2026091401_02218.jpg;train;type1a;hard;type1a/hard
images/synthetic/syn_v2_2026091401_02219.jpg;train;type1b;medium;type1b/medium
images/synthetic/syn_v2_2026091401_02220.jpg;val;type1b;easy;type1b/easy
images/synthetic/syn_v2_2026091401_02221.jpg;val;type1a;medium;type1a/medium
images/synthetic/syn_v2_2026091401_02222.jpg;val;type1b;easy;type1b/easy
images/synthetic/syn_v2_2026091401_02223.jpg;train;type1a;easy;type1a/easy
images/synthetic/syn_v2_2026091401_02224.jpg;train;type1;medium;type1/medium
images/synthetic/syn_v2_2026091401_02225.jpg;train;type1b;easy;type1b/easy
images/synthetic/syn_v2_2026091401_02226.jpg;train;type1a;hard;type1a/hard
images/synthetic/syn_v2_2026091401_02227.jpg;train;type1;easy;type1/easy
images/synthetic/syn_v2_2026091401_02228.jpg;train;type1;medium;type1/medium
images/synthetic/syn_v2_2026091401_02229.jpg;train;type1b;medium;type1b/medium
images/synthetic/syn_v2_2026091401_02230.jpg;train;type1;easy;type1/easy
images/synthetic/syn_v2_2026091401_02231.jpg;train;type1a;medium;type1a/medium
images/synthetic/syn_v2_2026091401_02232.jpg;train;type1b;medium;type1b/medium
images/synthetic/syn_v2_2026091401_02233.jpg;train;type1b;easy;type1b/easy
images/synthetic/syn_v2_2026091401_02234.jpg;train;type1b;hard;type1b/hard
images/synthetic/syn_v2_2026091401_02235.jpg;train;type1a;medium;type1a/medium
images/synthetic/syn_v2_2026091401_02236.jpg;val;type1;medium;type1/medium
images/synthetic/syn_v2_2026091401_02237.jpg;train;type1a;medium;type1a/medium
images/synthetic/syn_v2_2026091401_02238.jpg;train;type1b;easy;type1b/easy
images/synthetic/syn_v2_2026091401_02239.jpg;train;type1b;easy;type1b/easy
images/synthetic/syn_v2_2026091401_02240.jpg;train;type1a;easy;type1a/easy
images/synthetic/syn_v2_2026091401_02241.jpg;train;type1a;medium;type1a/medium
images/synthetic/syn_v2_2026091401_02242.jpg;train;type1b;medium;type1b/medium
images/synthetic/syn_v2_2026091401_02243.jpg;val;type1;easy;type1/easy
images/synthetic/syn_v2_2026091401_02244.jpg;train;type1b;medium;type1b/medium
images/synthetic/syn_v2_2026091401_02245.jpg;train;type1;easy;type1/easy
images/synthetic/syn_v2_2026091401_02246.jpg;val;type1a;easy;type1a/easy
images/synthetic/syn_v2_2026091401_02247.jpg;train;type1b;hard;type1b/hard
images/synthetic/syn_v2_2026091401_02248.jpg;train;type1a;easy;type1a/easy
images/synthetic/syn_v2_2026091401_02249.jpg;train;type1b;medium;type1b/medium
images/synthetic/syn_v2_2026091401_02250.jpg;train;type1b;hard;type1b/hard
images/synthetic/syn_v2_2026091401_02251.jpg;val;type1b;medium;type1b/medium
images/synthetic/syn_v2_2026091401_02252.jpg;test;type1b;medium;type1b/medium
images/synthetic/syn_v2_2026091401_02253.jpg;train;type1a;hard;type1a/hard
images/synthetic/syn_v2_2026091401_02254.jpg;test;type1a;medium;type1a/medium
images/synthetic/syn_v2_2026091401_02255.jpg;train;type1a;medium;type1a/medium
images/synthetic/syn_v2_2026091401_02256.jpg;train;type1b;easy;type1b/easy
images/synthetic/syn_v2_2026091401_02257.jpg;train;type1a;easy;type1a/easy
images/synthetic/syn_v2_2026091401_02258.jpg;train;type1a;hard;type1a/hard
images/synthetic/syn_v2_2026091401_02259.jpg;train;type1a;easy;type1a/easy
images/synthetic/syn_v2_2026091401_02260.jpg;train;type1a;easy;type1a/easy
images/synthetic/syn_v2_2026091401_02261.jpg;train;type1b;medium;type1b/medium
images/synthetic/syn_v2_2026091401_02262.jpg;train;type1a;easy;type1a/easy
images/synthetic/syn_v2_2026091401_02263.jpg;train;type1b;easy;type1b/easy
images/synthetic/syn_v2_2026091401_02264.jpg;val;type1a;hard;type1a/hard
images/synthetic/syn_v2_2026091401_02265.jpg;train;type1b;hard;type1b/hard
images/synthetic/syn_v2_2026091401_02266.jpg;train;type1b;medium;type1b/medium
images/synthetic/syn_v2_2026091401_02267.jpg;train;type1b;medium;type1b/medium
images/synthetic/syn_v2_2026091401_02268.jpg;train;type1a;medium;type1a/medium
images/synthetic/syn_v2_2026091401_02269.jpg;val;type1b;easy;type1b/easy
images/synthetic/syn_v2_2026091401_02270.jpg;train;type1b;medium;type1b/medium
images/synthetic/syn_v2_2026091401_02271.jpg;train;type1;easy;type1/easy
images/synthetic/syn_v2_2026091401_02272.jpg;train;type1b;hard;type1b/hard
images/synthetic/syn_v2_2026091401_02273.jpg;train;type1b;medium;type1b/medium
images/synthetic/syn_v2_2026091401_02274.jpg;train;type1a;medium;type1a/medium
images/synthetic/syn_v2_2026091401_02275.jpg;train;type1a;medium;type1a/medium
images/synthetic/syn_v2_2026091401_02276.jpg;train;type1a;hard;type1a/hard
images/synthetic/syn_v2_2026091401_02277.jpg;test;type1;hard;type1/hard
images/synthetic/syn_v2_2026091401_02278.jpg;train;type1b;medium;type1b/medium
images/synthetic/syn_v2_2026091401_02279.jpg;train;type1b;medium;type1b/medium
images/synthetic/syn_v2_2026091401_02280.jpg;train;type1b;easy;type1b/easy
images/synthetic/syn_v2_2026091401_02281.jpg;train;type1a;easy;type1a/easy
images/synthetic/syn_v2_2026091401_02282.jpg;train;type1b;medium;type1b/medium
images/synthetic/syn_v2_2026091401_02283.jpg;train;type1b;medium;type1b/medium
images/synthetic/syn_v2_2026091401_02284.jpg;train;type1b;hard;type1b/hard
images/synthetic/syn_v2_2026091401_02285.jpg;train;type1;easy;type1/easy
images/synthetic/syn_v2_2026091401_02286.jpg;train;type1;easy;type1/easy
images/synthetic/syn_v2_2026091401_02287.jpg;test;type1a;medium;type1a/medium
images/synthetic/syn_v2_2026091401_02288.jpg;train;type1b;easy;type1b/easy
images/synthetic/syn_v2_2026091401_02289.jpg;train;type1a;easy;type1a/easy
images/synthetic/syn_v2_2026091401_02290.jpg;train;type1;medium;type1/medium
images/synthetic/syn_v2_2026091401_02291.jpg;train;type1b;medium;type1b/medium
images/synthetic/syn_v2_2026091401_02292.jpg;train;type1b;hard;type1b/hard
images/synthetic/syn_v2_2026091401_02293.jpg;train;type1;medium;type1/medium
images/synthetic/syn_v2_2026091401_02294.jpg;val;type1a;medium;type1a/medium
images/synthetic/syn_v2_2026091401_02295.jpg;train;type1;medium;type1/medium
images/synthetic/syn_v2_2026091401_02296.jpg;train;type1b;easy;type1b/easy
images/synthetic/syn_v2_2026091401_02297.jpg;train;type1a;medium;type1a/medium
images/synthetic/syn_v2_2026091401_02298.jpg;val;type1b;medium;type1b/medium
images/synthetic/syn_v2_2026091401_02299.jpg;train;type1a;hard;type1a/hard
images/synthetic/syn_v2_2026091401_02300.jpg;train;type1a;easy;type1a/easy
images/synthetic/syn_v2_2026091401_02301.jpg;train;type1b;medium;type1b/medium
images/synthetic/syn_v2_2026091401_02302.jpg;train;type1b;easy;type1b/easy
images/synthetic/syn_v2_2026091401_02303.jpg;train;type1b;medium;type1b/medium
images/synthetic/syn_v2_2026091401_02304.jpg;train;type1a;medium;type1a/medium
images/synthetic/syn_v2_2026091401_02305.jpg;train;type1b;medium;type1b/medium
images/synthetic/syn_v2_2026091401_02306.jpg;train;type1a;hard;type1a/hard
images/synthetic/syn_v2_2026091401_02307.jpg;test;type1;medium;type1/medium
images/synthetic/syn_v2_2026091401_02308.jpg;val;type1a;medium;type1a/medium
images/synthetic/syn_v2_2026091401_02309.jpg;train;type1b;medium;type1b/medium
images/synthetic/syn_v2_2026091401_02310.jpg;train;type1b;medium;type1b/medium
images/synthetic/syn_v2_2026091401_02311.jpg;train;type1a;easy;type1a/easy
images/synthetic/syn_v2_2026091401_02312.jpg;train;type1b;easy;type1b/easy
images/synthetic/syn_v2_2026091401_02313.jpg;train;type1a;easy;type1a/easy
images/synthetic/syn_v2_2026091401_02314.jpg;train;type1b;medium;type1b/medium
images/synthetic/syn_v2_2026091401_02315.jpg;train;type1b;medium;type1b/medium
images/synthetic/syn_v2_2026091401_02316.jpg;train;type1a;medium;type1a/medium
images/synthetic/syn_v2_2026091401_02317.jpg;train;type1;medium;type1/medium
images/synthetic/syn_v2_2026091401_02318.jpg;train;type1b;medium;type1b/medium
images/synthetic/syn_v2_2026091401_02319.jpg;train;type1a;easy;type1a/easy
images/synthetic/syn_v2_2026091401_02320.jpg;train;type1;medium;type1/medium
images/synthetic/syn_v2_2026091401_02321.jpg;train;type1b;medium;type1b/medium
images/synthetic/syn_v2_2026091401_02322.jpg;train;type1a;easy;type1a/easy
images/synthetic/syn_v2_2026091401_02323.jpg;train;type1;hard;type1/hard
images/synthetic/syn_v2_2026091401_02324.jpg;train;type1b;easy;type1b/easy
images/synthetic/syn_v2_2026091401_02325.jpg;train;type1b;easy;type1b/easy
images/synthetic/syn_v2_2026091401_02326.jpg;val;type1b;medium;type1b/medium
images/synthetic/syn_v2_2026091401_02327.jpg;train;type1a;medium;type1a/medium
images/synthetic/syn_v2_2026091401_02328.jpg;train;type1b;medium;type1b/medium
images/synthetic/syn_v2_2026091401_02329.jpg;train;type1b;easy;type1b/easy
images/synthetic/syn_v2_2026091401_02330.jpg;train;type1a;medium;type1a/medium
images/synthetic/syn_v2_2026091401_02331.jpg;train;type1b;hard;type1b/hard
images/synthetic/syn_v2_2026091401_02332.jpg;train;type1a;easy;type1a/easy
images/synthetic/syn_v2_2026091401_02333.jpg;train;type1b;easy;type1b/easy
images/synthetic/syn_v2_2026091401_02334.jpg;train;type1a;hard;type1a/hard
images/synthetic/syn_v2_2026091401_02335.jpg;train;type1b;easy;type1b/easy
images/synthetic/syn_v2_2026091401_02336.jpg;train;type1b;easy;type1b/easy
images/synthetic/syn_v2_2026091401_02337.jpg;train;type1a;medium;type1a/medium
images/synthetic/syn_v2_2026091401_02338.jpg;train;type1a;medium;type1a/medium
images/synthetic/syn_v2_2026091401_02339.jpg;train;type1a;medium;type1a/medium
images/synthetic/syn_v2_2026091401_02340.jpg;train;type1b;easy;type1b/easy
images/synthetic/syn_v2_2026091401_02341.jpg;train;type1b;easy;type1b/easy
images/synthetic/syn_v2_2026091401_02342.jpg;train;type1b;medium;type1b/medium
images/synthetic/syn_v2_2026091401_02343.jpg;train;type1b;hard;type1b/hard
images/synthetic/syn_v2_2026091401_02344.jpg;val;type1b;hard;type1b/hard
images/synthetic/syn_v2_2026091401_02345.jpg;train;type1b;easy;type1b/easy
images/synthetic/syn_v2_2026091401_02346.jpg;train;type1a;easy;type1a/easy
images/synthetic/syn_v2_2026091401_02347.jpg;train;type1a;easy;type1a/easy
images/synthetic/syn_v2_2026091401_02348.jpg;train;type1a;medium;type1a/medium
images/synthetic/syn_v2_2026091401_02349.jpg;train;type1b;easy;type1b/easy
images/synthetic/syn_v2_2026091401_02350.jpg;train;type1a;easy;type1a/easy
images/synthetic/syn_v2_2026091401_02351.jpg;train;type1a;medium;type1a/medium
images/synthetic/syn_v2_2026091401_02352.jpg;train;type1;hard;type1/hard
images/synthetic/syn_v2_2026091401_02353.jpg;train;type1a;hard;type1a/hard
images/synthetic/syn_v2_2026091401_02354.jpg;train;type1b;medium;type1b/medium
images/synthetic/syn_v2_2026091401_02355.jpg;val;type1a;easy;type1a/easy
images/synthetic/syn_v2_2026091401_02356.jpg;train;type1a;easy;type1a/easy
images/synthetic/syn_v2_2026091401_02357.jpg;train;type1;hard;type1/hard
images/synthetic/syn_v2_2026091401_02358.jpg;test;type1b;easy;type1b/easy
images/synthetic/syn_v2_2026091401_02359.jpg;train;type1a;easy;type1a/easy
images/synthetic/syn_v2_2026091401_02360.jpg;train;type1b;medium;type1b/medium
images/synthetic/syn_v2_2026091401_02361.jpg;val;type1b;medium;type1b/medium
images/synthetic/syn_v2_2026091401_02362.jpg;train;type1;easy;type1/easy
images/synthetic/syn_v2_2026091401_02363.jpg;train;type1a;medium;type1a/medium
images/synthetic/syn_v2_2026091401_02364.jpg;val;type1;medium;type1/medium
images/synthetic/syn_v2_2026091401_02365.jpg;train;type1b;hard;type1b/hard
images/synthetic/syn_v2_2026091401_02366.jpg;train;type1b;easy;type1b/easy
images/synthetic/syn_v2_2026091401_02367.jpg;train;type1b;medium;type1b/medium
images/synthetic/syn_v2_2026091401_02368.jpg;train;type1b;hard;type1b/hard
images/synthetic/syn_v2_2026091401_02369.jpg;train;type1b;hard;type1b/hard
images/synthetic/syn_v2_2026091401_02370.jpg;train;type1a;easy;type1a/easy
images/synthetic/syn_v2_2026091401_02371.jpg;val;type1b;medium;type1b/medium
images/synthetic/syn_v2_2026091401_02372.jpg;train;type1a;easy;type1a/easy
images/synthetic/syn_v2_2026091401_02373.jpg;train;type1b;easy;type1b/easy
images/synthetic/syn_v2_2026091401_02374.jpg;train;type1;easy;type1/easy
images/synthetic/syn_v2_2026091401_02375.jpg;train;type1b;easy;type1b/easy
images/synthetic/syn_v2_2026091401_02376.jpg;train;type1a;medium;type1a/medium
images/synthetic/syn_v2_2026091401_02377.jpg;train;type1b;easy;type1b/easy
images/synthetic/syn_v2_2026091401_02378.jpg;train;type1a;medium;type1a/medium
images/synthetic/syn_v2_2026091401_02379.jpg;train;type1a;medium;type1a/medium
images/synthetic/syn_v2_2026091401_02380.jpg;train;type1b;medium;type1b/medium
images/synthetic/syn_v2_2026091401_02381.jpg;train;type1b;medium;type1b/medium
images/synthetic/syn_v2_2026091401_02382.jpg;train;type1a;hard;type1a/hard
images/synthetic/syn_v2_2026091401_02383.jpg;test;type1b;medium;type1b/medium
images/synthetic/syn_v2_2026091401_02384.jpg;train;type1;easy;type1/easy
images/synthetic/syn_v2_2026091401_02385.jpg;train;type1b;hard;type1b/hard
images/synthetic/syn_v2_2026091401_02386.jpg;train;type1b;easy;type1b/easy
images/synthetic/syn_v2_2026091401_02387.jpg;train;type1a;medium;type1a/medium
images/synthetic/syn_v2_2026091401_02388.jpg;train;type1a;medium;type1a/medium
images/synthetic/syn_v2_2026091401_02389.jpg;train;type1b;hard;type1b/hard
images/synthetic/syn_v2_2026091401_02390.jpg;train;type1a;easy;type1a/easy
images/synthetic/syn_v2_2026091401_02391.jpg;train;type1a;easy;type1a/easy
images/synthetic/syn_v2_2026091401_02392.jpg;train;type1b;medium;type1b/medium
images/synthetic/syn_v2_2026091401_02393.jpg;train;type1a;medium;type1a/medium
images/synthetic/syn_v2_2026091401_02394.jpg;train;type1;medium;type1/medium
images/synthetic/syn_v2_2026091401_02395.jpg;train;type1;medium;type1/medium
images/synthetic/syn_v2_2026091401_02396.jpg;train;type1a;medium;type1a/medium
images/synthetic/syn_v2_2026091401_02397.jpg;train;type1b;medium;type1b/medium
images/synthetic/syn_v2_2026091401_02398.jpg;train;type1b;medium;type1b/medium
images/synthetic/syn_v2_2026091401_02399.jpg;train;type1a;easy;type1a/easy
images/synthetic/syn_v2_2026091401_02400.jpg;train;type1a;hard;type1a/hard
images/synthetic/syn_v2_2026091401_02401.jpg;train;type1a;easy;type1a/easy
images/synthetic/syn_v2_2026091401_02402.jpg;train;type1;medium;type1/medium
images/synthetic/syn_v2_2026091401_02403.jpg;train;type1b;easy;type1b/easy
images/synthetic/syn_v2_2026091401_02404.jpg;train;type1a;hard;type1a/hard
images/synthetic/syn_v2_2026091401_02405.jpg;train;type1a;medium;type1a/medium
images/synthetic/syn_v2_2026091401_02406.jpg;train;type1a;hard;type1a/hard
images/synthetic/syn_v2_2026091401_02407.jpg;train;type1;medium;type1/medium
images/synthetic/syn_v2_2026091401_02408.jpg;train;type1a;easy;type1a/easy
images/synthetic/syn_v2_2026091401_02409.jpg;train;type1a;medium;type1a/medium
images/synthetic/syn_v2_2026091401_02410.jpg;train;type1b;medium;type1b/medium
images/synthetic/syn_v2_2026091401_02411.jpg;val;type1b;easy;type1b/easy
images/synthetic/syn_v2_2026091401_02412.jpg;train;type1b;medium;type1b/medium
images/synthetic/syn_v2_2026091401_02413.jpg;train;type1a;easy;type1a/easy
images/synthetic/syn_v2_2026091401_02414.jpg;train;type1b;medium;type1b/medium
images/synthetic/syn_v2_2026091401_02415.jpg;train;type1b;medium;type1b/medium
images/synthetic/syn_v2_2026091401_02416.jpg;train;type1;easy;type1/easy
images/synthetic/syn_v2_2026091401_02417.jpg;train;type1a;hard;type1a/hard
images/synthetic/syn_v2_2026091401_02418.jpg;train;type1;medium;type1/medium
images/synthetic/syn_v2_2026091401_02419.jpg;train;type1b;easy;type1b/easy
images/synthetic/syn_v2_2026091401_02420.jpg;val;type1b;hard;type1b/hard
images/synthetic/syn_v2_2026091401_02421.jpg;train;type1b;medium;type1b/medium
images/synthetic/syn_v2_2026091401_02422.jpg;train;type1b;hard;type1b/hard
images/synthetic/syn_v2_2026091401_02423.jpg;train;type1b;easy;type1b/easy
images/synthetic/syn_v2_2026091401_02424.jpg;train;type1b;medium;type1b/medium
images/synthetic/syn_v2_2026091401_02425.jpg;train;type1b;hard;type1b/hard
images/synthetic/syn_v2_2026091401_02426.jpg;train;type1a;easy;type1a/easy
images/synthetic/syn_v2_2026091401_02427.jpg;train;type1;medium;type1/medium
images/synthetic/syn_v2_2026091401_02428.jpg;train;type1;medium;type1/medium
images/synthetic/syn_v2_2026091401_02429.jpg;train;type1a;easy;type1a/easy
images/synthetic/syn_v2_2026091401_02430.jpg;train;type1b;easy;type1b/easy
images/synthetic/syn_v2_2026091401_02431.jpg;train;type1b;medium;type1b/medium
images/synthetic/syn_v2_2026091401_02432.jpg;train;type1a;easy;type1a/easy
images/synthetic/syn_v2_2026091401_02433.jpg;train;type1b;medium;type1b/medium
images/synthetic/syn_v2_2026091401_02434.jpg;train;type1b;medium;type1b/medium
images/synthetic/syn_v2_2026091401_02435.jpg;train;type1b;hard;type1b/hard
images/synthetic/syn_v2_2026091401_02436.jpg;test;type1b;easy;type1b/easy
images/synthetic/syn_v2_2026091401_02437.jpg;train;type1b;easy;type1b/easy
images/synthetic/syn_v2_2026091401_02438.jpg;test;type1b;medium;type1b/medium
images/synthetic/syn_v2_2026091401_02439.jpg;train;type1a;medium;type1a/medium
images/synthetic/syn_v2_2026091401_02440.jpg;train;type1b;medium;type1b/medium
images/synthetic/syn_v2_2026091401_02441.jpg;train;type1b;medium;type1b/medium
images/synthetic/syn_v2_2026091401_02442.jpg;train;type1;easy;type1/easy
images/synthetic/syn_v2_2026091401_02443.jpg;train;type1b;medium;type1b/medium
images/synthetic/syn_v2_2026091401_02444.jpg;train;type1b;easy;type1b/easy
images/synthetic/syn_v2_2026091401_02445.jpg;train;type1a;hard;type1a/hard
images/synthetic/syn_v2_2026091401_02446.jpg;train;type1a;hard;type1a/hard
images/synthetic/syn_v2_2026091401_02447.jpg;val;type1b;medium;type1b/medium
images/synthetic/syn_v2_2026091401_02448.jpg;train;type1a;hard;type1a/hard
images/synthetic/syn_v2_2026091401_02449.jpg;train;type1b;easy;type1b/easy
images/synthetic/syn_v2_2026091401_02450.jpg;train;type1a;medium;type1a/medium
images/synthetic/syn_v2_2026091401_02451.jpg;train;type1a;easy;type1a/easy
images/synthetic/syn_v2_2026091401_02452.jpg;train;type1;medium;type1/medium
images/synthetic/syn_v2_2026091401_02453.jpg;train;type1b;medium;type1b/medium
images/synthetic/syn_v2_2026091401_02454.jpg;train;type1a;medium;type1a/medium
images/synthetic/syn_v2_2026091401_02455.jpg;test;type1b;hard;type1b/hard
images/synthetic/syn_v2_2026091401_02456.jpg;train;type1;hard;type1/hard
images/synthetic/syn_v2_2026091401_02457.jpg;train;type1b;easy;type1b/easy
images/synthetic/syn_v2_2026091401_02458.jpg;train;type1;hard;type1/hard
images/synthetic/syn_v2_2026091401_02459.jpg;train;type1b;easy;type1b/easy
images/synthetic/syn_v2_2026091401_02460.jpg;train;type1;medium;type1/medium
images/synthetic/syn_v2_2026091401_02461.jpg;train;type1a;hard;type1a/hard
images/synthetic/syn_v2_2026091401_02462.jpg;test;type1a;easy;type1a/easy
images/synthetic/syn_v2_2026091401_02463.jpg;train;type1b;easy;type1b/easy
images/synthetic/syn_v2_2026091401_02464.jpg;train;type1;easy;type1/easy
images/synthetic/syn_v2_2026091401_02465.jpg;train;type1;easy;type1/easy
images/synthetic/syn_v2_2026091401_02466.jpg;train;type1a;hard;type1a/hard
images/synthetic/syn_v2_2026091401_02467.jpg;train;type1;easy;type1/easy
images/synthetic/syn_v2_2026091401_02468.jpg;val;type1a;easy;type1a/easy
images/synthetic/syn_v2_2026091401_02469.jpg;train;type1;hard;type1/hard
images/synthetic/syn_v2_2026091401_02470.jpg;train;type1b;easy;type1b/easy
images/synthetic/syn_v2_2026091401_02471.jpg;train;type1b;medium;type1b/medium
images/synthetic/syn_v2_2026091401_02472.jpg;train;type1a;medium;type1a/medium
images/synthetic/syn_v2_2026091401_02473.jpg;train;type1b;hard;type1b/hard
images/synthetic/syn_v2_2026091401_02474.jpg;train;type1b;hard;type1b/hard
images/synthetic/syn_v2_2026091401_02475.jpg;val;type1a;easy;type1a/easy
images/synthetic/syn_v2_2026091401_02476.jpg;train;type1;easy;type1/easy
images/synthetic/syn_v2_2026091401_02477.jpg;train;type1;medium;type1/medium
images/synthetic/syn_v2_2026091401_02478.jpg;train;type1b;medium;type1b/medium
images/synthetic/syn_v2_2026091401_02479.jpg;train;type1b;easy;type1b/easy
images/synthetic/syn_v2_2026091401_02480.jpg;train;type1;easy;type1/easy
images/synthetic/syn_v2_2026091401_02481.jpg;train;type1a;hard;type1a/hard
images/synthetic/syn_v2_2026091401_02482.jpg;train;type1a;medium;type1a/medium
images/synthetic/syn_v2_2026091401_02483.jpg;train;type1a;medium;type1a/medium
images/synthetic/syn_v2_2026091401_02484.jpg;train;type1;medium;type1/medium
images/synthetic/syn_v2_2026091401_02485.jpg;val;type1;easy;type1/easy
images/synthetic/syn_v2_2026091401_02486.jpg;train;type1;hard;type1/hard
images/synthetic/syn_v2_2026091401_02487.jpg;train;type1b;medium;type1b/medium
images/synthetic/syn_v2_2026091401_02488.jpg;train;type1b;easy;type1b/easy
images/synthetic/syn_v2_2026091401_02489.jpg;train;type1b;medium;type1b/medium
images/synthetic/syn_v2_2026091401_02490.jpg;train;type1b;easy;type1b/easy
images/synthetic/syn_v2_2026091401_02491.jpg;train;type1b;easy;type1b/easy
images/synthetic/syn_v2_2026091401_02492.jpg;train;type1b;easy;type1b/easy
images/synthetic/syn_v2_2026091401_02493.jpg;train;type1b;easy;type1b/easy
images/synthetic/syn_v2_2026091401_02494.jpg;train;type1b;easy;type1b/easy
images/synthetic/syn_v2_2026091401_02495.jpg;train;type1b;hard;type1b/hard
images/synthetic/syn_v2_2026091401_02496.jpg;train;type1b;medium;type1b/medium
images/synthetic/syn_v2_2026091401_02497.jpg;train;type1b;medium;type1b/medium
images/synthetic/syn_v2_2026091401_02498.jpg;val;type1b;medium;type1b/medium
images/synthetic/syn_v2_2026091401_02499.jpg;train;type1;easy;type1/easy
images/synthetic/syn_v2_2026091401_02500.jpg;train;type1b;medium;type1b/medium
images/synthetic/syn_v2_2026091401_02501.jpg;train;type1a;easy;type1a/easy
images/synthetic/syn_v2_2026091401_02502.jpg;train;type1b;medium;type1b/medium
images/synthetic/syn_v2_2026091401_02503.jpg;train;type1;hard;type1/hard
images/synthetic/syn_v2_2026091401_02504.jpg;train;type1b;easy;type1b/easy
images/synthetic/syn_v2_2026091401_02505.jpg;train;type1b;hard;type1b/hard
images/synthetic/syn_v2_2026091401_02506.jpg;train;type1b;easy;type1b/easy
images/synthetic/syn_v2_2026091401_02507.jpg;train;type1a;easy;type1a/easy
images/synthetic/syn_v2_2026091401_02508.jpg;train;type1b;medium;type1b/medium
images/synthetic/syn_v2_2026091401_02509.jpg;test;type1a;easy;type1a/easy
images/synthetic/syn_v2_2026091401_02510.jpg;train;type1a;hard;type1a/hard
images/synthetic/syn_v2_2026091401_02511.jpg;train;type1;easy;type1/easy
images/synthetic/syn_v2_2026091401_02512.jpg;train;type1a;easy;type1a/easy
images/synthetic/syn_v2_2026091401_02513.jpg;val;type1;easy;type1/easy
images/synthetic/syn_v2_2026091401_02514.jpg;train;type1a;easy;type1a/easy
images/synthetic/syn_v2_2026091401_02515.jpg;train;type1;easy;type1/easy
images/synthetic/syn_v2_2026091401_02516.jpg;test;type1a;medium;type1a/medium
images/synthetic/syn_v2_2026091401_02517.jpg;train;type1a;easy;type1a/easy
images/synthetic/syn_v2_2026091401_02518.jpg;val;type1;medium;type1/medium
images/synthetic/syn_v2_2026091401_02519.jpg;train;type1a;easy;type1a/easy
images/synthetic/syn_v2_2026091401_02520.jpg;train;type1b;medium;type1b/medium
images/synthetic/syn_v2_2026091401_02521.jpg;val;type1b;easy;type1b/easy
images/synthetic/syn_v2_2026091401_02522.jpg;train;type1a;medium;type1a/medium
images/synthetic/syn_v2_2026091401_02523.jpg;train;type1b;medium;type1b/medium
images/synthetic/syn_v2_2026091401_02524.jpg;train;type1;easy;type1/easy
images/synthetic/syn_v2_2026091401_02525.jpg;train;type1;easy;type1/easy
images/synthetic/syn_v2_2026091401_02526.jpg;train;type1b;medium;type1b/medium
images/synthetic/syn_v2_2026091401_02527.jpg;test;type1a;medium;type1a/medium
images/synthetic/syn_v2_2026091401_02528.jpg;val;type1a;hard;type1a/hard
images/synthetic/syn_v2_2026091401_02529.jpg;train;type1a;medium;type1a/medium
images/synthetic/syn_v2_2026091401_02530.jpg;train;type1b;medium;type1b/medium
images/synthetic/syn_v2_2026091401_02531.jpg;train;type1b;medium;type1b/medium
images/synthetic/syn_v2_2026091401_02532.jpg;val;type1b;medium;type1b/medium
images/synthetic/syn_v2_2026091401_02533.jpg;test;type1a;medium;type1a/medium
images/synthetic/syn_v2_2026091401_02534.jpg;val;type1b;easy;type1b/easy
images/synthetic/syn_v2_2026091401_02535.jpg;train;type1a;medium;type1a/medium
images/synthetic/syn_v2_2026091401_02536.jpg;train;type1;easy;type1/easy
images/synthetic/syn_v2_2026091401_02537.jpg;train;type1;hard;type1/hard
images/synthetic/syn_v2_2026091401_02538.jpg;train;type1b;medium;type1b/medium
images/synthetic/syn_v2_2026091401_02539.jpg;train;type1b;hard;type1b/hard
images/synthetic/syn_v2_2026091401_02540.jpg;train;type1a;hard;type1a/hard
images/synthetic/syn_v2_2026091401_02541.jpg;train;type1a;easy;type1a/easy
images/synthetic/syn_v2_2026091401_02542.jpg;val;type1b;easy;type1b/easy
images/synthetic/syn_v2_2026091401_02543.jpg;train;type1a;medium;type1a/medium
images/synthetic/syn_v2_2026091401_02544.jpg;val;type1;easy;type1/easy
images/synthetic/syn_v2_2026091401_02545.jpg;train;type1a;easy;type1a/easy
images/synthetic/syn_v2_2026091401_02546.jpg;train;type1a;medium;type1a/medium
images/synthetic/syn_v2_2026091401_02547.jpg;train;type1a;hard;type1a/hard
images/synthetic/syn_v2_2026091401_02548.jpg;train;type1;easy;type1/easy
images/synthetic/syn_v2_2026091401_02549.jpg;val;type1a;medium;type1a/medium
images/synthetic/syn_v2_2026091401_02550.jpg;train;type1a;easy;type1a/easy
images/synthetic/syn_v2_2026091401_02551.jpg;train;type1;hard;type1/hard
images/synthetic/syn_v2_2026091401_02552.jpg;train;type1;medium;type1/medium
images/synthetic/syn_v2_2026091401_02553.jpg;train;type1a;medium;type1a/medium
images/synthetic/syn_v2_2026091401_02554.jpg;test;type1b;easy;type1b/easy
images/synthetic/syn_v2_2026091401_02555.jpg;train;type1b;medium;type1b/medium
images/synthetic/syn_v2_2026091401_02556.jpg;train;type1b;easy;type1b/easy
images/synthetic/syn_v2_2026091401_02557.jpg;train;type1b;medium;type1b/medium
images/synthetic/syn_v2_2026091401_02558.jpg;val;type1b;medium;type1b/medium
images/synthetic/syn_v2_2026091401_02559.jpg;train;type1b;easy;type1b/easy
images/synthetic/syn_v2_2026091401_02560.jpg;train;type1b;medium;type1b/medium
images/synthetic/syn_v2_2026091401_02561.jpg;train;type1b;easy;type1b/easy
images/synthetic/syn_v2_2026091401_02562.jpg;test;type1;medium;type1/medium
images/synthetic/syn_v2_2026091401_02563.jpg;train;type1;hard;type1/hard
images/synthetic/syn_v2_2026091401_02564.jpg;train;type1a;medium;type1a/medium
images/synthetic/syn_v2_2026091401_02565.jpg;train;type1b;easy;type1b/easy
images/synthetic/syn_v2_2026091401_02566.jpg;train;type1b;medium;type1b/medium
images/synthetic/syn_v2_2026091401_02567.jpg;train;type1b;hard;type1b/hard
images/synthetic/syn_v2_2026091401_02568.jpg;train;type1a;easy;type1a/easy
images/synthetic/syn_v2_2026091401_02569.jpg;train;type1;medium;type1/medium
images/synthetic/syn_v2_2026091401_02570.jpg;train;type1;easy;type1/easy
images/synthetic/syn_v2_2026091401_02571.jpg;train;type1b;medium;type1b/medium
images/synthetic/syn_v2_2026091401_02572.jpg;train;type1a;medium;type1a/medium
images/synthetic/syn_v2_2026091401_02573.jpg;train;type1b;easy;type1b/easy
images/synthetic/syn_v2_2026091401_02574.jpg;train;type1b;hard;type1b/hard
images/synthetic/syn_v2_2026091401_02575.jpg;test;type1a;easy;type1a/easy
images/synthetic/syn_v2_2026091401_02576.jpg;train;type1a;easy;type1a/easy
images/synthetic/syn_v2_2026091401_02577.jpg;train;type1a;medium;type1a/medium
images/synthetic/syn_v2_2026091401_02578.jpg;train;type1a;medium;type1a/medium
images/synthetic/syn_v2_2026091401_02579.jpg;train;type1a;medium;type1a/medium
images/synthetic/syn_v2_2026091401_02580.jpg;train;type1b;medium;type1b/medium
images/synthetic/syn_v2_2026091401_02581.jpg;train;type1b;medium;type1b/medium
images/synthetic/syn_v2_2026091401_02582.jpg;train;type1a;hard;type1a/hard
images/synthetic/syn_v2_2026091401_02583.jpg;train;type1a;easy;type1a/easy
images/synthetic/syn_v2_2026091401_02584.jpg;train;type1b;easy;type1b/easy
images/synthetic/syn_v2_2026091401_02585.jpg;train;type1;medium;type1/medium
images/synthetic/syn_v2_2026091401_02586.jpg;train;type1a;easy;type1a/easy
images/synthetic/syn_v2_2026091401_02587.jpg;train;type1a;hard;type1a/hard
images/synthetic/syn_v2_2026091401_02588.jpg;train;type1a;hard;type1a/hard
images/synthetic/syn_v2_2026091401_02589.jpg;train;type1b;medium;type1b/medium
images/synthetic/syn_v2_2026091401_02590.jpg;train;type1b;hard;type1b/hard
images/synthetic/syn_v2_2026091401_02591.jpg;train;type1b;easy;type1b/easy
images/synthetic/syn_v2_2026091401_02592.jpg;train;type1;easy;type1/easy
images/synthetic/syn_v2_2026091401_02593.jpg;train;type1a;easy;type1a/easy
images/synthetic/syn_v2_2026091401_02594.jpg;train;type1b;medium;type1b/medium
images/synthetic/syn_v2_2026091401_02595.jpg;train;type1;medium;type1/medium
images/synthetic/syn_v2_2026091401_02596.jpg;test;type1b;hard;type1b/hard
images/synthetic/syn_v2_2026091401_02597.jpg;train;type1a;hard;type1a/hard
images/synthetic/syn_v2_2026091401_02598.jpg;train;type1b;easy;type1b/easy
images/synthetic/syn_v2_2026091401_02599.jpg;train;type1a;easy;type1a/easy
images/synthetic/syn_v2_2026091401_02600.jpg;train;type1b;medium;type1b/medium
images/synthetic/syn_v2_2026091401_02601.jpg;train;type1b;easy;type1b/easy
images/synthetic/syn_v2_2026091401_02602.jpg;val;type1a;easy;type1a/easy
images/synthetic/syn_v2_2026091401_02603.jpg;train;type1b;medium;type1b/medium
images/synthetic/syn_v2_2026091401_02604.jpg;train;type1;easy;type1/easy
images/synthetic/syn_v2_2026091401_02605.jpg;train;type1b;medium;type1b/medium
images/synthetic/syn_v2_2026091401_02606.jpg;train;type1b;medium;type1b/medium
images/synthetic/syn_v2_2026091401_02607.jpg;train;type1b;medium;type1b/medium
images/synthetic/syn_v2_2026091401_02608.jpg;train;type1b;easy;type1b/easy
images/synthetic/syn_v2_2026091401_02609.jpg;train;type1;easy;type1/easy
images/synthetic/syn_v2_2026091401_02610.jpg;train;type1a;medium;type1a/medium
images/synthetic/syn_v2_2026091401_02611.jpg;train;type1b;medium;type1b/medium
images/synthetic/syn_v2_2026091401_02612.jpg;train;type1a;medium;type1a/medium
images/synthetic/syn_v2_2026091401_02613.jpg;train;type1b;easy;type1b/easy
images/synthetic/syn_v2_2026091401_02614.jpg;test;type1a;easy;type1a/easy
images/synthetic/syn_v2_2026091401_02615.jpg;train;type1b;medium;type1b/medium
images/synthetic/syn_v2_2026091401_02616.jpg;train;type1a;medium;type1a/medium
images/synthetic/syn_v2_2026091401_02617.jpg;train;type1;easy;type1/easy
images/synthetic/syn_v2_2026091401_02618.jpg;train;type1a;medium;type1a/medium
images/synthetic/syn_v2_2026091401_02619.jpg;train;type1a;medium;type1a/medium
images/synthetic/syn_v2_2026091401_02620.jpg;train;type1a;easy;type1a/easy
images/synthetic/syn_v2_2026091401_02621.jpg;train;type1b;medium;type1b/medium
images/synthetic/syn_v2_2026091401_02622.jpg;train;type1b;medium;type1b/medium
images/synthetic/syn_v2_2026091401_02623.jpg;train;type1a;easy;type1a/easy
images/synthetic/syn_v2_2026091401_02624.jpg;train;type1a;medium;type1a/medium
images/synthetic/syn_v2_2026091401_02625.jpg;train;type1b;easy;type1b/easy
images/synthetic/syn_v2_2026091401_02626.jpg;train;type1b;hard;type1b/hard
images/synthetic/syn_v2_2026091401_02627.jpg;train;type1b;medium;type1b/medium
images/synthetic/syn_v2_2026091401_02628.jpg;val;type1a;medium;type1a/medium
images/synthetic/syn_v2_2026091401_02629.jpg;train;type1;hard;type1/hard
images/synthetic/syn_v2_2026091401_02630.jpg;train;type1;easy;type1/easy
images/synthetic/syn_v2_2026091401_02631.jpg;train;type1b;medium;type1b/medium
images/synthetic/syn_v2_2026091401_02632.jpg;train;type1a;medium;type1a/medium
images/synthetic/syn_v2_2026091401_02633.jpg;train;type1b;medium;type1b/medium
images/synthetic/syn_v2_2026091401_02634.jpg;train;type1a;easy;type1a/easy
images/synthetic/syn_v2_2026091401_02635.jpg;val;type1a;medium;type1a/medium
images/synthetic/syn_v2_2026091401_02636.jpg;val;type1a;medium;type1a/medium
images/synthetic/syn_v2_2026091401_02637.jpg;train;type1;medium;type1/medium
images/synthetic/syn_v2_2026091401_02638.jpg;train;type1a;medium;type1a/medium
images/synthetic/syn_v2_2026091401_02639.jpg;val;type1b;medium;type1b/medium
images/synthetic/syn_v2_2026091401_02640.jpg;train;type1a;medium;type1a/medium
images/synthetic/syn_v2_2026091401_02641.jpg;train;type1b;easy;type1b/easy
images/synthetic/syn_v2_2026091401_02642.jpg;train;type1a;easy;type1a/easy
images/synthetic/syn_v2_2026091401_02643.jpg;test;type1a;easy;type1a/easy
images/synthetic/syn_v2_2026091401_02644.jpg;train;type1a;medium;type1a/medium
images/synthetic/syn_v2_2026091401_02645.jpg;train;type1;easy;type1/easy
images/synthetic/syn_v2_2026091401_02646.jpg;train;type1a;easy;type1a/easy
images/synthetic/syn_v2_2026091401_02647.jpg;train;type1a;easy;type1a/easy
images/synthetic/syn_v2_2026091401_02648.jpg;train;type1b;medium;type1b/medium
images/synthetic/syn_v2_2026091401_02649.jpg;val;type1;hard;type1/hard
images/synthetic/syn_v2_2026091401_02650.jpg;train;type1;medium;type1/medium
images/synthetic/syn_v2_2026091401_02651.jpg;train;type1a;medium;type1a/medium
images/synthetic/syn_v2_2026091401_02652.jpg;train;type1;easy;type1/easy
images/synthetic/syn_v2_2026091401_02653.jpg;train;type1;medium;type1/medium
images/synthetic/syn_v2_2026091401_02654.jpg;train;type1b;hard;type1b/hard
images/synthetic/syn_v2_2026091401_02655.jpg;train;type1b;hard;type1b/hard
images/synthetic/syn_v2_2026091401_02656.jpg;train;type1a;easy;type1a/easy
images/synthetic/syn_v2_2026091401_02657.jpg;train;type1b;medium;type1b/medium
images/synthetic/syn_v2_2026091401_02658.jpg;val;type1b;hard;type1b/hard
images/synthetic/syn_v2_2026091401_02659.jpg;train;type1b;hard;type1b/hard
images/synthetic/syn_v2_2026091401_02660.jpg;train;type1a;medium;type1a/medium
images/synthetic/syn_v2_2026091401_02661.jpg;train;type1;medium;type1/medium
images/synthetic/syn_v2_2026091401_02662.jpg;train;type1b;medium;type1b/medium
images/synthetic/syn_v2_2026091401_02663.jpg;val;type1b;medium;type1b/medium
images/synthetic/syn_v2_2026091401_02664.jpg;test;type1;easy;type1/easy
images/synthetic/syn_v2_2026091401_02665.jpg;train;type1a;hard;type1a/hard
images/synthetic/syn_v2_2026091401_02666.jpg;train;type1;easy;type1/easy
images/synthetic/syn_v2_2026091401_02667.jpg;train;type1a;medium;type1a/medium
images/synthetic/syn_v2_2026091401_02668.jpg;train;type1;medium;type1/medium
images/synthetic/syn_v2_2026091401_02669.jpg;train;type1b;easy;type1b/easy
images/synthetic/syn_v2_2026091401_02670.jpg;train;type1b;hard;type1b/hard
images/synthetic/syn_v2_2026091401_02671.jpg;val;type1a;medium;type1a/medium
images/synthetic/syn_v2_2026091401_02672.jpg;train;type1a;easy;type1a/easy
images/synthetic/syn_v2_2026091401_02673.jpg;train;type1a;easy;type1a/easy
images/synthetic/syn_v2_2026091401_02674.jpg;train;type1;medium;type1/medium
images/synthetic/syn_v2_2026091401_02675.jpg;train;type1b;medium;type1b/medium
images/synthetic/syn_v2_2026091401_02676.jpg;train;type1a;easy;type1a/easy
images/synthetic/syn_v2_2026091401_02677.jpg;train;type1;medium;type1/medium
images/synthetic/syn_v2_2026091401_02678.jpg;train;type1a;medium;type1a/medium
images/synthetic/syn_v2_2026091401_02679.jpg;train;type1b;medium;type1b/medium
images/synthetic/syn_v2_2026091401_02680.jpg;train;type1b;medium;type1b/medium
images/synthetic/syn_v2_2026091401_02681.jpg;train;type1a;medium;type1a/medium
images/synthetic/syn_v2_2026091401_02682.jpg;train;type1b;medium;type1b/medium
images/synthetic/syn_v2_2026091401_02683.jpg;train;type1;medium;type1/medium
images/synthetic/syn_v2_2026091401_02684.jpg;train;type1b;hard;type1b/hard
images/synthetic/syn_v2_2026091401_02685.jpg;train;type1b;hard;type1b/hard
images/synthetic/syn_v2_2026091401_02686.jpg;train;type1b;medium;type1b/medium
images/synthetic/syn_v2_2026091401_02687.jpg;train;type1a;easy;type1a/easy
images/synthetic/syn_v2_2026091401_02688.jpg;train;type1b;easy;type1b/easy
images/synthetic/syn_v2_2026091401_02689.jpg;train;type1a;easy;type1a/easy
images/synthetic/syn_v2_2026091401_02690.jpg;train;type1b;medium;type1b/medium
images/synthetic/syn_v2_2026091401_02691.jpg;train;type1;easy;type1/easy
images/synthetic/syn_v2_2026091401_02692.jpg;train;type1a;medium;type1a/medium
images/synthetic/syn_v2_2026091401_02693.jpg;train;type1b;medium;type1b/medium
images/synthetic/syn_v2_2026091401_02694.jpg;train;type1b;medium;type1b/medium
images/synthetic/syn_v2_2026091401_02695.jpg;train;type1b;easy;type1b/easy
images/synthetic/syn_v2_2026091401_02696.jpg;train;type1a;hard;type1a/hard
images/synthetic/syn_v2_2026091401_02697.jpg;train;type1a;hard;type1a/hard
images/synthetic/syn_v2_2026091401_02698.jpg;train;type1;medium;type1/medium
images/synthetic/syn_v2_2026091401_02699.jpg;val;type1;medium;type1/medium
images/synthetic/syn_v2_2026091401_02700.jpg;val;type1a;easy;type1a/easy
images/synthetic/syn_v2_2026091401_02701.jpg;train;type1;easy;type1/easy
images/synthetic/syn_v2_2026091401_02702.jpg;test;type1;easy;type1/easy
images/synthetic/syn_v2_2026091401_02703.jpg;train;type1b;easy;type1b/easy
images/synthetic/syn_v2_2026091401_02704.jpg;train;type1a;easy;type1a/easy
images/synthetic/syn_v2_2026091401_02705.jpg;train;type1a;medium;type1a/medium
images/synthetic/syn_v2_2026091401_02706.jpg;train;type1b;medium;type1b/medium
images/synthetic/syn_v2_2026091401_02707.jpg;train;type1b;easy;type1b/easy
images/synthetic/syn_v2_2026091401_02708.jpg;train;type1b;medium;type1b/medium
images/synthetic/syn_v2_2026091401_02709.jpg;train;type1a;easy;type1a/easy
images/synthetic/syn_v2_2026091401_02710.jpg;train;type1;medium;type1/medium
images/synthetic/syn_v2_2026091401_02711.jpg;train;type1b;easy;type1b/easy
images/synthetic/syn_v2_2026091401_02712.jpg;train;type1b;easy;type1b/easy
images/synthetic/syn_v2_2026091401_02713.jpg;train;type1b;easy;type1b/easy
images/synthetic/syn_v2_2026091401_02714.jpg;train;type1b;easy;type1b/easy
images/synthetic/syn_v2_2026091401_02715.jpg;val;type1b;medium;type1b/medium
images/synthetic/syn_v2_2026091401_02716.jpg;train;type1b;hard;type1b/hard
images/synthetic/syn_v2_2026091401_02717.jpg;train;type1;easy;type1/easy
images/synthetic/syn_v2_2026091401_02718.jpg;train;type1b;medium;type1b/medium
images/synthetic/syn_v2_2026091401_02719.jpg;train;type1;easy;type1/easy
images/synthetic/syn_v2_2026091401_02720.jpg;train;type1b;easy;type1b/easy
images/synthetic/syn_v2_2026091401_02721.jpg;train;type1b;medium;type1b/medium
images/synthetic/syn_v2_2026091401_02722.jpg;test;type1;medium;type1/medium
images/synthetic/syn_v2_2026091401_02723.jpg;train;type1;medium;type1/medium
images/synthetic/syn_v2_2026091401_02724.jpg;train;type1b;easy;type1b/easy
images/synthetic/syn_v2_2026091401_02725.jpg;train;type1b;easy;type1b/easy
images/synthetic/syn_v2_2026091401_02726.jpg;train;type1b;hard;type1b/hard
images/synthetic/syn_v2_2026091401_02727.jpg;train;type1b;easy;type1b/easy
images/synthetic/syn_v2_2026091401_02728.jpg;train;type1b;hard;type1b/hard
images/synthetic/syn_v2_2026091401_02729.jpg;train;type1b;easy;type1b/easy
images/synthetic/syn_v2_2026091401_02730.jpg;train;type1b;easy;type1b/easy
images/synthetic/syn_v2_2026091401_02731.jpg;train;type1b;medium;type1b/medium
images/synthetic/syn_v2_2026091401_02732.jpg;train;type1a;medium;type1a/medium
images/synthetic/syn_v2_2026091401_02733.jpg;train;type1a;easy;type1a/easy
images/synthetic/syn_v2_2026091401_02734.jpg;train;type1;easy;type1/easy
images/synthetic/syn_v2_2026091401_02735.jpg;test;type1a;easy;type1a/easy
images/synthetic/syn_v2_2026091401_02736.jpg;train;type1;hard;type1/hard
images/synthetic/syn_v2_2026091401_02737.jpg;train;type1a;medium;type1a/medium
images/synthetic/syn_v2_2026091401_02738.jpg;train;type1;easy;type1/easy
images/synthetic/syn_v2_2026091401_02739.jpg;train;type1b;easy;type1b/easy
images/synthetic/syn_v2_2026091401_02740.jpg;train;type1b;hard;type1b/hard
images/synthetic/syn_v2_2026091401_02741.jpg;val;type1b;hard;type1b/hard
images/synthetic/syn_v2_2026091401_02742.jpg;train;type1a;easy;type1a/easy
images/synthetic/syn_v2_2026091401_02743.jpg;train;type1;easy;type1/easy
images/synthetic/syn_v2_2026091401_02744.jpg;train;type1a;medium;type1a/medium
images/synthetic/syn_v2_2026091401_02745.jpg;train;type1a;medium;type1a/medium
images/synthetic/syn_v2_2026091401_02746.jpg;train;type1b;easy;type1b/easy
images/synthetic/syn_v2_2026091401_02747.jpg;train;type1a;easy;type1a/easy
images/synthetic/syn_v2_2026091401_02748.jpg;train;type1b;easy;type1b/easy
images/synthetic/syn_v2_2026091401_02749.jpg;train;type1b;hard;type1b/hard
images/synthetic/syn_v2_2026091401_02750.jpg;train;type1a;easy;type1a/easy
images/synthetic/syn_v2_2026091401_02751.jpg;train;type1;medium;type1/medium
images/synthetic/syn_v2_2026091401_02752.jpg;train;type1b;easy;type1b/easy
images/synthetic/syn_v2_2026091401_02753.jpg;train;type1b;easy;type1b/easy
images/synthetic/syn_v2_2026091401_02754.jpg;train;type1;easy;type1/easy
images/synthetic/syn_v2_2026091401_02755.jpg;train;type1b;easy;type1b/easy
images/synthetic/syn_v2_2026091401_02756.jpg;val;type1;easy;type1/easy
images/synthetic/syn_v2_2026091401_02757.jpg;train;type1a;medium;type1a/medium
images/synthetic/syn_v2_2026091401_02758.jpg;train;type1b;easy;type1b/easy
images/synthetic/syn_v2_2026091401_02759.jpg;train;type1b;easy;type1b/easy
images/synthetic/syn_v2_2026091401_02760.jpg;train;type1b;medium;type1b/medium
images/synthetic/syn_v2_2026091401_02761.jpg;test;type1a;medium;type1a/medium
images/synthetic/syn_v2_2026091401_02762.jpg;train;type1a;hard;type1a/hard
images/synthetic/syn_v2_2026091401_02763.jpg;val;type1;easy;type1/easy
images/synthetic/syn_v2_2026091401_02764.jpg;train;type1b;hard;type1b/hard
images/synthetic/syn_v2_2026091401_02765.jpg;train;type1b;easy;type1b/easy
images/synthetic/syn_v2_2026091401_02766.jpg;train;type1;easy;type1/easy
images/synthetic/syn_v2_2026091401_02767.jpg;train;type1;easy;type1/easy
images/synthetic/syn_v2_2026091401_02768.jpg;train;type1b;easy;type1b/easy
images/synthetic/syn_v2_2026091401_02769.jpg;val;type1b;easy;type1b/easy
images/synthetic/syn_v2_2026091401_02770.jpg;train;type1a;medium;type1a/medium
images/synthetic/syn_v2_2026091401_02771.jpg;train;type1b;medium;type1b/medium
images/synthetic/syn_v2_2026091401_02772.jpg;train;type1b;medium;type1b/medium
images/synthetic/syn_v2_2026091401_02773.jpg;train;type1a;easy;type1a/easy
images/synthetic/syn_v2_2026091401_02774.jpg;test;type1;easy;type1/easy
images/synthetic/syn_v2_2026091401_02775.jpg;train;type1b;medium;type1b/medium
images/synthetic/syn_v2_2026091401_02776.jpg;train;type1a;medium;type1a/medium
images/synthetic/syn_v2_2026091401_02777.jpg;train;type1b;medium;type1b/medium
images/synthetic/syn_v2_2026091401_02778.jpg;train;type1b;medium;type1b/medium
images/synthetic/syn_v2_2026091401_02779.jpg;train;type1b;medium;type1b/medium
images/synthetic/syn_v2_2026091401_02780.jpg;train;type1;easy;type1/easy
images/synthetic/syn_v2_2026091401_02781.jpg;train;type1a;medium;type1a/medium
images/synthetic/syn_v2_2026091401_02782.jpg;train;type1a;hard;type1a/hard
images/synthetic/syn_v2_2026091401_02783.jpg;test;type1;easy;type1/easy
images/synthetic/syn_v2_2026091401_02784.jpg;train;type1;medium;type1/medium
images/synthetic/syn_v2_2026091401_02785.jpg;val;type1;hard;type1/hard
images/synthetic/syn_v2_2026091401_02786.jpg;train;type1;medium;type1/medium
images/synthetic/syn_v2_2026091401_02787.jpg;train;type1b;easy;type1b/easy
images/synthetic/syn_v2_2026091401_02788.jpg;train;type1a;easy;type1a/easy
images/synthetic/syn_v2_2026091401_02789.jpg;train;type1a;easy;type1a/easy
images/synthetic/syn_v2_2026091401_02790.jpg;train;type1a;easy;type1a/easy
images/synthetic/syn_v2_2026091401_02791.jpg;train;type1a;medium;type1a/medium
images/synthetic/syn_v2_2026091401_02792.jpg;train;type1;medium;type1/medium
images/synthetic/syn_v2_2026091401_02793.jpg;train;type1b;medium;type1b/medium
images/synthetic/syn_v2_2026091401_02794.jpg;train;type1b;medium;type1b/medium
images/synthetic/syn_v2_2026091401_02795.jpg;train;type1b;hard;type1b/hard
images/synthetic/syn_v2_2026091401_02796.jpg;train;type1b;medium;type1b/medium
images/synthetic/syn_v2_2026091401_02797.jpg;train;type1b;hard;type1b/hard
images/synthetic/syn_v2_2026091401_02798.jpg;val;type1b;easy;type1b/easy
images/synthetic/syn_v2_2026091401_02799.jpg;train;type1b;hard;type1b/hard
images/synthetic/syn_v2_2026091401_02800.jpg;train;type1;medium;type1/medium
images/synthetic/syn_v2_2026091401_02801.jpg;train;type1b;medium;type1b/medium
images/synthetic/syn_v2_2026091401_02802.jpg;train;type1b;medium;type1b/medium
images/synthetic/syn_v2_2026091401_02803.jpg;train;type1;medium;type1/medium
images/synthetic/syn_v2_2026091401_02804.jpg;train;type1b;medium;type1b/medium
images/synthetic/syn_v2_2026091401_02805.jpg;val;type1;medium;type1/medium
images/synthetic/syn_v2_2026091401_02806.jpg;train;type1a;medium;type1a/medium
images/synthetic/syn_v2_2026091401_02807.jpg;train;type1a;hard;type1a/hard
images/synthetic/syn_v2_2026091401_02808.jpg;val;type1a;medium;type1a/medium
images/synthetic/syn_v2_2026091401_02809.jpg;train;type1a;medium;type1a/medium
images/synthetic/syn_v2_2026091401_02810.jpg;train;type1b;medium;type1b/medium
images/synthetic/syn_v2_2026091401_02811.jpg;train;type1b;hard;type1b/hard
images/synthetic/syn_v2_2026091401_02812.jpg;train;type1;medium;type1/medium
images/synthetic/syn_v2_2026091401_02813.jpg;train;type1b;medium;type1b/medium
images/synthetic/syn_v2_2026091401_02814.jpg;train;type1a;hard;type1a/hard
images/synthetic/syn_v2_2026091401_02815.jpg;train;type1b;medium;type1b/medium
images/synthetic/syn_v2_2026091401_02816.jpg;train;type1b;easy;type1b/easy
images/synthetic/syn_v2_2026091401_02817.jpg;train;type1a;easy;type1a/easy
images/synthetic/syn_v2_2026091401_02818.jpg;train;type1a;easy;type1a/easy
images/synthetic/syn_v2_2026091401_02819.jpg;train;type1;hard;type1/hard
images/synthetic/syn_v2_2026091401_02820.jpg;train;type1b;medium;type1b/medium
images/synthetic/syn_v2_2026091401_02821.jpg;train;type1a;medium;type1a/medium
images/synthetic/syn_v2_2026091401_02822.jpg;train;type1a;medium;type1a/medium
images/synthetic/syn_v2_2026091401_02823.jpg;train;type1b;hard;type1b/hard
images/synthetic/syn_v2_2026091401_02824.jpg;train;type1b;easy;type1b/easy
images/synthetic/syn_v2_2026091401_02825.jpg;test;type1b;medium;type1b/medium
images/synthetic/syn_v2_2026091401_02826.jpg;train;type1b;medium;type1b/medium
images/synthetic/syn_v2_2026091401_02827.jpg;train;type1;hard;type1/hard
images/synthetic/syn_v2_2026091401_02828.jpg;train;type1a;hard;type1a/hard
images/synthetic/syn_v2_2026091401_02829.jpg;train;type1b;medium;type1b/medium
images/synthetic/syn_v2_2026091401_02830.jpg;train;type1b;easy;type1b/easy
images/synthetic/syn_v2_2026091401_02831.jpg;train;type1b;medium;type1b/medium
images/synthetic/syn_v2_2026091401_02832.jpg;train;type1a;easy;type1a/easy
images/synthetic/syn_v2_2026091401_02833.jpg;test;type1b;medium;type1b/medium
images/synthetic/syn_v2_2026091401_02834.jpg;train;type1b;medium;type1b/medium
images/synthetic/syn_v2_2026091401_02835.jpg;train;type1;easy;type1/easy
images/synthetic/syn_v2_2026091401_02836.jpg;train;type1;medium;type1/medium
images/synthetic/syn_v2_2026091401_02837.jpg;train;type1a;hard;type1a/hard
images/synthetic/syn_v2_2026091401_02838.jpg;train;type1b;medium;type1b/medium
images/synthetic/syn_v2_2026091401_02839.jpg;train;type1;medium;type1/medium
images/synthetic/syn_v2_2026091401_02840.jpg;train;type1a;easy;type1a/easy
images/synthetic/syn_v2_2026091401_02841.jpg;train;type1a;hard;type1a/hard
images/synthetic/syn_v2_2026091401_02842.jpg;train;type1b;medium;type1b/medium
images/synthetic/syn_v2_2026091401_02843.jpg;train;type1;medium;type1/medium
images/synthetic/syn_v2_2026091401_02844.jpg;train;type1;easy;type1/easy
images/synthetic/syn_v2_2026091401_02845.jpg;train;type1;medium;type1/medium
images/synthetic/syn_v2_2026091401_02846.jpg;train;type1b;medium;type1b/medium
images/synthetic/syn_v2_2026091401_02847.jpg;train;type1b;medium;type1b/medium
images/synthetic/syn_v2_2026091401_02848.jpg;train;type1a;easy;type1a/easy
images/synthetic/syn_v2_2026091401_02849.jpg;train;type1;medium;type1/medium
images/synthetic/syn_v2_2026091401_02850.jpg;train;type1b;hard;type1b/hard
images/synthetic/syn_v2_2026091401_02851.jpg;train;type1b;easy;type1b/easy
images/synthetic/syn_v2_2026091401_02852.jpg;train;type1b;hard;type1b/hard
images/synthetic/syn_v2_2026091401_02853.jpg;val;type1a;hard;type1a/hard
images/synthetic/syn_v2_2026091401_02854.jpg;val;type1a;hard;type1a/hard
images/synthetic/syn_v2_2026091401_02855.jpg;train;type1b;easy;type1b/easy
images/synthetic/syn_v2_2026091401_02856.jpg;train;type1b;medium;type1b/medium
images/synthetic/syn_v2_2026091401_02857.jpg;train;type1b;medium;type1b/medium
images/synthetic/syn_v2_2026091401_02858.jpg;train;type1a;medium;type1a/medium
images/synthetic/syn_v2_2026091401_02859.jpg;train;type1;easy;type1/easy
images/synthetic/syn_v2_2026091401_02860.jpg;val;type1b;easy;type1b/easy
images/synthetic/syn_v2_2026091401_02861.jpg;train;type1b;easy;type1b/easy
images/synthetic/syn_v2_2026091401_02862.jpg;train;type1b;easy;type1b/easy
images/synthetic/syn_v2_2026091401_02863.jpg;train;type1a;medium;type1a/medium
images/synthetic/syn_v2_2026091401_02864.jpg;train;type1a;medium;type1a/medium
images/synthetic/syn_v2_2026091401_02865.jpg;train;type1;medium;type1/medium
images/synthetic/syn_v2_2026091401_02866.jpg;val;type1a;medium;type1a/medium
images/synthetic/syn_v2_2026091401_02867.jpg;train;type1b;easy;type1b/easy
images/synthetic/syn_v2_2026091401_02868.jpg;train;type1b;medium;type1b/medium
images/synthetic/syn_v2_2026091401_02869.jpg;train;type1b;medium;type1b/medium
images/synthetic/syn_v2_2026091401_02870.jpg;train;type1a;medium;type1a/medium
images/synthetic/syn_v2_2026091401_02871.jpg;val;type1b;hard;type1b/hard
images/synthetic/syn_v2_2026091401_02872.jpg;train;type1a;medium;type1a/medium
images/synthetic/syn_v2_2026091401_02873.jpg;train;type1a;medium;type1a/medium
images/synthetic/syn_v2_2026091401_02874.jpg;train;type1a;medium;type1a/medium
images/synthetic/syn_v2_2026091401_02875.jpg;train;type1b;medium;type1b/medium
images/synthetic/syn_v2_2026091401_02876.jpg;train;type1a;medium;type1a/medium
images/synthetic/syn_v2_2026091401_02877.jpg;train;type1b;medium;type1b/medium
images/synthetic/syn_v2_2026091401_02878.jpg;train;type1;medium;type1/medium
images/synthetic/syn_v2_2026091401_02879.jpg;train;type1;easy;type1/easy
images/synthetic/syn_v2_2026091401_02880.jpg;train;type1;medium;type1/medium
images/synthetic/syn_v2_2026091401_02881.jpg;train;type1b;easy;type1b/easy
images/synthetic/syn_v2_2026091401_02882.jpg;train;type1b;easy;type1b/easy
images/synthetic/syn_v2_2026091401_02883.jpg;test;type1b;easy;type1b/easy
images/synthetic/syn_v2_2026091401_02884.jpg;train;type1b;medium;type1b/medium
images/synthetic/syn_v2_2026091401_02885.jpg;train;type1a;easy;type1a/easy
images/synthetic/syn_v2_2026091401_02886.jpg;train;type1a;hard;type1a/hard
images/synthetic/syn_v2_2026091401_02887.jpg;train;type1b;easy;type1b/easy
images/synthetic/syn_v2_2026091401_02888.jpg;train;type1b;hard;type1b/hard
images/synthetic/syn_v2_2026091401_02889.jpg;train;type1a;hard;type1a/hard
images/synthetic/syn_v2_2026091401_02890.jpg;train;type1;medium;type1/medium
images/synthetic/syn_v2_2026091401_02891.jpg;train;type1a;medium;type1a/medium
images/synthetic/syn_v2_2026091401_02892.jpg;train;type1b;easy;type1b/easy
images/synthetic/syn_v2_2026091401_02893.jpg;train;type1b;easy;type1b/easy
images/synthetic/syn_v2_2026091401_02894.jpg;train;type1b;hard;type1b/hard
images/synthetic/syn_v2_2026091401_02895.jpg;train;type1b;easy;type1b/easy
images/synthetic/syn_v2_2026091401_02896.jpg;train;type1a;medium;type1a/medium
images/synthetic/syn_v2_2026091401_02897.jpg;test;type1b;medium;type1b/medium
images/synthetic/syn_v2_2026091401_02898.jpg;train;type1;easy;type1/easy
images/synthetic/syn_v2_2026091401_02899.jpg;train;type1b;easy;type1b/easy
images/synthetic/syn_v2_2026091401_02900.jpg;train;type1;medium;type1/medium
images/synthetic/syn_v2_2026091401_02901.jpg;train;type1b;medium;type1b/medium
images/synthetic/syn_v2_2026091401_02902.jpg;train;type1;medium;type1/medium
images/synthetic/syn_v2_2026091401_02903.jpg;train;type1a;medium;type1a/medium
images/synthetic/syn_v2_2026091401_02904.jpg;train;type1a;easy;type1a/easy
images/synthetic/syn_v2_2026091401_02905.jpg;train;type1a;medium;type1a/medium
images/synthetic/syn_v2_2026091401_02906.jpg;train;type1b;medium;type1b/medium
images/synthetic/syn_v2_2026091401_02907.jpg;train;type1a;medium;type1a/medium
images/synthetic/syn_v2_2026091401_02908.jpg;train;type1b;easy;type1b/easy
images/synthetic/syn_v2_2026091401_02909.jpg;test;type1;medium;type1/medium
images/synthetic/syn_v2_2026091401_02910.jpg;train;type1a;easy;type1a/easy
images/synthetic/syn_v2_2026091401_02911.jpg;train;type1;easy;type1/easy
images/synthetic/syn_v2_2026091401_02912.jpg;train;type1b;hard;type1b/hard
images/synthetic/syn_v2_2026091401_02913.jpg;train;type1a;hard;type1a/hard
images/synthetic/syn_v2_2026091401_02914.jpg;train;type1b;medium;type1b/medium
images/synthetic/syn_v2_2026091401_02915.jpg;train;type1a;easy;type1a/easy
images/synthetic/syn_v2_2026091401_02916.jpg;val;type1a;medium;type1a/medium
images/synthetic/syn_v2_2026091401_02917.jpg;train;type1a;hard;type1a/hard
images/synthetic/syn_v2_2026091401_02918.jpg;train;type1;medium;type1/medium
images/synthetic/syn_v2_2026091401_02919.jpg;train;type1a;easy;type1a/easy
images/synthetic/syn_v2_2026091401_02920.jpg;train;type1a;easy;type1a/easy
images/synthetic/syn_v2_2026091401_02921.jpg;train;type1b;easy;type1b/easy
images/synthetic/syn_v2_2026091401_02922.jpg;train;type1a;hard;type1a/hard
images/synthetic/syn_v2_2026091401_02923.jpg;train;type1a;easy;type1a/easy
images/synthetic/syn_v2_2026091401_02924.jpg;train;type1b;easy;type1b/easy
images/synthetic/syn_v2_2026091401_02925.jpg;train;type1a;medium;type1a/medium
images/synthetic/syn_v2_2026091401_02926.jpg;val;type1a;easy;type1a/easy
images/synthetic/syn_v2_2026091401_02927.jpg;train;type1a;easy;type1a/easy
images/synthetic/syn_v2_2026091401_02928.jpg;train;type1b;medium;type1b/medium
images/synthetic/syn_v2_2026091401_02929.jpg;train;type1a;easy;type1a/easy
images/synthetic/syn_v2_2026091401_02930.jpg;train;type1b;hard;type1b/hard
images/synthetic/syn_v2_2026091401_02931.jpg;train;type1;easy;type1/easy
images/synthetic/syn_v2_2026091401_02932.jpg;train;type1b;hard;type1b/hard
images/synthetic/syn_v2_2026091401_02933.jpg;test;type1b;easy;type1b/easy
images/synthetic/syn_v2_2026091401_02934.jpg;train;type1a;hard;type1a/hard
images/synthetic/syn_v2_2026091401_02935.jpg;train;type1b;easy;type1b/easy
images/synthetic/syn_v2_2026091401_02936.jpg;train;type1;easy;type1/easy
images/synthetic/syn_v2_2026091401_02937.jpg;train;type1b;medium;type1b/medium
images/synthetic/syn_v2_2026091401_02938.jpg;train;type1b;hard;type1b/hard
images/synthetic/syn_v2_2026091401_02939.jpg;train;type1;medium;type1/medium
images/synthetic/syn_v2_2026091401_02940.jpg;train;type1b;hard;type1b/hard
images/synthetic/syn_v2_2026091401_02941.jpg;train;type1a;hard;type1a/hard
images/synthetic/syn_v2_2026091401_02942.jpg;train;type1b;hard;type1b/hard
images/synthetic/syn_v2_2026091401_02943.jpg;train;type1a;medium;type1a/medium
images/synthetic/syn_v2_2026091401_02944.jpg;val;type1b;medium;type1b/medium
images/synthetic/syn_v2_2026091401_02945.jpg;train;type1b;medium;type1b/medium
images/synthetic/syn_v2_2026091401_02946.jpg;train;type1a;medium;type1a/medium
images/synthetic/syn_v2_2026091401_02947.jpg;train;type1b;hard;type1b/hard
images/synthetic/syn_v2_2026091401_02948.jpg;train;type1b;medium;type1b/medium
images/synthetic/syn_v2_2026091401_02949.jpg;train;type1;easy;type1/easy
images/synthetic/syn_v2_2026091401_02950.jpg;train;type1b;easy;type1b/easy
images/synthetic/syn_v2_2026091401_02951.jpg;train;type1;medium;type1/medium
images/synthetic/syn_v2_2026091401_02952.jpg;train;type1;hard;type1/hard
images/synthetic/syn_v2_2026091401_02953.jpg;train;type1b;medium;type1b/medium
images/synthetic/syn_v2_2026091401_02954.jpg;train;type1b;hard;type1b/hard
images/synthetic/syn_v2_2026091401_02955.jpg;train;type1b;easy;type1b/easy
images/synthetic/syn_v2_2026091401_02956.jpg;train;type1a;hard;type1a/hard
images/synthetic/syn_v2_2026091401_02957.jpg;train;type1b;hard;type1b/hard
images/synthetic/syn_v2_2026091401_02958.jpg;train;type1;easy;type1/easy
images/synthetic/syn_v2_2026091401_02959.jpg;train;type1b;easy;type1b/easy
images/synthetic/syn_v2_2026091401_02960.jpg;train;type1;easy;type1/easy
images/synthetic/syn_v2_2026091401_02961.jpg;train;type1b;medium;type1b/medium
images/synthetic/syn_v2_2026091401_02962.jpg;train;type1a;hard;type1a/hard
images/synthetic/syn_v2_2026091401_02963.jpg;train;type1a;easy;type1a/easy
images/synthetic/syn_v2_2026091401_02964.jpg;train;type1b;hard;type1b/hard
images/synthetic/syn_v2_2026091401_02965.jpg;train;type1;medium;type1/medium
images/synthetic/syn_v2_2026091401_02966.jpg;val;type1b;easy;type1b/easy
images/synthetic/syn_v2_2026091401_02967.jpg;train;type1;medium;type1/medium
images/synthetic/syn_v2_2026091401_02968.jpg;train;type1a;easy;type1a/easy
images/synthetic/syn_v2_2026091401_02969.jpg;train;type1;easy;type1/easy
images/synthetic/syn_v2_2026091401_02970.jpg;train;type1;easy;type1/easy
images/synthetic/syn_v2_2026091401_02971.jpg;train;type1b;medium;type1b/medium
images/synthetic/syn_v2_2026091401_02972.jpg;train;type1a;medium;type1a/medium
images/synthetic/syn_v2_2026091401_02973.jpg;train;type1a;hard;type1a/hard
images/synthetic/syn_v2_2026091401_02974.jpg;val;type1a;easy;type1a/easy
images/synthetic/syn_v2_2026091401_02975.jpg;train;type1a;easy;type1a/easy
images/synthetic/syn_v2_2026091401_02976.jpg;train;type1a;easy;type1a/easy
images/synthetic/syn_v2_2026091401_02977.jpg;train;type1a;medium;type1a/medium
images/synthetic/syn_v2_2026091401_02978.jpg;train;type1a;hard;type1a/hard
images/synthetic/syn_v2_2026091401_02979.jpg;val;type1a;medium;type1a/medium
images/synthetic/syn_v2_2026091401_02980.jpg;train;type1a;easy;type1a/easy
images/synthetic/syn_v2_2026091401_02981.jpg;train;type1b;medium;type1b/medium
images/synthetic/syn_v2_2026091401_02982.jpg;train;type1a;medium;type1a/medium
images/synthetic/syn_v2_2026091401_02983.jpg;train;type1;easy;type1/easy
images/synthetic/syn_v2_2026091401_02984.jpg;train;type1a;medium;type1a/medium
images/synthetic/syn_v2_2026091401_02985.jpg;train;type1a;easy;type1a/easy
images/synthetic/syn_v2_2026091401_02986.jpg;train;type1;hard;type1/hard
images/synthetic/syn_v2_2026091401_02987.jpg;test;type1b;easy;type1b/easy
images/synthetic/syn_v2_2026091401_02988.jpg;train;type1;medium;type1/medium
images/synthetic/syn_v2_2026091401_02989.jpg;train;type1b;easy;type1b/easy
images/synthetic/syn_v2_2026091401_02990.jpg;train;type1b;medium;type1b/medium
images/synthetic/syn_v2_2026091401_02991.jpg;val;type1b;easy;type1b/easy
images/synthetic/syn_v2_2026091401_02992.jpg;train;type1a;easy;type1a/easy
images/synthetic/syn_v2_2026091401_02993.jpg;train;type1;hard;type1/hard
images/synthetic/syn_v2_2026091401_02994.jpg;val;type1b;hard;type1b/hard
images/synthetic/syn_v2_2026091401_02995.jpg;train;type1a;medium;type1a/medium
images/synthetic/syn_v2_2026091401_02996.jpg;test;type1a;hard;type1a/hard
images/synthetic/syn_v2_2026091401_02997.jpg;train;type1b;hard;type1b/hard
images/synthetic/syn_v2_2026091401_02998.jpg;train;type1a;medium;type1a/medium
images/synthetic/syn_v2_2026091401_02999.jpg;test;type1a;hard;type1a/hard
images/synthetic/syn_v2_2026091401_03000.jpg;train;type1b;easy;type1b/easy
images/synthetic/syn_v2_2026091401_03001.jpg;train;type1b;hard;type1b/hard
images/synthetic/syn_v2_2026091401_03002.jpg;train;type1;easy;type1/easy
images/synthetic/syn_v2_2026091401_03003.jpg;train;type1b;medium;type1b/medium
images/synthetic/syn_v2_2026091401_03004.jpg;train;type1a;medium;type1a/medium
images/synthetic/syn_v2_2026091401_03005.jpg;train;type1a;medium;type1a/medium
images/synthetic/syn_v2_2026091401_03006.jpg;val;type1a;easy;type1a/easy
images/synthetic/syn_v2_2026091401_03007.jpg;train;type1a;medium;type1a/medium
images/synthetic/syn_v2_2026091401_03008.jpg;train;type1;medium;type1/medium
images/synthetic/syn_v2_2026091401_03009.jpg;train;type1a;hard;type1a/hard
images/synthetic/syn_v2_2026091401_03010.jpg;train;type1a;easy;type1a/easy
images/synthetic/syn_v2_2026091401_03011.jpg;train;type1;medium;type1/medium
images/synthetic/syn_v2_2026091401_03012.jpg;test;type1b;medium;type1b/medium
images/synthetic/syn_v2_2026091401_03013.jpg;train;type1;easy;type1/easy
images/synthetic/syn_v2_2026091401_03014.jpg;val;type1b;hard;type1b/hard
images/synthetic/syn_v2_2026091401_03015.jpg;train;type1;easy;type1/easy
images/synthetic/syn_v2_2026091401_03016.jpg;train;type1b;hard;type1b/hard
images/synthetic/syn_v2_2026091401_03017.jpg;train;type1a;medium;type1a/medium
images/synthetic/syn_v2_2026091401_03018.jpg;train;type1;medium;type1/medium
images/synthetic/syn_v2_2026091401_03019.jpg;train;type1b;medium;type1b/medium
images/synthetic/syn_v2_2026091401_03020.jpg;train;type1b;easy;type1b/easy
images/synthetic/syn_v2_2026091401_03021.jpg;train;type1;easy;type1/easy
images/synthetic/syn_v2_2026091401_03022.jpg;val;type1b;medium;type1b/medium
images/synthetic/syn_v2_2026091401_03023.jpg;train;type1;hard;type1/hard
images/synthetic/syn_v2_2026091401_03024.jpg;train;type1b;easy;type1b/easy
images/synthetic/syn_v2_2026091401_03025.jpg;train;type1b;medium;type1b/medium
images/synthetic/syn_v2_2026091401_03026.jpg;train;type1a;medium;type1a/medium
images/synthetic/syn_v2_2026091401_03027.jpg;train;type1b;medium;type1b/medium
images/synthetic/syn_v2_2026091401_03028.jpg;train;type1b;easy;type1b/easy
images/synthetic/syn_v2_2026091401_03029.jpg;train;type1;easy;type1/easy
images/synthetic/syn_v2_2026091401_03030.jpg;train;type1a;medium;type1a/medium
images/synthetic/syn_v2_2026091401_03031.jpg;train;type1b;easy;type1b/easy
images/synthetic/syn_v2_2026091401_03032.jpg;train;type1b;easy;type1b/easy
images/synthetic/syn_v2_2026091401_03033.jpg;train;type1;hard;type1/hard
images/synthetic/syn_v2_2026091401_03034.jpg;train;type1a;medium;type1a/medium
images/synthetic/syn_v2_2026091401_03035.jpg;train;type1;medium;type1/medium
images/synthetic/syn_v2_2026091401_03036.jpg;train;type1b;medium;type1b/medium
images/synthetic/syn_v2_2026091401_03037.jpg;train;type1a;hard;type1a/hard
images/synthetic/syn_v2_2026091401_03038.jpg;train;type1b;easy;type1b/easy
images/synthetic/syn_v2_2026091401_03039.jpg;train;type1b;easy;type1b/easy
images/synthetic/syn_v2_2026091401_03040.jpg;train;type1b;easy;type1b/easy
images/synthetic/syn_v2_2026091401_03041.jpg;train;type1a;medium;type1a/medium
images/synthetic/syn_v2_2026091401_03042.jpg;train;type1a;easy;type1a/easy
images/synthetic/syn_v2_2026091401_03043.jpg;train;type1a;easy;type1a/easy
images/synthetic/syn_v2_2026091401_03044.jpg;train;type1b;medium;type1b/medium
images/synthetic/syn_v2_2026091401_03045.jpg;train;type1a;easy;type1a/easy
images/synthetic/syn_v2_2026091401_03046.jpg;train;type1a;medium;type1a/medium
images/synthetic/syn_v2_2026091401_03047.jpg;train;type1a;medium;type1a/medium
images/synthetic/syn_v2_2026091401_03048.jpg;train;type1a;easy;type1a/easy
images/synthetic/syn_v2_2026091401_03049.jpg;train;type1a;medium;type1a/medium
images/synthetic/syn_v2_2026091401_03050.jpg;val;type1a;medium;type1a/medium
images/synthetic/syn_v2_2026091401_03051.jpg;train;type1a;easy;type1a/easy
images/synthetic/syn_v2_2026091401_03052.jpg;train;type1b;medium;type1b/medium
images/synthetic/syn_v2_2026091401_03053.jpg;train;type1a;easy;type1a/easy
images/synthetic/syn_v2_2026091401_03054.jpg;train;type1b;easy;type1b/easy
images/synthetic/syn_v2_2026091401_03055.jpg;train;type1;hard;type1/hard
images/synthetic/syn_v2_2026091401_03056.jpg;train;type1b;easy;type1b/easy
images/synthetic/syn_v2_2026091401_03057.jpg;train;type1a;medium;type1a/medium
images/synthetic/syn_v2_2026091401_03058.jpg;train;type1a;medium;type1a/medium
images/synthetic/syn_v2_2026091401_03059.jpg;train;type1b;medium;type1b/medium
images/synthetic/syn_v2_2026091401_03060.jpg;train;type1a;easy;type1a/easy
images/synthetic/syn_v2_2026091401_03061.jpg;train;type1b;medium;type1b/medium
images/synthetic/syn_v2_2026091401_03062.jpg;train;type1b;easy;type1b/easy
images/synthetic/syn_v2_2026091401_03063.jpg;train;type1;hard;type1/hard
images/synthetic/syn_v2_2026091401_03064.jpg;train;type1b;easy;type1b/easy
images/synthetic/syn_v2_2026091401_03065.jpg;train;type1b;medium;type1b/medium
images/synthetic/syn_v2_2026091401_03066.jpg;val;type1a;easy;type1a/easy
images/synthetic/syn_v2_2026091401_03067.jpg;val;type1b;easy;type1b/easy
images/synthetic/syn_v2_2026091401_03068.jpg;train;type1;easy;type1/easy
images/synthetic/syn_v2_2026091401_03069.jpg;train;type1a;medium;type1a/medium
images/synthetic/syn_v2_2026091401_03070.jpg;train;type1a;easy;type1a/easy
images/synthetic/syn_v2_2026091401_03071.jpg;train;type1a;hard;type1a/hard
images/synthetic/syn_v2_2026091401_03072.jpg;val;type1b;medium;type1b/medium
images/synthetic/syn_v2_2026091401_03073.jpg;train;type1a;hard;type1a/hard
images/synthetic/syn_v2_2026091401_03074.jpg;train;type1a;easy;type1a/easy
images/synthetic/syn_v2_2026091401_03075.jpg;train;type1a;medium;type1a/medium
images/synthetic/syn_v2_2026091401_03076.jpg;train;type1a;medium;type1a/medium
images/synthetic/syn_v2_2026091401_03077.jpg;train;type1a;hard;type1a/hard
images/synthetic/syn_v2_2026091401_03078.jpg;train;type1a;medium;type1a/medium
images/synthetic/syn_v2_2026091401_03079.jpg;train;type1a;easy;type1a/easy
images/synthetic/syn_v2_2026091401_03080.jpg;train;type1b;easy;type1b/easy
images/synthetic/syn_v2_2026091401_03081.jpg;train;type1b;easy;type1b/easy
images/synthetic/syn_v2_2026091401_03082.jpg;train;type1b;hard;type1b/hard
images/synthetic/syn_v2_2026091401_03083.jpg;train;type1;medium;type1/medium
images/synthetic/syn_v2_2026091401_03084.jpg;train;type1;easy;type1/easy
images/synthetic/syn_v2_2026091401_03085.jpg;train;type1b;medium;type1b/medium
images/synthetic/syn_v2_2026091401_03086.jpg;test;type1;medium;type1/medium
images/synthetic/syn_v2_2026091401_03087.jpg;train;type1a;medium;type1a/medium
images/synthetic/syn_v2_2026091401_03088.jpg;train;type1;medium;type1/medium
images/synthetic/syn_v2_2026091401_03089.jpg;train;type1b;easy;type1b/easy
images/synthetic/syn_v2_2026091401_03090.jpg;train;type1a;hard;type1a/hard
images/synthetic/syn_v2_2026091401_03091.jpg;train;type1a;medium;type1a/medium
images/synthetic/syn_v2_2026091401_03092.jpg;train;type1;medium;type1/medium
images/synthetic/syn_v2_2026091401_03093.jpg;train;type1b;medium;type1b/medium
images/synthetic/syn_v2_2026091401_03094.jpg;train;type1;hard;type1/hard
images/synthetic/syn_v2_2026091401_03095.jpg;train;type1b;easy;type1b/easy
images/synthetic/syn_v2_2026091401_03096.jpg;train;type1a;medium;type1a/medium
images/synthetic/syn_v2_2026091401_03097.jpg;train;type1a;easy;type1a/easy
images/synthetic/syn_v2_2026091401_03098.jpg;train;type1a;easy;type1a/easy
images/synthetic/syn_v2_2026091401_03099.jpg;train;type1a;medium;type1a/medium
images/synthetic/syn_v2_2026091401_03100.jpg;val;type1a;medium;type1a/medium
images/synthetic/syn_v2_2026091401_03101.jpg;train;type1a;medium;type1a/medium
images/synthetic/syn_v2_2026091401_03102.jpg;train;type1a;easy;type1a/easy
images/synthetic/syn_v2_2026091401_03103.jpg;train;type1b;easy;type1b/easy
images/synthetic/syn_v2_2026091401_03104.jpg;train;type1b;hard;type1b/hard
images/synthetic/syn_v2_2026091401_03105.jpg;val;type1b;easy;type1b/easy
images/synthetic/syn_v2_2026091401_03106.jpg;train;type1a;medium;type1a/medium
images/synthetic/syn_v2_2026091401_03107.jpg;train;type1a;easy;type1a/easy
images/synthetic/syn_v2_2026091401_03108.jpg;train;type1b;medium;type1b/medium
images/synthetic/syn_v2_2026091401_03109.jpg;train;type1a;medium;type1a/medium
images/synthetic/syn_v2_2026091401_03110.jpg;val;type1b;medium;type1b/medium
images/synthetic/syn_v2_2026091401_03111.jpg;val;type1a;hard;type1a/hard
images/synthetic/syn_v2_2026091401_03112.jpg;train;type1b;hard;type1b/hard
images/synthetic/syn_v2_2026091401_03113.jpg;train;type1a;medium;type1a/medium
images/synthetic/syn_v2_2026091401_03114.jpg;train;type1b;easy;type1b/easy
images/synthetic/syn_v2_2026091401_03115.jpg;train;type1b;medium;type1b/medium
images/synthetic/syn_v2_2026091401_03116.jpg;train;type1;easy;type1/easy
images/synthetic/syn_v2_2026091401_03117.jpg;train;type1;easy;type1/easy
images/synthetic/syn_v2_2026091401_03118.jpg;train;type1a;medium;type1a/medium
images/synthetic/syn_v2_2026091401_03119.jpg;train;type1b;hard;type1b/hard
images/synthetic/syn_v2_2026091401_03120.jpg;val;type1b;easy;type1b/easy
images/synthetic/syn_v2_2026091401_03121.jpg;train;type1b;medium;type1b/medium
images/synthetic/syn_v2_2026091401_03122.jpg;train;type1b;easy;type1b/easy
images/synthetic/syn_v2_2026091401_03123.jpg;train;type1a;medium;type1a/medium
images/synthetic/syn_v2_2026091401_03124.jpg;val;type1a;hard;type1a/hard
images/synthetic/syn_v2_2026091401_03125.jpg;train;type1a;easy;type1a/easy
images/synthetic/syn_v2_2026091401_03126.jpg;train;type1b;medium;type1b/medium
images/synthetic/syn_v2_2026091401_03127.jpg;train;type1b;easy;type1b/easy
images/synthetic/syn_v2_2026091401_03128.jpg;train;type1a;easy;type1a/easy
images/synthetic/syn_v2_2026091401_03129.jpg;train;type1b;medium;type1b/medium
images/synthetic/syn_v2_2026091401_03130.jpg;train;type1b;medium;type1b/medium
images/synthetic/syn_v2_2026091401_03131.jpg;train;type1b;medium;type1b/medium
images/synthetic/syn_v2_2026091401_03132.jpg;train;type1a;medium;type1a/medium
images/synthetic/syn_v2_2026091401_03133.jpg;test;type1b;hard;type1b/hard
images/synthetic/syn_v2_2026091401_03134.jpg;train;type1b;hard;type1b/hard
images/synthetic/syn_v2_2026091401_03135.jpg;train;type1a;medium;type1a/medium
images/synthetic/syn_v2_2026091401_03136.jpg;train;type1a;easy;type1a/easy
images/synthetic/syn_v2_2026091401_03137.jpg;train;type1b;hard;type1b/hard
images/synthetic/syn_v2_2026091401_03138.jpg;train;type1b;easy;type1b/easy
images/synthetic/syn_v2_2026091401_03139.jpg;train;type1a;hard;type1a/hard
images/synthetic/syn_v2_2026091401_03140.jpg;val;type1;medium;type1/medium
images/synthetic/syn_v2_2026091401_03141.jpg;train;type1a;easy;type1a/easy
images/synthetic/syn_v2_2026091401_03142.jpg;train;type1a;medium;type1a/medium
images/synthetic/syn_v2_2026091401_03143.jpg;train;type1a;hard;type1a/hard
images/synthetic/syn_v2_2026091401_03144.jpg;train;type1a;medium;type1a/medium
images/synthetic/syn_v2_2026091401_03145.jpg;test;type1a;hard;type1a/hard
images/synthetic/syn_v2_2026091401_03146.jpg;train;type1;easy;type1/easy
images/synthetic/syn_v2_2026091401_03147.jpg;val;type1b;medium;type1b/medium
images/synthetic/syn_v2_2026091401_03148.jpg;train;type1b;hard;type1b/hard
images/synthetic/syn_v2_2026091401_03149.jpg;train;type1b;medium;type1b/medium
images/synthetic/syn_v2_2026091401_03150.jpg;test;type1;easy;type1/easy
images/synthetic/syn_v2_2026091401_03151.jpg;train;type1b;medium;type1b/medium
images/synthetic/syn_v2_2026091401_03152.jpg;train;type1b;medium;type1b/medium
images/synthetic/syn_v2_2026091401_03153.jpg;train;type1a;hard;type1a/hard
images/synthetic/syn_v2_2026091401_03154.jpg;train;type1b;easy;type1b/easy
images/synthetic/syn_v2_2026091401_03155.jpg;train;type1b;easy;type1b/easy
images/synthetic/syn_v2_2026091401_03156.jpg;train;type1b;easy;type1b/easy
images/synthetic/syn_v2_2026091401_03157.jpg;train;type1b;medium;type1b/medium
images/synthetic/syn_v2_2026091401_03158.jpg;train;type1b;easy;type1b/easy
images/synthetic/syn_v2_2026091401_03159.jpg;train;type1b;easy;type1b/easy
images/synthetic/syn_v2_2026091401_03160.jpg;train;type1a;medium;type1a/medium
images/synthetic/syn_v2_2026091401_03161.jpg;train;type1a;easy;type1a/easy
images/synthetic/syn_v2_2026091401_03162.jpg;train;type1;hard;type1/hard
images/synthetic/syn_v2_2026091401_03163.jpg;train;type1;medium;type1/medium
images/synthetic/syn_v2_2026091401_03164.jpg;train;type1a;easy;type1a/easy
images/synthetic/syn_v2_2026091401_03165.jpg;train;type1b;easy;type1b/easy
images/synthetic/syn_v2_2026091401_03166.jpg;train;type1a;hard;type1a/hard
images/synthetic/syn_v2_2026091401_03167.jpg;train;type1;medium;type1/medium
images/synthetic/syn_v2_2026091401_03168.jpg;train;type1a;medium;type1a/medium
images/synthetic/syn_v2_2026091401_03169.jpg;train;type1b;hard;type1b/hard
images/synthetic/syn_v2_2026091401_03170.jpg;train;type1;hard;type1/hard
images/synthetic/syn_v2_2026091401_03171.jpg;train;type1a;medium;type1a/medium
images/synthetic/syn_v2_2026091401_03172.jpg;train;type1b;medium;type1b/medium
images/synthetic/syn_v2_2026091401_03173.jpg;test;type1b;medium;type1b/medium
images/synthetic/syn_v2_2026091401_03174.jpg;train;type1;hard;type1/hard
images/synthetic/syn_v2_2026091401_03175.jpg;train;type1;easy;type1/easy
images/synthetic/syn_v2_2026091401_03176.jpg;train;type1b;medium;type1b/medium
images/synthetic/syn_v2_2026091401_03177.jpg;train;type1;medium;type1/medium
images/synthetic/syn_v2_2026091401_03178.jpg;train;type1b;medium;type1b/medium
images/synthetic/syn_v2_2026091401_03179.jpg;train;type1b;hard;type1b/hard
images/synthetic/syn_v2_2026091401_03180.jpg;test;type1b;medium;type1b/medium
images/synthetic/syn_v2_2026091401_03181.jpg;train;type1;medium;type1/medium
images/synthetic/syn_v2_2026091401_03182.jpg;train;type1;medium;type1/medium
images/synthetic/syn_v2_2026091401_03183.jpg;train;type1;easy;type1/easy
images/synthetic/syn_v2_2026091401_03184.jpg;train;type1a;medium;type1a/medium
images/synthetic/syn_v2_2026091401_03185.jpg;val;type1a;hard;type1a/hard
images/synthetic/syn_v2_2026091401_03186.jpg;train;type1a;easy;type1a/easy
images/synthetic/syn_v2_2026091401_03187.jpg;train;type1;easy;type1/easy
images/synthetic/syn_v2_2026091401_03188.jpg;train;type1;hard;type1/hard
images/synthetic/syn_v2_2026091401_03189.jpg;train;type1b;easy;type1b/easy
images/synthetic/syn_v2_2026091401_03190.jpg;train;type1b;medium;type1b/medium
images/synthetic/syn_v2_2026091401_03191.jpg;train;type1b;easy;type1b/easy
images/synthetic/syn_v2_2026091401_03192.jpg;train;type1a;easy;type1a/easy
images/synthetic/syn_v2_2026091401_03193.jpg;train;type1a;easy;type1a/easy
images/synthetic/syn_v2_2026091401_03194.jpg;train;type1a;medium;type1a/medium
images/synthetic/syn_v2_2026091401_03195.jpg;train;type1b;medium;type1b/medium
images/synthetic/syn_v2_2026091401_03196.jpg;train;type1b;hard;type1b/hard
images/synthetic/syn_v2_2026091401_03197.jpg;train;type1;medium;type1/medium
images/synthetic/syn_v2_2026091401_03198.jpg;train;type1b;hard;type1b/hard
images/synthetic/syn_v2_2026091401_03199.jpg;train;type1b;medium;type1b/medium
images/synthetic/syn_v2_2026091401_03200.jpg;train;type1b;easy;type1b/easy
images/synthetic/syn_v2_2026091401_03201.jpg;train;type1b;medium;type1b/medium
images/synthetic/syn_v2_2026091401_03202.jpg;train;type1b;medium;type1b/medium
images/synthetic/syn_v2_2026091401_03203.jpg;test;type1;easy;type1/easy
images/synthetic/syn_v2_2026091401_03204.jpg;train;type1b;hard;type1b/hard
images/synthetic/syn_v2_2026091401_03205.jpg;train;type1b;easy;type1b/easy
images/synthetic/syn_v2_2026091401_03206.jpg;test;type1b;hard;type1b/hard
images/synthetic/syn_v2_2026091401_03207.jpg;train;type1a;easy;type1a/easy
images/synthetic/syn_v2_2026091401_03208.jpg;train;type1a;medium;type1a/medium
images/synthetic/syn_v2_2026091401_03209.jpg;train;type1b;easy;type1b/easy
images/synthetic/syn_v2_2026091401_03210.jpg;train;type1b;medium;type1b/medium
images/synthetic/syn_v2_2026091401_03211.jpg;train;type1a;easy;type1a/easy
images/synthetic/syn_v2_2026091401_03212.jpg;test;type1a;easy;type1a/easy
images/synthetic/syn_v2_2026091401_03213.jpg;train;type1a;medium;type1a/medium
images/synthetic/syn_v2_2026091401_03214.jpg;val;type1;hard;type1/hard
images/synthetic/syn_v2_2026091401_03215.jpg;train;type1a;easy;type1a/easy
images/synthetic/syn_v2_2026091401_03216.jpg;train;type1;easy;type1/easy
images/synthetic/syn_v2_2026091401_03217.jpg;val;type1a;easy;type1a/easy
images/synthetic/syn_v2_2026091401_03218.jpg;train;type1a;hard;type1a/hard
images/synthetic/syn_v2_2026091401_03219.jpg;train;type1a;easy;type1a/easy
images/synthetic/syn_v2_2026091401_03220.jpg;train;type1a;hard;type1a/hard
images/synthetic/syn_v2_2026091401_03221.jpg;train;type1;easy;type1/easy
images/synthetic/syn_v2_2026091401_03222.jpg;train;type1a;hard;type1a/hard
images/synthetic/syn_v2_2026091401_03223.jpg;train;type1;medium;type1/medium
images/synthetic/syn_v2_2026091401_03224.jpg;train;type1b;easy;type1b/easy
images/synthetic/syn_v2_2026091401_03225.jpg;train;type1b;medium;type1b/medium
images/synthetic/syn_v2_2026091401_03226.jpg;train;type1a;easy;type1a/easy
images/synthetic/syn_v2_2026091401_03227.jpg;val;type1b;hard;type1b/hard
images/synthetic/syn_v2_2026091401_03228.jpg;train;type1b;hard;type1b/hard
images/synthetic/syn_v2_2026091401_03229.jpg;train;type1b;hard;type1b/hard
images/synthetic/syn_v2_2026091401_03230.jpg;test;type1;easy;type1/easy
images/synthetic/syn_v2_2026091401_03231.jpg;train;type1a;medium;type1a/medium
images/synthetic/syn_v2_2026091401_03232.jpg;train;type1a;medium;type1a/medium
images/synthetic/syn_v2_2026091401_03233.jpg;train;type1a;easy;type1a/easy
images/synthetic/syn_v2_2026091401_03234.jpg;train;type1a;medium;type1a/medium
images/synthetic/syn_v2_2026091401_03235.jpg;train;type1;hard;type1/hard
images/synthetic/syn_v2_2026091401_03236.jpg;train;type1b;medium;type1b/medium
images/synthetic/syn_v2_2026091401_03237.jpg;train;type1;easy;type1/easy
images/synthetic/syn_v2_2026091401_03238.jpg;test;type1b;hard;type1b/hard
images/synthetic/syn_v2_2026091401_03239.jpg;train;type1b;easy;type1b/easy
images/synthetic/syn_v2_2026091401_03240.jpg;train;type1;easy;type1/easy
images/synthetic/syn_v2_2026091401_03241.jpg;train;type1b;easy;type1b/easy
images/synthetic/syn_v2_2026091401_03242.jpg;train;type1b;hard;type1b/hard
images/synthetic/syn_v2_2026091401_03243.jpg;val;type1;medium;type1/medium
images/synthetic/syn_v2_2026091401_03244.jpg;train;type1b;easy;type1b/easy
images/synthetic/syn_v2_2026091401_03245.jpg;train;type1a;medium;type1a/medium
images/synthetic/syn_v2_2026091401_03246.jpg;train;type1a;hard;type1a/hard
images/synthetic/syn_v2_2026091401_03247.jpg;train;type1b;medium;type1b/medium
images/synthetic/syn_v2_2026091401_03248.jpg;train;type1a;easy;type1a/easy
images/synthetic/syn_v2_2026091401_03249.jpg;train;type1b;easy;type1b/easy
images/synthetic/syn_v2_2026091401_03250.jpg;train;type1;easy;type1/easy
images/synthetic/syn_v2_2026091401_03251.jpg;train;type1a;medium;type1a/medium
images/synthetic/syn_v2_2026091401_03252.jpg;train;type1b;hard;type1b/hard
images/synthetic/syn_v2_2026091401_03253.jpg;train;type1b;medium;type1b/medium
images/synthetic/syn_v2_2026091401_03254.jpg;train;type1a;hard;type1a/hard
images/synthetic/syn_v2_2026091401_03255.jpg;train;type1a;medium;type1a/medium
images/synthetic/syn_v2_2026091401_03256.jpg;train;type1;medium;type1/medium
images/synthetic/syn_v2_2026091401_03257.jpg;train;type1a;easy;type1a/easy
images/synthetic/syn_v2_2026091401_03258.jpg;train;type1a;easy;type1a/easy
images/synthetic/syn_v2_2026091401_03259.jpg;train;type1;easy;type1/easy
images/synthetic/syn_v2_2026091401_03260.jpg;train;type1b;easy;type1b/easy
images/synthetic/syn_v2_2026091401_03261.jpg;train;type1b;medium;type1b/medium
images/synthetic/syn_v2_2026091401_03262.jpg;train;type1b;medium;type1b/medium
images/synthetic/syn_v2_2026091401_03263.jpg;train;type1a;medium;type1a/medium
images/synthetic/syn_v2_2026091401_03264.jpg;train;type1;easy;type1/easy
images/synthetic/syn_v2_2026091401_03265.jpg;train;type1a;hard;type1a/hard
images/synthetic/syn_v2_2026091401_03266.jpg;train;type1;medium;type1/medium
images/synthetic/syn_v2_2026091401_03267.jpg;test;type1b;easy;type1b/easy
images/synthetic/syn_v2_2026091401_03268.jpg;train;type1b;easy;type1b/easy
images/synthetic/syn_v2_2026091401_03269.jpg;train;type1a;medium;type1a/medium
images/synthetic/syn_v2_2026091401_03270.jpg;train;type1b;easy;type1b/easy
images/synthetic/syn_v2_2026091401_03271.jpg;train;type1;medium;type1/medium
images/synthetic/syn_v2_2026091401_03272.jpg;train;type1b;medium;type1b/medium
images/synthetic/syn_v2_2026091401_03273.jpg;train;type1b;medium;type1b/medium
images/synthetic/syn_v2_2026091401_03274.jpg;train;type1b;easy;type1b/easy
images/synthetic/syn_v2_2026091401_03275.jpg;train;type1a;easy;type1a/easy
images/synthetic/syn_v2_2026091401_03276.jpg;train;type1b;hard;type1b/hard
images/synthetic/syn_v2_2026091401_03277.jpg;train;type1b;medium;type1b/medium
images/synthetic/syn_v2_2026091401_03278.jpg;train;type1;medium;type1/medium
images/synthetic/syn_v2_2026091401_03279.jpg;train;type1a;medium;type1a/medium
images/synthetic/syn_v2_2026091401_03280.jpg;train;type1b;hard;type1b/hard
images/synthetic/syn_v2_2026091401_03281.jpg;train;type1a;medium;type1a/medium
images/synthetic/syn_v2_2026091401_03282.jpg;train;type1b;easy;type1b/easy
images/synthetic/syn_v2_2026091401_03283.jpg;train;type1;easy;type1/easy
images/synthetic/syn_v2_2026091401_03284.jpg;train;type1;easy;type1/easy
images/synthetic/syn_v2_2026091401_03285.jpg;train;type1b;medium;type1b/medium
images/synthetic/syn_v2_2026091401_03286.jpg;train;type1a;easy;type1a/easy
images/synthetic/syn_v2_2026091401_03287.jpg;train;type1a;easy;type1a/easy
images/synthetic/syn_v2_2026091401_03288.jpg;train;type1a;medium;type1a/medium
images/synthetic/syn_v2_2026091401_03289.jpg;train;type1b;medium;type1b/medium
images/synthetic/syn_v2_2026091401_03290.jpg;train;type1b;easy;type1b/easy
images/synthetic/syn_v2_2026091401_03291.jpg;test;type1b;hard;type1b/hard
images/synthetic/syn_v2_2026091401_03292.jpg;train;type1b;hard;type1b/hard
images/synthetic/syn_v2_2026091401_03293.jpg;train;type1a;hard;type1a/hard
images/synthetic/syn_v2_2026091401_03294.jpg;train;type1;medium;type1/medium
images/synthetic/syn_v2_2026091401_03295.jpg;test;type1b;easy;type1b/easy
images/synthetic/syn_v2_2026091401_03296.jpg;val;type1b;hard;type1b/hard
images/synthetic/syn_v2_2026091401_03297.jpg;train;type1b;easy;type1b/easy
images/synthetic/syn_v2_2026091401_03298.jpg;train;type1b;medium;type1b/medium
images/synthetic/syn_v2_2026091401_03299.jpg;test;type1a;easy;type1a/easy
images/synthetic/syn_v2_2026091401_03300.jpg;train;type1a;medium;type1a/medium
images/synthetic/syn_v2_2026091401_03301.jpg;test;type1b;easy;type1b/easy
images/synthetic/syn_v2_2026091401_03302.jpg;train;type1;easy;type1/easy
images/synthetic/syn_v2_2026091401_03303.jpg;val;type1b;easy;type1b/easy
images/synthetic/syn_v2_2026091401_03304.jpg;train;type1;medium;type1/medium
images/synthetic/syn_v2_2026091401_03305.jpg;train;type1b;easy;type1b/easy
images/synthetic/syn_v2_2026091401_03306.jpg;train;type1b;easy;type1b/easy
images/synthetic/syn_v2_2026091401_03307.jpg;test;type1;easy;type1/easy
images/synthetic/syn_v2_2026091401_03308.jpg;train;type1;hard;type1/hard
images/synthetic/syn_v2_2026091401_03309.jpg;train;type1a;medium;type1a/medium
images/synthetic/syn_v2_2026091401_03310.jpg;train;type1b;easy;type1b/easy
images/synthetic/syn_v2_2026091401_03311.jpg;train;type1;easy;type1/easy
images/synthetic/syn_v2_2026091401_03312.jpg;test;type1;medium;type1/medium
images/synthetic/syn_v2_2026091401_03313.jpg;train;type1b;easy;type1b/easy
images/synthetic/syn_v2_2026091401_03314.jpg;train;type1a;medium;type1a/medium
images/synthetic/syn_v2_2026091401_03315.jpg;val;type1a;hard;type1a/hard
images/synthetic/syn_v2_2026091401_03316.jpg;train;type1b;hard;type1b/hard
images/synthetic/syn_v2_2026091401_03317.jpg;train;type1a;medium;type1a/medium
images/synthetic/syn_v2_2026091401_03318.jpg;train;type1b;medium;type1b/medium
images/synthetic/syn_v2_2026091401_03319.jpg;train;type1;medium;type1/medium
images/synthetic/syn_v2_2026091401_03320.jpg;train;type1a;medium;type1a/medium
images/synthetic/syn_v2_2026091401_03321.jpg;train;type1b;medium;type1b/medium
images/synthetic/syn_v2_2026091401_03322.jpg;train;type1;medium;type1/medium
images/synthetic/syn_v2_2026091401_03323.jpg;train;type1b;hard;type1b/hard
images/synthetic/syn_v2_2026091401_03324.jpg;train;type1b;easy;type1b/easy
images/synthetic/syn_v2_2026091401_03325.jpg;train;type1b;hard;type1b/hard
images/synthetic/syn_v2_2026091401_03326.jpg;train;type1b;easy;type1b/easy
images/synthetic/syn_v2_2026091401_03327.jpg;train;type1b;medium;type1b/medium
images/synthetic/syn_v2_2026091401_03328.jpg;train;type1b;easy;type1b/easy
images/synthetic/syn_v2_2026091401_03329.jpg;train;type1a;easy;type1a/easy
images/synthetic/syn_v2_2026091401_03330.jpg;train;type1a;easy;type1a/easy
images/synthetic/syn_v2_2026091401_03331.jpg;train;type1a;easy;type1a/easy
images/synthetic/syn_v2_2026091401_03332.jpg;train;type1a;medium;type1a/medium
images/synthetic/syn_v2_2026091401_03333.jpg;train;type1a;easy;type1a/easy
images/synthetic/syn_v2_2026091401_03334.jpg;val;type1b;easy;type1b/easy
images/synthetic/syn_v2_2026091401_03335.jpg;train;type1;medium;type1/medium
images/synthetic/syn_v2_2026091401_03336.jpg;train;type1b;hard;type1b/hard
images/synthetic/syn_v2_2026091401_03337.jpg;val;type1b;medium;type1b/medium
images/synthetic/syn_v2_2026091401_03338.jpg;train;type1;medium;type1/medium
images/synthetic/syn_v2_2026091401_03339.jpg;train;type1b;easy;type1b/easy
images/synthetic/syn_v2_2026091401_03340.jpg;train;type1b;easy;type1b/easy
images/synthetic/syn_v2_2026091401_03341.jpg;train;type1;medium;type1/medium
images/synthetic/syn_v2_2026091401_03342.jpg;train;type1;hard;type1/hard
images/synthetic/syn_v2_2026091401_03343.jpg;train;type1;medium;type1/medium
images/synthetic/syn_v2_2026091401_03344.jpg;val;type1b;medium;type1b/medium
images/synthetic/syn_v2_2026091401_03345.jpg;test;type1a;medium;type1a/medium
images/synthetic/syn_v2_2026091401_03346.jpg;train;type1;hard;type1/hard
images/synthetic/syn_v2_2026091401_03347.jpg;train;type1a;medium;type1a/medium
images/synthetic/syn_v2_2026091401_03348.jpg;train;type1a;medium;type1a/medium
images/synthetic/syn_v2_2026091401_03349.jpg;train;type1a;medium;type1a/medium
images/synthetic/syn_v2_2026091401_03350.jpg;test;type1a;medium;type1a/medium
images/synthetic/syn_v2_2026091401_03351.jpg;train;type1a;medium;type1a/medium
images/synthetic/syn_v2_2026091401_03352.jpg;train;type1b;easy;type1b/easy
images/synthetic/syn_v2_2026091401_03353.jpg;train;type1a;medium;type1a/medium
images/synthetic/syn_v2_2026091401_03354.jpg;train;type1b;medium;type1b/medium
images/synthetic/syn_v2_2026091401_03355.jpg;train;type1a;easy;type1a/easy
images/synthetic/syn_v2_2026091401_03356.jpg;train;type1b;medium;type1b/medium
images/synthetic/syn_v2_2026091401_03357.jpg;train;type1;hard;type1/hard
images/synthetic/syn_v2_2026091401_03358.jpg;train;type1a;hard;type1a/hard
images/synthetic/syn_v2_2026091401_03359.jpg;train;type1a;easy;type1a/easy
images/synthetic/syn_v2_2026091401_03360.jpg;train;type1b;hard;type1b/hard
images/synthetic/syn_v2_2026091401_03361.jpg;train;type1b;medium;type1b/medium
images/synthetic/syn_v2_2026091401_03362.jpg;train;type1b;medium;type1b/medium
images/synthetic/syn_v2_2026091401_03363.jpg;val;type1b;medium;type1b/medium
images/synthetic/syn_v2_2026091401_03364.jpg;train;type1;medium;type1/medium
images/synthetic/syn_v2_2026091401_03365.jpg;val;type1a;medium;type1a/medium
images/synthetic/syn_v2_2026091401_03366.jpg;train;type1;hard;type1/hard
images/synthetic/syn_v2_2026091401_03367.jpg;train;type1b;medium;type1b/medium
images/synthetic/syn_v2_2026091401_03368.jpg;val;type1b;easy;type1b/easy
images/synthetic/syn_v2_2026091401_03369.jpg;test;type1b;medium;type1b/medium
images/synthetic/syn_v2_2026091401_03370.jpg;train;type1b;medium;type1b/medium
images/synthetic/syn_v2_2026091401_03371.jpg;train;type1;medium;type1/medium
images/synthetic/syn_v2_2026091401_03372.jpg;train;type1b;easy;type1b/easy
images/synthetic/syn_v2_2026091401_03373.jpg;train;type1b;medium;type1b/medium
images/synthetic/syn_v2_2026091401_03374.jpg;train;type1b;medium;type1b/medium
images/synthetic/syn_v2_2026091401_03375.jpg;train;type1a;medium;type1a/medium
images/synthetic/syn_v2_2026091401_03376.jpg;train;type1a;medium;type1a/medium
images/synthetic/syn_v2_2026091401_03377.jpg;train;type1b;easy;type1b/easy
images/synthetic/syn_v2_2026091401_03378.jpg;train;type1;hard;type1/hard
images/synthetic/syn_v2_2026091401_03379.jpg;train;type1b;easy;type1b/easy
images/synthetic/syn_v2_2026091401_03380.jpg;train;type1;easy;type1/easy
images/synthetic/syn_v2_2026091401_03381.jpg;train;type1b;medium;type1b/medium
images/synthetic/syn_v2_2026091401_03382.jpg;train;type1;medium;type1/medium
images/synthetic/syn_v2_2026091401_03383.jpg;train;type1a;medium;type1a/medium
images/synthetic/syn_v2_2026091401_03384.jpg;train;type1a;easy;type1a/easy
images/synthetic/syn_v2_2026091401_03385.jpg;train;type1b;medium;type1b/medium
images/synthetic/syn_v2_2026091401_03386.jpg;train;type1b;medium;type1b/medium
images/synthetic/syn_v2_2026091401_03387.jpg;train;type1b;hard;type1b/hard
images/synthetic/syn_v2_2026091401_03388.jpg;train;type1b;hard;type1b/hard
images/synthetic/syn_v2_2026091401_03389.jpg;train;type1b;medium;type1b/medium
images/synthetic/syn_v2_2026091401_03390.jpg;train;type1a;medium;type1a/medium
images/synthetic/syn_v2_2026091401_03391.jpg;train;type1a;easy;type1a/easy
images/synthetic/syn_v2_2026091401_03392.jpg;train;type1b;medium;type1b/medium
images/synthetic/syn_v2_2026091401_03393.jpg;train;type1b;easy;type1b/easy
images/synthetic/syn_v2_2026091401_03394.jpg;train;type1b;easy;type1b/easy
images/synthetic/syn_v2_2026091401_03395.jpg;val;type1b;easy;type1b/easy
images/synthetic/syn_v2_2026091401_03396.jpg;train;type1b;easy;type1b/easy
images/synthetic/syn_v2_2026091401_03397.jpg;train;type1b;medium;type1b/medium
images/synthetic/syn_v2_2026091401_03398.jpg;train;type1a;medium;type1a/medium
images/synthetic/syn_v2_2026091401_03399.jpg;train;type1b;easy;type1b/easy
images/synthetic/syn_v2_2026091401_03400.jpg;train;type1a;medium;type1a/medium
images/synthetic/syn_v2_2026091401_03401.jpg;train;type1;medium;type1/medium
images/synthetic/syn_v2_2026091401_03402.jpg;val;type1a;hard;type1a/hard
images/synthetic/syn_v2_2026091401_03403.jpg;train;type1b;hard;type1b/hard
images/synthetic/syn_v2_2026091401_03404.jpg;train;type1;hard;type1/hard
images/synthetic/syn_v2_2026091401_03405.jpg;train;type1b;medium;type1b/medium
images/synthetic/syn_v2_2026091401_03406.jpg;train;type1;medium;type1/medium
images/synthetic/syn_v2_2026091401_03407.jpg;train;type1;medium;type1/medium
images/synthetic/syn_v2_2026091401_03408.jpg;val;type1b;medium;type1b/medium
images/synthetic/syn_v2_2026091401_03409.jpg;train;type1b;medium;type1b/medium
images/synthetic/syn_v2_2026091401_03410.jpg;train;type1a;easy;type1a/easy
images/synthetic/syn_v2_2026091401_03411.jpg;train;type1;medium;type1/medium
images/synthetic/syn_v2_2026091401_03412.jpg;train;type1a;easy;type1a/easy
images/synthetic/syn_v2_2026091401_03413.jpg;train;type1a;hard;type1a/hard
images/synthetic/syn_v2_2026091401_03414.jpg;train;type1b;medium;type1b/medium
images/synthetic/syn_v2_2026091401_03415.jpg;train;type1a;medium;type1a/medium
images/synthetic/syn_v2_2026091401_03416.jpg;train;type1a;medium;type1a/medium
images/synthetic/syn_v2_2026091401_03417.jpg;train;type1b;easy;type1b/easy
images/synthetic/syn_v2_2026091401_03418.jpg;test;type1a;easy;type1a/easy
images/synthetic/syn_v2_2026091401_03419.jpg;train;type1a;easy;type1a/easy
images/synthetic/syn_v2_2026091401_03420.jpg;train;type1;easy;type1/easy
images/synthetic/syn_v2_2026091401_03421.jpg;train;type1;easy;type1/easy
images/synthetic/syn_v2_2026091401_03422.jpg;train;type1b;hard;type1b/hard
images/synthetic/syn_v2_2026091401_03423.jpg;train;type1b;hard;type1b/hard
images/synthetic/syn_v2_2026091401_03424.jpg;train;type1a;medium;type1a/medium
images/synthetic/syn_v2_2026091401_03425.jpg;train;type1;medium;type1/medium
images/synthetic/syn_v2_2026091401_03426.jpg;train;type1b;medium;type1b/medium
images/synthetic/syn_v2_2026091401_03427.jpg;train;type1a;easy;type1a/easy
images/synthetic/syn_v2_2026091401_03428.jpg;train;type1b;medium;type1b/medium
images/synthetic/syn_v2_2026091401_03429.jpg;train;type1b;medium;type1b/medium
images/synthetic/syn_v2_2026091401_03430.jpg;train;type1b;medium;type1b/medium
images/synthetic/syn_v2_2026091401_03431.jpg;train;type1a;medium;type1a/medium
images/synthetic/syn_v2_2026091401_03432.jpg;train;type1a;medium;type1a/medium
images/synthetic/syn_v2_2026091401_03433.jpg;val;type1b;medium;type1b/medium
images/synthetic/syn_v2_2026091401_03434.jpg;train;type1b;hard;type1b/hard
images/synthetic/syn_v2_2026091401_03435.jpg;train;type1b;medium;type1b/medium
images/synthetic/syn_v2_2026091401_03436.jpg;train;type1b;hard;type1b/hard
images/synthetic/syn_v2_2026091401_03437.jpg;train;type1;medium;type1/medium
images/synthetic/syn_v2_2026091401_03438.jpg;train;type1a;hard;type1a/hard
images/synthetic/syn_v2_2026091401_03439.jpg;train;type1b;medium;type1b/medium
images/synthetic/syn_v2_2026091401_03440.jpg;train;type1b;easy;type1b/easy
images/synthetic/syn_v2_2026091401_03441.jpg;train;type1a;hard;type1a/hard
images/synthetic/syn_v2_2026091401_03442.jpg;test;type1;medium;type1/medium
images/synthetic/syn_v2_2026091401_03443.jpg;test;type1a;medium;type1a/medium
images/synthetic/syn_v2_2026091401_03444.jpg;train;type1b;easy;type1b/easy
images/synthetic/syn_v2_2026091401_03445.jpg;train;type1b;easy;type1b/easy
images/synthetic/syn_v2_2026091401_03446.jpg;train;type1b;medium;type1b/medium
images/synthetic/syn_v2_2026091401_03447.jpg;train;type1b;easy;type1b/easy
images/synthetic/syn_v2_2026091401_03448.jpg;train;type1b;easy;type1b/easy
images/synthetic/syn_v2_2026091401_03449.jpg;train;type1a;hard;type1a/hard
images/synthetic/syn_v2_2026091401_03450.jpg;val;type1a;easy;type1a/easy
images/synthetic/syn_v2_2026091401_03451.jpg;train;type1b;easy;type1b/easy
images/synthetic/syn_v2_2026091401_03452.jpg;train;type1a;medium;type1a/medium
images/synthetic/syn_v2_2026091401_03453.jpg;train;type1a;medium;type1a/medium
images/synthetic/syn_v2_2026091401_03454.jpg;train;type1b;easy;type1b/easy
images/synthetic/syn_v2_2026091401_03455.jpg;train;type1b;easy;type1b/easy
images/synthetic/syn_v2_2026091401_03456.jpg;train;type1;medium;type1/medium
images/synthetic/syn_v2_2026091401_03457.jpg;train;type1b;easy;type1b/easy
images/synthetic/syn_v2_2026091401_03458.jpg;train;type1b;easy;type1b/easy
images/synthetic/syn_v2_2026091401_03459.jpg;train;type1b;medium;type1b/medium
images/synthetic/syn_v2_2026091401_03460.jpg;train;type1a;hard;type1a/hard
images/synthetic/syn_v2_2026091401_03461.jpg;train;type1b;medium;type1b/medium
images/synthetic/syn_v2_2026091401_03462.jpg;train;type1b;hard;type1b/hard
images/synthetic/syn_v2_2026091401_03463.jpg;train;type1b;easy;type1b/easy
images/synthetic/syn_v2_2026091401_03464.jpg;train;type1b;easy;type1b/easy
images/synthetic/syn_v2_2026091401_03465.jpg;val;type1;medium;type1/medium
images/synthetic/syn_v2_2026091401_03466.jpg;train;type1;easy;type1/easy
images/synthetic/syn_v2_2026091401_03467.jpg;val;type1b;hard;type1b/hard
images/synthetic/syn_v2_2026091401_03468.jpg;train;type1a;medium;type1a/medium
images/synthetic/syn_v2_2026091401_03469.jpg;train;type1b;hard;type1b/hard
images/synthetic/syn_v2_2026091401_03470.jpg;train;type1a;easy;type1a/easy
images/synthetic/syn_v2_2026091401_03471.jpg;train;type1a;medium;type1a/medium
images/synthetic/syn_v2_2026091401_03472.jpg;train;type1;easy;type1/easy
images/synthetic/syn_v2_2026091401_03473.jpg;train;type1a;medium;type1a/medium
images/synthetic/syn_v2_2026091401_03474.jpg;train;type1b;hard;type1b/hard
images/synthetic/syn_v2_2026091401_03475.jpg;train;type1b;hard;type1b/hard
images/synthetic/syn_v2_2026091401_03476.jpg;train;type1b;medium;type1b/medium
images/synthetic/syn_v2_2026091401_03477.jpg;train;type1;medium;type1/medium
images/synthetic/syn_v2_2026091401_03478.jpg;val;type1b;medium;type1b/medium
images/synthetic/syn_v2_2026091401_03479.jpg;train;type1;easy;type1/easy
images/synthetic/syn_v2_2026091401_03480.jpg;train;type1;medium;type1/medium
images/synthetic/syn_v2_2026091401_03481.jpg;train;type1;medium;type1/medium
images/synthetic/syn_v2_2026091401_03482.jpg;train;type1b;medium;type1b/medium
images/synthetic/syn_v2_2026091401_03483.jpg;train;type1a;hard;type1a/hard
images/synthetic/syn_v2_2026091401_03484.jpg;train;type1a;medium;type1a/medium
images/synthetic/syn_v2_2026091401_03485.jpg;train;type1a;easy;type1a/easy
images/synthetic/syn_v2_2026091401_03486.jpg;train;type1;medium;type1/medium
images/synthetic/syn_v2_2026091401_03487.jpg;train;type1b;medium;type1b/medium
images/synthetic/syn_v2_2026091401_03488.jpg;train;type1;easy;type1/easy
images/synthetic/syn_v2_2026091401_03489.jpg;train;type1b;easy;type1b/easy
images/synthetic/syn_v2_2026091401_03490.jpg;train;type1a;medium;type1a/medium
images/synthetic/syn_v2_2026091401_03491.jpg;train;type1b;easy;type1b/easy
images/synthetic/syn_v2_2026091401_03492.jpg;train;type1a;easy;type1a/easy
images/synthetic/syn_v2_2026091401_03493.jpg;train;type1b;easy;type1b/easy
images/synthetic/syn_v2_2026091401_03494.jpg;train;type1b;easy;type1b/easy
images/synthetic/syn_v2_2026091401_03495.jpg;train;type1b;hard;type1b/hard
images/synthetic/syn_v2_2026091401_03496.jpg;train;type1b;medium;type1b/medium
images/synthetic/syn_v2_2026091401_03497.jpg;train;type1;easy;type1/easy
images/synthetic/syn_v2_2026091401_03498.jpg;train;type1a;medium;type1a/medium
images/synthetic/syn_v2_2026091401_03499.jpg;train;type1a;medium;type1a/medium
images/synthetic/syn_v2_2026091401_03500.jpg;train;type1a;hard;type1a/hard
images/synthetic/syn_v2_2026091401_03501.jpg;train;type1a;medium;type1a/medium
images/synthetic/syn_v2_2026091401_03502.jpg;train;type1;medium;type1/medium
images/synthetic/syn_v2_2026091401_03503.jpg;train;type1a;medium;type1a/medium
images/synthetic/syn_v2_2026091401_03504.jpg;train;type1b;medium;type1b/medium
images/synthetic/syn_v2_2026091401_03505.jpg;train;type1a;medium;type1a/medium
images/synthetic/syn_v2_2026091401_03506.jpg;train;type1a;medium;type1a/medium
images/synthetic/syn_v2_2026091401_03507.jpg;train;type1b;medium;type1b/medium
images/synthetic/syn_v2_2026091401_03508.jpg;train;type1b;hard;type1b/hard
images/synthetic/syn_v2_2026091401_03509.jpg;train;type1b;hard;type1b/hard
images/synthetic/syn_v2_2026091401_03510.jpg;train;type1b;medium;type1b/medium
images/synthetic/syn_v2_2026091401_03511.jpg;train;type1b;hard;type1b/hard
images/synthetic/syn_v2_2026091401_03512.jpg;val;type1;easy;type1/easy
images/synthetic/syn_v2_2026091401_03513.jpg;val;type1b;hard;type1b/hard
images/synthetic/syn_v2_2026091401_03514.jpg;train;type1b;medium;type1b/medium
images/synthetic/syn_v2_2026091401_03515.jpg;train;type1b;hard;type1b/hard
images/synthetic/syn_v2_2026091401_03516.jpg;val;type1b;medium;type1b/medium
images/synthetic/syn_v2_2026091401_03517.jpg;train;type1b;medium;type1b/medium
images/synthetic/syn_v2_2026091401_03518.jpg;train;type1;hard;type1/hard
images/synthetic/syn_v2_2026091401_03519.jpg;val;type1;easy;type1/easy
images/synthetic/syn_v2_2026091401_03520.jpg;train;type1b;medium;type1b/medium
images/synthetic/syn_v2_2026091401_03521.jpg;train;type1a;easy;type1a/easy
images/synthetic/syn_v2_2026091401_03522.jpg;train;type1b;medium;type1b/medium
images/synthetic/syn_v2_2026091401_03523.jpg;train;type1b;medium;type1b/medium
images/synthetic/syn_v2_2026091401_03524.jpg;train;type1b;easy;type1b/easy
images/synthetic/syn_v2_2026091401_03525.jpg;train;type1a;medium;type1a/medium
images/synthetic/syn_v2_2026091401_03526.jpg;train;type1;hard;type1/hard
images/synthetic/syn_v2_2026091401_03527.jpg;train;type1a;easy;type1a/easy
images/synthetic/syn_v2_2026091401_03528.jpg;test;type1a;easy;type1a/easy
images/synthetic/syn_v2_2026091401_03529.jpg;train;type1;easy;type1/easy
images/synthetic/syn_v2_2026091401_03530.jpg;train;type1a;medium;type1a/medium
images/synthetic/syn_v2_2026091401_03531.jpg;train;type1b;easy;type1b/easy
images/synthetic/syn_v2_2026091401_03532.jpg;test;type1b;easy;type1b/easy
images/synthetic/syn_v2_2026091401_03533.jpg;train;type1;easy;type1/easy
images/synthetic/syn_v2_2026091401_03534.jpg;val;type1;hard;type1/hard
images/synthetic/syn_v2_2026091401_03535.jpg;train;type1a;medium;type1a/medium
images/synthetic/syn_v2_2026091401_03536.jpg;train;type1b;medium;type1b/medium
images/synthetic/syn_v2_2026091401_03537.jpg;train;type1a;medium;type1a/medium
images/synthetic/syn_v2_2026091401_03538.jpg;train;type1;medium;type1/medium
images/synthetic/syn_v2_2026091401_03539.jpg;train;type1;hard;type1/hard
images/synthetic/syn_v2_2026091401_03540.jpg;test;type1;medium;type1/medium
images/synthetic/syn_v2_2026091401_03541.jpg;train;type1b;medium;type1b/medium
images/synthetic/syn_v2_2026091401_03542.jpg;train;type1a;hard;type1a/hard
images/synthetic/syn_v2_2026091401_03543.jpg;train;type1b;medium;type1b/medium
images/synthetic/syn_v2_2026091401_03544.jpg;train;type1a;easy;type1a/easy
images/synthetic/syn_v2_2026091401_03545.jpg;train;type1;easy;type1/easy
images/synthetic/syn_v2_2026091401_03546.jpg;val;type1b;medium;type1b/medium
images/synthetic/syn_v2_2026091401_03547.jpg;train;type1b;medium;type1b/medium
images/synthetic/syn_v2_2026091401_03548.jpg;train;type1a;medium;type1a/medium
images/synthetic/syn_v2_2026091401_03549.jpg;train;type1b;easy;type1b/easy
images/synthetic/syn_v2_2026091401_03550.jpg;train;type1;medium;type1/medium
images/synthetic/syn_v2_2026091401_03551.jpg;train;type1b;easy;type1b/easy
images/synthetic/syn_v2_2026091401_03552.jpg;train;type1;easy;type1/easy
images/synthetic/syn_v2_2026091401_03553.jpg;train;type1b;easy;type1b/easy
images/synthetic/syn_v2_2026091401_03554.jpg;val;type1b;medium;type1b/medium
images/synthetic/syn_v2_2026091401_03555.jpg;val;type1b;medium;type1b/medium
images/synthetic/syn_v2_2026091401_03556.jpg;train;type1b;medium;type1b/medium
images/synthetic/syn_v2_2026091401_03557.jpg;train;type1a;easy;type1a/easy
images/synthetic/syn_v2_2026091401_03558.jpg;val;type1a;hard;type1a/hard
images/synthetic/syn_v2_2026091401_03559.jpg;train;type1b;medium;type1b/medium
images/synthetic/syn_v2_2026091401_03560.jpg;train;type1b;easy;type1b/easy
images/synthetic/syn_v2_2026091401_03561.jpg;train;type1a;medium;type1a/medium
images/synthetic/syn_v2_2026091401_03562.jpg;val;type1b;medium;type1b/medium
images/synthetic/syn_v2_2026091401_03563.jpg;train;type1;medium;type1/medium
images/synthetic/syn_v2_2026091401_03564.jpg;val;type1;easy;type1/easy
images/synthetic/syn_v2_2026091401_03565.jpg;train;type1b;easy;type1b/easy
images/synthetic/syn_v2_2026091401_03566.jpg;train;type1b;hard;type1b/hard
images/synthetic/syn_v2_2026091401_03567.jpg;train;type1b;medium;type1b/medium
images/synthetic/syn_v2_2026091401_03568.jpg;train;type1b;easy;type1b/easy
images/synthetic/syn_v2_2026091401_03569.jpg;train;type1b;medium;type1b/medium
images/synthetic/syn_v2_2026091401_03570.jpg;train;type1b;easy;type1b/easy
images/synthetic/syn_v2_2026091401_03571.jpg;val;type1b;medium;type1b/medium
images/synthetic/syn_v2_2026091401_03572.jpg;train;type1a;easy;type1a/easy
images/synthetic/syn_v2_2026091401_03573.jpg;train;type1a;medium;type1a/medium
images/synthetic/syn_v2_2026091401_03574.jpg;train;type1b;hard;type1b/hard
images/synthetic/syn_v2_2026091401_03575.jpg;train;type1b;easy;type1b/easy
images/synthetic/syn_v2_2026091401_03576.jpg;train;type1b;medium;type1b/medium
images/synthetic/syn_v2_2026091401_03577.jpg;train;type1b;easy;type1b/easy
images/synthetic/syn_v2_2026091401_03578.jpg;train;type1;easy;type1/easy
images/synthetic/syn_v2_2026091401_03579.jpg;train;type1;medium;type1/medium
images/synthetic/syn_v2_2026091401_03580.jpg;val;type1b;medium;type1b/medium
images/synthetic/syn_v2_2026091401_03581.jpg;train;type1;medium;type1/medium
images/synthetic/syn_v2_2026091401_03582.jpg;test;type1a;hard;type1a/hard
images/synthetic/syn_v2_2026091401_03583.jpg;train;type1a;easy;type1a/easy
images/synthetic/syn_v2_2026091401_03584.jpg;train;type1a;hard;type1a/hard
images/synthetic/syn_v2_2026091401_03585.jpg;train;type1;easy;type1/easy
images/synthetic/syn_v2_2026091401_03586.jpg;train;type1b;hard;type1b/hard
images/synthetic/syn_v2_2026091401_03587.jpg;train;type1;easy;type1/easy
images/synthetic/syn_v2_2026091401_03588.jpg;train;type1a;hard;type1a/hard
images/synthetic/syn_v2_2026091401_03589.jpg;train;type1b;easy;type1b/easy
images/synthetic/syn_v2_2026091401_03590.jpg;train;type1a;easy;type1a/easy
images/synthetic/syn_v2_2026091401_03591.jpg;test;type1b;medium;type1b/medium
images/synthetic/syn_v2_2026091401_03592.jpg;train;type1a;hard;type1a/hard
images/synthetic/syn_v2_2026091401_03593.jpg;train;type1a;easy;type1a/easy
images/synthetic/syn_v2_2026091401_03594.jpg;train;type1b;easy;type1b/easy
images/synthetic/syn_v2_2026091401_03595.jpg;train;type1;medium;type1/medium
images/synthetic/syn_v2_2026091401_03596.jpg;train;type1b;medium;type1b/medium
images/synthetic/syn_v2_2026091401_03597.jpg;train;type1b;easy;type1b/easy
images/synthetic/syn_v2_2026091401_03598.jpg;train;type1;medium;type1/medium
images/synthetic/syn_v2_2026091401_03599.jpg;train;type1;medium;type1/medium
images/synthetic/syn_v2_2026091401_03600.jpg;test;type1;hard;type1/hard
images/synthetic/syn_v2_2026091401_03601.jpg;train;type1a;easy;type1a/easy
images/synthetic/syn_v2_2026091401_03602.jpg;val;type1a;easy;type1a/easy
images/synthetic/syn_v2_2026091401_03603.jpg;train;type1a;medium;type1a/medium
images/synthetic/syn_v2_2026091401_03604.jpg;val;type1b;medium;type1b/medium
images/synthetic/syn_v2_2026091401_03605.jpg;train;type1b;medium;type1b/medium
images/synthetic/syn_v2_2026091401_03606.jpg;val;type1b;medium;type1b/medium
images/synthetic/syn_v2_2026091401_03607.jpg;val;type1;medium;type1/medium
images/synthetic/syn_v2_2026091401_03608.jpg;train;type1a;easy;type1a/easy
images/synthetic/syn_v2_2026091401_03609.jpg;train;type1a;easy;type1a/easy
images/synthetic/syn_v2_2026091401_03610.jpg;train;type1a;medium;type1a/medium
images/synthetic/syn_v2_2026091401_03611.jpg;train;type1a;medium;type1a/medium
images/synthetic/syn_v2_2026091401_03612.jpg;train;type1a;hard;type1a/hard
images/synthetic/syn_v2_2026091401_03613.jpg;train;type1a;easy;type1a/easy
images/synthetic/syn_v2_2026091401_03614.jpg;train;type1a;easy;type1a/easy
images/synthetic/syn_v2_2026091401_03615.jpg;train;type1b;easy;type1b/easy
images/synthetic/syn_v2_2026091401_03616.jpg;train;type1a;medium;type1a/medium
images/synthetic/syn_v2_2026091401_03617.jpg;train;type1a;medium;type1a/medium
images/synthetic/syn_v2_2026091401_03618.jpg;train;type1b;easy;type1b/easy
images/synthetic/syn_v2_2026091401_03619.jpg;train;type1b;medium;type1b/medium
images/synthetic/syn_v2_2026091401_03620.jpg;train;type1;easy;type1/easy
images/synthetic/syn_v2_2026091401_03621.jpg;train;type1b;easy;type1b/easy
images/synthetic/syn_v2_2026091401_03622.jpg;val;type1b;hard;type1b/hard
images/synthetic/syn_v2_2026091401_03623.jpg;val;type1a;medium;type1a/medium
images/synthetic/syn_v2_2026091401_03624.jpg;train;type1b;easy;type1b/easy
images/synthetic/syn_v2_2026091401_03625.jpg;train;type1;easy;type1/easy
images/synthetic/syn_v2_2026091401_03626.jpg;train;type1b;easy;type1b/easy
images/synthetic/syn_v2_2026091401_03627.jpg;train;type1;medium;type1/medium
images/synthetic/syn_v2_2026091401_03628.jpg;train;type1;easy;type1/easy
images/synthetic/syn_v2_2026091401_03629.jpg;train;type1;hard;type1/hard
images/synthetic/syn_v2_2026091401_03630.jpg;train;type1b;hard;type1b/hard
images/synthetic/syn_v2_2026091401_03631.jpg;train;type1b;medium;type1b/medium
images/synthetic/syn_v2_2026091401_03632.jpg;train;type1a;medium;type1a/medium
images/synthetic/syn_v2_2026091401_03633.jpg;train;type1a;easy;type1a/easy
images/synthetic/syn_v2_2026091401_03634.jpg;train;type1b;medium;type1b/medium
images/synthetic/syn_v2_2026091401_03635.jpg;train;type1a;easy;type1a/easy
images/synthetic/syn_v2_2026091401_03636.jpg;train;type1b;easy;type1b/easy
images/synthetic/syn_v2_2026091401_03637.jpg;train;type1a;hard;type1a/hard
images/synthetic/syn_v2_2026091401_03638.jpg;train;type1b;easy;type1b/easy
images/synthetic/syn_v2_2026091401_03639.jpg;val;type1b;easy;type1b/easy
images/synthetic/syn_v2_2026091401_03640.jpg;train;type1b;easy;type1b/easy
images/synthetic/syn_v2_2026091401_03641.jpg;train;type1b;hard;type1b/hard
images/synthetic/syn_v2_2026091401_03642.jpg;train;type1b;hard;type1b/hard
images/synthetic/syn_v2_2026091401_03643.jpg;train;type1;medium;type1/medium
images/synthetic/syn_v2_2026091401_03644.jpg;train;type1b;easy;type1b/easy
images/synthetic/syn_v2_2026091401_03645.jpg;train;type1a;hard;type1a/hard
images/synthetic/syn_v2_2026091401_03646.jpg;train;type1b;hard;type1b/hard
images/synthetic/syn_v2_2026091401_03647.jpg;train;type1b;easy;type1b/easy
images/synthetic/syn_v2_2026091401_03648.jpg;val;type1b;easy;type1b/easy
images/synthetic/syn_v2_2026091401_03649.jpg;val;type1b;easy;type1b/easy
images/synthetic/syn_v2_2026091401_03650.jpg;test;type1a;easy;type1a/easy
images/synthetic/syn_v2_2026091401_03651.jpg;train;type1b;easy;type1b/easy
images/synthetic/syn_v2_2026091401_03652.jpg;train;type1b;hard;type1b/hard
images/synthetic/syn_v2_2026091401_03653.jpg;train;type1a;medium;type1a/medium
images/synthetic/syn_v2_2026091401_03654.jpg;train;type1a;easy;type1a/easy
images/synthetic/syn_v2_2026091401_03655.jpg;train;type1b;medium;type1b/medium
images/synthetic/syn_v2_2026091401_03656.jpg;val;type1a;easy;type1a/easy
images/synthetic/syn_v2_2026091401_03657.jpg;train;type1b;easy;type1b/easy
images/synthetic/syn_v2_2026091401_03658.jpg;train;type1a;medium;type1a/medium
images/synthetic/syn_v2_2026091401_03659.jpg;train;type1b;medium;type1b/medium
images/synthetic/syn_v2_2026091401_03660.jpg;train;type1b;medium;type1b/medium
images/synthetic/syn_v2_2026091401_03661.jpg;train;type1a;medium;type1a/medium
images/synthetic/syn_v2_2026091401_03662.jpg;train;type1b;medium;type1b/medium
images/synthetic/syn_v2_2026091401_03663.jpg;train;type1b;medium;type1b/medium
images/synthetic/syn_v2_2026091401_03664.jpg;train;type1b;medium;type1b/medium
images/synthetic/syn_v2_2026091401_03665.jpg;val;type1b;medium;type1b/medium
images/synthetic/syn_v2_2026091401_03666.jpg;train;type1b;medium;type1b/medium
images/synthetic/syn_v2_2026091401_03667.jpg;train;type1a;easy;type1a/easy
images/synthetic/syn_v2_2026091401_03668.jpg;train;type1b;hard;type1b/hard
images/synthetic/syn_v2_2026091401_03669.jpg;train;type1a;easy;type1a/easy
images/synthetic/syn_v2_2026091401_03670.jpg;train;type1b;medium;type1b/medium
images/synthetic/syn_v2_2026091401_03671.jpg;train;type1b;hard;type1b/hard
images/synthetic/syn_v2_2026091401_03672.jpg;train;type1b;easy;type1b/easy
images/synthetic/syn_v2_2026091401_03673.jpg;train;type1a;medium;type1a/medium
images/synthetic/syn_v2_2026091401_03674.jpg;train;type1a;medium;type1a/medium
images/synthetic/syn_v2_2026091401_03675.jpg;train;type1;easy;type1/easy
images/synthetic/syn_v2_2026091401_03676.jpg;train;type1b;hard;type1b/hard
images/synthetic/syn_v2_2026091401_03677.jpg;train;type1a;medium;type1a/medium
images/synthetic/syn_v2_2026091401_03678.jpg;train;type1b;hard;type1b/hard
images/synthetic/syn_v2_2026091401_03679.jpg;train;type1a;medium;type1a/medium
images/synthetic/syn_v2_2026091401_03680.jpg;train;type1;hard;type1/hard
images/synthetic/syn_v2_2026091401_03681.jpg;train;type1a;medium;type1a/medium
images/synthetic/syn_v2_2026091401_03682.jpg;train;type1b;easy;type1b/easy
images/synthetic/syn_v2_2026091401_03683.jpg;train;type1b;hard;type1b/hard
images/synthetic/syn_v2_2026091401_03684.jpg;train;type1a;medium;type1a/medium
images/synthetic/syn_v2_2026091401_03685.jpg;train;type1a;hard;type1a/hard
images/synthetic/syn_v2_2026091401_03686.jpg;train;type1b;medium;type1b/medium
images/synthetic/syn_v2_2026091401_03687.jpg;train;type1;easy;type1/easy
images/synthetic/syn_v2_2026091401_03688.jpg;train;type1b;easy;type1b/easy
images/synthetic/syn_v2_2026091401_03689.jpg;val;type1b;easy;type1b/easy
images/synthetic/syn_v2_2026091401_03690.jpg;val;type1;medium;type1/medium
images/synthetic/syn_v2_2026091401_03691.jpg;train;type1;easy;type1/easy
images/synthetic/syn_v2_2026091401_03692.jpg;train;type1a;easy;type1a/easy
images/synthetic/syn_v2_2026091401_03693.jpg;train;type1b;medium;type1b/medium
images/synthetic/syn_v2_2026091401_03694.jpg;test;type1a;hard;type1a/hard
images/synthetic/syn_v2_2026091401_03695.jpg;train;type1a;easy;type1a/easy
images/synthetic/syn_v2_2026091401_03696.jpg;train;type1b;easy;type1b/easy
images/synthetic/syn_v2_2026091401_03697.jpg;train;type1a;medium;type1a/medium
images/synthetic/syn_v2_2026091401_03698.jpg;train;type1b;medium;type1b/medium
images/synthetic/syn_v2_2026091401_03699.jpg;train;type1b;medium;type1b/medium
images/synthetic/syn_v2_2026091401_03700.jpg;train;type1a;easy;type1a/easy
images/synthetic/syn_v2_2026091401_03701.jpg;train;type1b;medium;type1b/medium
images/synthetic/syn_v2_2026091401_03702.jpg;train;type1a;hard;type1a/hard
images/synthetic/syn_v2_2026091401_03703.jpg;train;type1b;hard;type1b/hard
images/synthetic/syn_v2_2026091401_03704.jpg;train;type1a;hard;type1a/hard
images/synthetic/syn_v2_2026091401_03705.jpg;train;type1b;hard;type1b/hard
images/synthetic/syn_v2_2026091401_03706.jpg;train;type1;hard;type1/hard
images/synthetic/syn_v2_2026091401_03707.jpg;train;type1b;easy;type1b/easy
images/synthetic/syn_v2_2026091401_03708.jpg;val;type1b;easy;type1b/easy
images/synthetic/syn_v2_2026091401_03709.jpg;val;type1b;easy;type1b/easy
images/synthetic/syn_v2_2026091401_03710.jpg;train;type1a;medium;type1a/medium
images/synthetic/syn_v2_2026091401_03711.jpg;train;type1b;hard;type1b/hard
images/synthetic/syn_v2_2026091401_03712.jpg;train;type1;medium;type1/medium
images/synthetic/syn_v2_2026091401_03713.jpg;train;type1b;medium;type1b/medium
images/synthetic/syn_v2_2026091401_03714.jpg;test;type1;medium;type1/medium
images/synthetic/syn_v2_2026091401_03715.jpg;train;type1b;medium;type1b/medium
images/synthetic/syn_v2_2026091401_03716.jpg;train;type1b;medium;type1b/medium
images/synthetic/syn_v2_2026091401_03717.jpg;val;type1b;medium;type1b/medium
images/synthetic/syn_v2_2026091401_03718.jpg;test;type1a;easy;type1a/easy
images/synthetic/syn_v2_2026091401_03719.jpg;train;type1b;medium;type1b/medium
images/synthetic/syn_v2_2026091401_03720.jpg;train;type1b;medium;type1b/medium
images/synthetic/syn_v2_2026091401_03721.jpg;train;type1b;medium;type1b/medium
images/synthetic/syn_v2_2026091401_03722.jpg;train;type1a;easy;type1a/easy
images/synthetic/syn_v2_2026091401_03723.jpg;train;type1a;medium;type1a/medium
images/synthetic/syn_v2_2026091401_03724.jpg;train;type1b;medium;type1b/medium
images/synthetic/syn_v2_2026091401_03725.jpg;train;type1a;easy;type1a/easy
images/synthetic/syn_v2_2026091401_03726.jpg;train;type1b;hard;type1b/hard
images/synthetic/syn_v2_2026091401_03727.jpg;test;type1b;medium;type1b/medium
images/synthetic/syn_v2_2026091401_03728.jpg;train;type1a;easy;type1a/easy
images/synthetic/syn_v2_2026091401_03729.jpg;train;type1a;hard;type1a/hard
images/synthetic/syn_v2_2026091401_03730.jpg;train;type1b;hard;type1b/hard
images/synthetic/syn_v2_2026091401_03731.jpg;train;type1;hard;type1/hard
images/synthetic/syn_v2_2026091401_03732.jpg;train;type1b;medium;type1b/medium
images/synthetic/syn_v2_2026091401_03733.jpg;train;type1;medium;type1/medium
images/synthetic/syn_v2_2026091401_03734.jpg;val;type1a;easy;type1a/easy
images/synthetic/syn_v2_2026091401_03735.jpg;train;type1b;hard;type1b/hard
images/synthetic/syn_v2_2026091401_03736.jpg;train;type1b;easy;type1b/easy
images/synthetic/syn_v2_2026091401_03737.jpg;train;type1b;medium;type1b/medium
images/synthetic/syn_v2_2026091401_03738.jpg;train;type1;hard;type1/hard
images/synthetic/syn_v2_2026091401_03739.jpg;train;type1b;hard;type1b/hard
images/synthetic/syn_v2_2026091401_03740.jpg;train;type1a;easy;type1a/easy
images/synthetic/syn_v2_2026091401_03741.jpg;train;type1b;medium;type1b/medium
images/synthetic/syn_v2_2026091401_03742.jpg;train;type1b;hard;type1b/hard
images/synthetic/syn_v2_2026091401_03743.jpg;test;type1b;medium;type1b/medium
images/synthetic/syn_v2_2026091401_03744.jpg;train;type1a;easy;type1a/easy
images/synthetic/syn_v2_2026091401_03745.jpg;test;type1b;medium;type1b/medium
images/synthetic/syn_v2_2026091401_03746.jpg;val;type1b;easy;type1b/easy
images/synthetic/syn_v2_2026091401_03747.jpg;train;type1b;easy;type1b/easy
images/synthetic/syn_v2_2026091401_03748.jpg;train;type1;medium;type1/medium
images/synthetic/syn_v2_2026091401_03749.jpg;train;type1;medium;type1/medium
images/synthetic/syn_v2_2026091401_03750.jpg;train;type1b;medium;type1b/medium
images/synthetic/syn_v2_2026091401_03751.jpg;train;type1;hard;type1/hard
images/synthetic/syn_v2_2026091401_03752.jpg;train;type1b;easy;type1b/easy
images/synthetic/syn_v2_2026091401_03753.jpg;train;type1b;medium;type1b/medium
images/synthetic/syn_v2_2026091401_03754.jpg;train;type1b;hard;type1b/hard
images/synthetic/syn_v2_2026091401_03755.jpg;train;type1b;easy;type1b/easy
images/synthetic/syn_v2_2026091401_03756.jpg;train;type1b;medium;type1b/medium
images/synthetic/syn_v2_2026091401_03757.jpg;val;type1;medium;type1/medium
images/synthetic/syn_v2_2026091401_03758.jpg;train;type1;medium;type1/medium
images/synthetic/syn_v2_2026091401_03759.jpg;train;type1b;medium;type1b/medium
images/synthetic/syn_v2_2026091401_03760.jpg;train;type1;hard;type1/hard
images/synthetic/syn_v2_2026091401_03761.jpg;train;type1b;medium;type1b/medium
images/synthetic/syn_v2_2026091401_03762.jpg;train;type1a;medium;type1a/medium
images/synthetic/syn_v2_2026091401_03763.jpg;val;type1b;medium;type1b/medium
images/synthetic/syn_v2_2026091401_03764.jpg;train;type1b;medium;type1b/medium
images/synthetic/syn_v2_2026091401_03765.jpg;train;type1b;medium;type1b/medium
images/synthetic/syn_v2_2026091401_03766.jpg;train;type1b;easy;type1b/easy
images/synthetic/syn_v2_2026091401_03767.jpg;train;type1b;medium;type1b/medium
images/synthetic/syn_v2_2026091401_03768.jpg;train;type1;medium;type1/medium
images/synthetic/syn_v2_2026091401_03769.jpg;test;type1;medium;type1/medium
images/synthetic/syn_v2_2026091401_03770.jpg;train;type1;medium;type1/medium
images/synthetic/syn_v2_2026091401_03771.jpg;train;type1;easy;type1/easy
images/synthetic/syn_v2_2026091401_03772.jpg;test;type1a;medium;type1a/medium
images/synthetic/syn_v2_2026091401_03773.jpg;train;type1a;medium;type1a/medium
images/synthetic/syn_v2_2026091401_03774.jpg;train;type1;medium;type1/medium
images/synthetic/syn_v2_2026091401_03775.jpg;train;type1a;medium;type1a/medium
images/synthetic/syn_v2_2026091401_03776.jpg;train;type1b;easy;type1b/easy
images/synthetic/syn_v2_2026091401_03777.jpg;train;type1b;hard;type1b/hard
images/synthetic/syn_v2_2026091401_03778.jpg;train;type1b;easy;type1b/easy
images/synthetic/syn_v2_2026091401_03779.jpg;train;type1a;medium;type1a/medium
images/synthetic/syn_v2_2026091401_03780.jpg;train;type1b;medium;type1b/medium
images/synthetic/syn_v2_2026091401_03781.jpg;train;type1a;hard;type1a/hard
images/synthetic/syn_v2_2026091401_03782.jpg;train;type1a;easy;type1a/easy
images/synthetic/syn_v2_2026091401_03783.jpg;train;type1a;easy;type1a/easy
images/synthetic/syn_v2_2026091401_03784.jpg;val;type1b;easy;type1b/easy
images/synthetic/syn_v2_2026091401_03785.jpg;train;type1a;easy;type1a/easy
images/synthetic/syn_v2_2026091401_03786.jpg;train;type1a;hard;type1a/hard
images/synthetic/syn_v2_2026091401_03787.jpg;test;type1b;medium;type1b/medium
images/synthetic/syn_v2_2026091401_03788.jpg;train;type1;easy;type1/easy
images/synthetic/syn_v2_2026091401_03789.jpg;train;type1a;medium;type1a/medium
images/synthetic/syn_v2_2026091401_03790.jpg;val;type1b;medium;type1b/medium
images/synthetic/syn_v2_2026091401_03791.jpg;train;type1b;medium;type1b/medium
images/synthetic/syn_v2_2026091401_03792.jpg;train;type1a;medium;type1a/medium
images/synthetic/syn_v2_2026091401_03793.jpg;train;type1b;easy;type1b/easy
images/synthetic/syn_v2_2026091401_03794.jpg;train;type1b;easy;type1b/easy
images/synthetic/syn_v2_2026091401_03795.jpg;train;type1b;hard;type1b/hard
images/synthetic/syn_v2_2026091401_03796.jpg;train;type1;medium;type1/medium
images/synthetic/syn_v2_2026091401_03797.jpg;val;type1a;hard;type1a/hard
images/synthetic/syn_v2_2026091401_03798.jpg;train;type1a;easy;type1a/easy
images/synthetic/syn_v2_2026091401_03799.jpg;train;type1b;easy;type1b/easy
images/synthetic/syn_v2_2026091401_03800.jpg;train;type1;medium;type1/medium
images/synthetic/syn_v2_2026091401_03801.jpg;train;type1;easy;type1/easy
images/synthetic/syn_v2_2026091401_03802.jpg;train;type1;medium;type1/medium
images/synthetic/syn_v2_2026091401_03803.jpg;train;type1b;hard;type1b/hard
images/synthetic/syn_v2_2026091401_03804.jpg;train;type1a;hard;type1a/hard
images/synthetic/syn_v2_2026091401_03805.jpg;train;type1a;medium;type1a/medium
images/synthetic/syn_v2_2026091401_03806.jpg;train;type1b;easy;type1b/easy
images/synthetic/syn_v2_2026091401_03807.jpg;train;type1a;medium;type1a/medium
images/synthetic/syn_v2_2026091401_03808.jpg;test;type1a;easy;type1a/easy
images/synthetic/syn_v2_2026091401_03809.jpg;val;type1b;medium;type1b/medium
images/synthetic/syn_v2_2026091401_03810.jpg;train;type1b;hard;type1b/hard
images/synthetic/syn_v2_2026091401_03811.jpg;train;type1b;easy;type1b/easy
images/synthetic/syn_v2_2026091401_03812.jpg;train;type1a;hard;type1a/hard
images/synthetic/syn_v2_2026091401_03813.jpg;train;type1a;easy;type1a/easy
images/synthetic/syn_v2_2026091401_03814.jpg;train;type1b;easy;type1b/easy
images/synthetic/syn_v2_2026091401_03815.jpg;train;type1;easy;type1/easy
images/synthetic/syn_v2_2026091401_03816.jpg;val;type1a;medium;type1a/medium
images/synthetic/syn_v2_2026091401_03817.jpg;train;type1a;hard;type1a/hard
images/synthetic/syn_v2_2026091401_03818.jpg;train;type1a;medium;type1a/medium
images/synthetic/syn_v2_2026091401_03819.jpg;train;type1b;medium;type1b/medium
images/synthetic/syn_v2_2026091401_03820.jpg;train;type1b;medium;type1b/medium
images/synthetic/syn_v2_2026091401_03821.jpg;train;type1b;medium;type1b/medium
images/synthetic/syn_v2_2026091401_03822.jpg;train;type1b;hard;type1b/hard
images/synthetic/syn_v2_2026091401_03823.jpg;train;type1;medium;type1/medium
images/synthetic/syn_v2_2026091401_03824.jpg;train;type1b;easy;type1b/easy
images/synthetic/syn_v2_2026091401_03825.jpg;train;type1b;easy;type1b/easy
images/synthetic/syn_v2_2026091401_03826.jpg;train;type1a;medium;type1a/medium
images/synthetic/syn_v2_2026091401_03827.jpg;train;type1b;easy;type1b/easy
images/synthetic/syn_v2_2026091401_03828.jpg;train;type1b;medium;type1b/medium
images/synthetic/syn_v2_2026091401_03829.jpg;train;type1;easy;type1/easy
images/synthetic/syn_v2_2026091401_03830.jpg;train;type1a;medium;type1a/medium
images/synthetic/syn_v2_2026091401_03831.jpg;train;type1a;easy;type1a/easy
images/synthetic/syn_v2_2026091401_03832.jpg;train;type1b;easy;type1b/easy
images/synthetic/syn_v2_2026091401_03833.jpg;val;type1b;easy;type1b/easy
images/synthetic/syn_v2_2026091401_03834.jpg;train;type1b;easy;type1b/easy
images/synthetic/syn_v2_2026091401_03835.jpg;val;type1;easy;type1/easy
images/synthetic/syn_v2_2026091401_03836.jpg;train;type1b;medium;type1b/medium
images/synthetic/syn_v2_2026091401_03837.jpg;train;type1b;medium;type1b/medium
images/synthetic/syn_v2_2026091401_03838.jpg;train;type1b;medium;type1b/medium
images/synthetic/syn_v2_2026091401_03839.jpg;val;type1a;medium;type1a/medium
images/synthetic/syn_v2_2026091401_03840.jpg;test;type1;easy;type1/easy
images/synthetic/syn_v2_2026091401_03841.jpg;train;type1b;medium;type1b/medium
images/synthetic/syn_v2_2026091401_03842.jpg;train;type1b;medium;type1b/medium
images/synthetic/syn_v2_2026091401_03843.jpg;train;type1a;medium;type1a/medium
images/synthetic/syn_v2_2026091401_03844.jpg;train;type1a;medium;type1a/medium
images/synthetic/syn_v2_2026091401_03845.jpg;test;type1b;easy;type1b/easy
images/synthetic/syn_v2_2026091401_03846.jpg;val;type1b;hard;type1b/hard
images/synthetic/syn_v2_2026091401_03847.jpg;train;type1;medium;type1/medium
images/synthetic/syn_v2_2026091401_03848.jpg;train;type1b;medium;type1b/medium
images/synthetic/syn_v2_2026091401_03849.jpg;train;type1;hard;type1/hard
images/synthetic/syn_v2_2026091401_03850.jpg;train;type1b;hard;type1b/hard
images/synthetic/syn_v2_2026091401_03851.jpg;train;type1b;easy;type1b/easy
images/synthetic/syn_v2_2026091401_03852.jpg;train;type1a;easy;type1a/easy
images/synthetic/syn_v2_2026091401_03853.jpg;test;type1a;easy;type1a/easy
images/synthetic/syn_v2_2026091401_03854.jpg;train;type1a;medium;type1a/medium
images/synthetic/syn_v2_2026091401_03855.jpg;train;type1;medium;type1/medium
images/synthetic/syn_v2_2026091401_03856.jpg;train;type1b;medium;type1b/medium
images/synthetic/syn_v2_2026091401_03857.jpg;train;type1b;medium;type1b/medium
images/synthetic/syn_v2_2026091401_03858.jpg;val;type1a;easy;type1a/easy
images/synthetic/syn_v2_2026091401_03859.jpg;test;type1b;medium;type1b/medium
images/synthetic/syn_v2_2026091401_03860.jpg;train;type1b;easy;type1b/easy
images/synthetic/syn_v2_2026091401_03861.jpg;train;type1a;easy;type1a/easy
images/synthetic/syn_v2_2026091401_03862.jpg;train;type1;hard;type1/hard
images/synthetic/syn_v2_2026091401_03863.jpg;val;type1b;easy;type1b/easy
images/synthetic/syn_v2_2026091401_03864.jpg;train;type1;easy;type1/easy
images/synthetic/syn_v2_2026091401_03865.jpg;train;type1b;medium;type1b/medium
images/synthetic/syn_v2_2026091401_03866.jpg;train;type1a;easy;type1a/easy
images/synthetic/syn_v2_2026091401_03867.jpg;val;type1;medium;type1/medium
images/synthetic/syn_v2_2026091401_03868.jpg;train;type1;easy;type1/easy
images/synthetic/syn_v2_2026091401_03869.jpg;train;type1a;hard;type1a/hard
images/synthetic/syn_v2_2026091401_03870.jpg;val;type1a;easy;type1a/easy
images/synthetic/syn_v2_2026091401_03871.jpg;train;type1a;medium;type1a/medium
images/synthetic/syn_v2_2026091401_03872.jpg;train;type1;medium;type1/medium
images/synthetic/syn_v2_2026091401_03873.jpg;val;type1a;easy;type1a/easy
images/synthetic/syn_v2_2026091401_03874.jpg;train;type1b;medium;type1b/medium
images/synthetic/syn_v2_2026091401_03875.jpg;val;type1a;easy;type1a/easy
images/synthetic/syn_v2_2026091401_03876.jpg;train;type1a;easy;type1a/easy
images/synthetic/syn_v2_2026091401_03877.jpg;test;type1a;medium;type1a/medium
images/synthetic/syn_v2_2026091401_03878.jpg;val;type1b;medium;type1b/medium
images/synthetic/syn_v2_2026091401_03879.jpg;train;type1b;medium;type1b/medium
images/synthetic/syn_v2_2026091401_03880.jpg;train;type1a;medium;type1a/medium
images/synthetic/syn_v2_2026091401_03881.jpg;test;type1a;easy;type1a/easy
images/synthetic/syn_v2_2026091401_03882.jpg;train;type1a;medium;type1a/medium
images/synthetic/syn_v2_2026091401_03883.jpg;val;type1a;medium;type1a/medium
images/synthetic/syn_v2_2026091401_03884.jpg;train;type1a;easy;type1a/easy
images/synthetic/syn_v2_2026091401_03885.jpg;train;type1a;medium;type1a/medium
images/synthetic/syn_v2_2026091401_03886.jpg;train;type1;easy;type1/easy
images/synthetic/syn_v2_2026091401_03887.jpg;train;type1b;easy;type1b/easy
images/synthetic/syn_v2_2026091401_03888.jpg;test;type1b;easy;type1b/easy
images/synthetic/syn_v2_2026091401_03889.jpg;train;type1b;medium;type1b/medium
images/synthetic/syn_v2_2026091401_03890.jpg;train;type1a;easy;type1a/easy
images/synthetic/syn_v2_2026091401_03891.jpg;train;type1b;hard;type1b/hard
images/synthetic/syn_v2_2026091401_03892.jpg;train;type1a;hard;type1a/hard
images/synthetic/syn_v2_2026091401_03893.jpg;train;type1;easy;type1/easy
images/synthetic/syn_v2_2026091401_03894.jpg;train;type1a;easy;type1a/easy
images/synthetic/syn_v2_2026091401_03895.jpg;train;type1a;medium;type1a/medium
images/synthetic/syn_v2_2026091401_03896.jpg;train;type1b;easy;type1b/easy
images/synthetic/syn_v2_2026091401_03897.jpg;train;type1a;medium;type1a/medium
images/synthetic/syn_v2_2026091401_03898.jpg;train;type1;hard;type1/hard
images/synthetic/syn_v2_2026091401_03899.jpg;train;type1a;easy;type1a/easy
images/synthetic/syn_v2_2026091401_03900.jpg;train;type1a;easy;type1a/easy
images/synthetic/syn_v2_2026091401_03901.jpg;train;type1a;hard;type1a/hard
images/synthetic/syn_v2_2026091401_03902.jpg;train;type1;medium;type1/medium
images/synthetic/syn_v2_2026091401_03903.jpg;train;type1b;hard;type1b/hard
images/synthetic/syn_v2_2026091401_03904.jpg;train;type1;medium;type1/medium
images/synthetic/syn_v2_2026091401_03905.jpg;train;type1b;easy;type1b/easy
images/synthetic/syn_v2_2026091401_03906.jpg;train;type1b;hard;type1b/hard
images/synthetic/syn_v2_2026091401_03907.jpg;train;type1b;medium;type1b/medium
images/synthetic/syn_v2_2026091401_03908.jpg;train;type1a;medium;type1a/medium
images/synthetic/syn_v2_2026091401_03909.jpg;train;type1a;medium;type1a/medium
images/synthetic/syn_v2_2026091401_03910.jpg;val;type1b;hard;type1b/hard
images/synthetic/syn_v2_2026091401_03911.jpg;train;type1;medium;type1/medium
images/synthetic/syn_v2_2026091401_03912.jpg;train;type1a;easy;type1a/easy
images/synthetic/syn_v2_2026091401_03913.jpg;train;type1b;hard;type1b/hard
images/synthetic/syn_v2_2026091401_03914.jpg;val;type1b;medium;type1b/medium
images/synthetic/syn_v2_2026091401_03915.jpg;train;type1b;hard;type1b/hard
images/synthetic/syn_v2_2026091401_03916.jpg;train;type1a;medium;type1a/medium
images/synthetic/syn_v2_2026091401_03917.jpg;train;type1b;hard;type1b/hard
images/synthetic/syn_v2_2026091401_03918.jpg;train;type1b;easy;type1b/easy
images/synthetic/syn_v2_2026091401_03919.jpg;train;type1b;medium;type1b/medium
images/synthetic/syn_v2_2026091401_03920.jpg;val;type1;hard;type1/hard
images/synthetic/syn_v2_2026091401_03921.jpg;train;type1a;medium;type1a/medium
images/synthetic/syn_v2_2026091401_03922.jpg;train;type1b;medium;type1b/medium
images/synthetic/syn_v2_2026091401_03923.jpg;train;type1b;medium;type1b/medium
images/synthetic/syn_v2_2026091401_03924.jpg;train;type1;hard;type1/hard
images/synthetic/syn_v2_2026091401_03925.jpg;train;type1;medium;type1/medium
images/synthetic/syn_v2_2026091401_03926.jpg;train;type1a;medium;type1a/medium
images/synthetic/syn_v2_2026091401_03927.jpg;train;type1;medium;type1/medium
images/synthetic/syn_v2_2026091401_03928.jpg;train;type1a;medium;type1a/medium
images/synthetic/syn_v2_2026091401_03929.jpg;train;type1b;medium;type1b/medium
images/synthetic/syn_v2_2026091401_03930.jpg;train;type1;medium;type1/medium
images/synthetic/syn_v2_2026091401_03931.jpg;train;type1b;medium;type1b/medium
images/synthetic/syn_v2_2026091401_03932.jpg;train;type1b;medium;type1b/medium
images/synthetic/syn_v2_2026091401_03933.jpg;train;type1;medium;type1/medium
images/synthetic/syn_v2_2026091401_03934.jpg;train;type1b;easy;type1b/easy
images/synthetic/syn_v2_2026091401_03935.jpg;train;type1a;easy;type1a/easy
images/synthetic/syn_v2_2026091401_03936.jpg;train;type1a;easy;type1a/easy
images/synthetic/syn_v2_2026091401_03937.jpg;train;type1a;easy;type1a/easy
images/synthetic/syn_v2_2026091401_03938.jpg;val;type1b;medium;type1b/medium
images/synthetic/syn_v2_2026091401_03939.jpg;val;type1b;easy;type1b/easy
images/synthetic/syn_v2_2026091401_03940.jpg;train;type1b;hard;type1b/hard
images/synthetic/syn_v2_2026091401_03941.jpg;train;type1b;medium;type1b/medium
images/synthetic/syn_v2_2026091401_03942.jpg;train;type1;medium;type1/medium
images/synthetic/syn_v2_2026091401_03943.jpg;train;type1;easy;type1/easy
images/synthetic/syn_v2_2026091401_03944.jpg;train;type1a;easy;type1a/easy
images/synthetic/syn_v2_2026091401_03945.jpg;train;type1b;easy;type1b/easy
images/synthetic/syn_v2_2026091401_03946.jpg;val;type1a;medium;type1a/medium
images/synthetic/syn_v2_2026091401_03947.jpg;val;type1a;easy;type1a/easy
images/synthetic/syn_v2_2026091401_03948.jpg;train;type1b;easy;type1b/easy
images/synthetic/syn_v2_2026091401_03949.jpg;train;type1b;hard;type1b/hard
images/synthetic/syn_v2_2026091401_03950.jpg;train;type1;hard;type1/hard
images/synthetic/syn_v2_2026091401_03951.jpg;train;type1;hard;type1/hard
images/synthetic/syn_v2_2026091401_03952.jpg;train;type1b;easy;type1b/easy
images/synthetic/syn_v2_2026091401_03953.jpg;train;type1b;easy;type1b/easy
images/synthetic/syn_v2_2026091401_03954.jpg;train;type1b;medium;type1b/medium
images/synthetic/syn_v2_2026091401_03955.jpg;train;type1b;medium;type1b/medium
images/synthetic/syn_v2_2026091401_03956.jpg;train;type1b;medium;type1b/medium
images/synthetic/syn_v2_2026091401_03957.jpg;train;type1b;easy;type1b/easy
images/synthetic/syn_v2_2026091401_03958.jpg;train;type1;easy;type1/easy
images/synthetic/syn_v2_2026091401_03959.jpg;train;type1a;medium;type1a/medium
images/synthetic/syn_v2_2026091401_03960.jpg;train;type1b;medium;type1b/medium
images/synthetic/syn_v2_2026091401_03961.jpg;train;type1b;medium;type1b/medium
images/synthetic/syn_v2_2026091401_03962.jpg;val;type1a;easy;type1a/easy
images/synthetic/syn_v2_2026091401_03963.jpg;train;type1;medium;type1/medium
images/synthetic/syn_v2_2026091401_03964.jpg;train;type1;medium;type1/medium
images/synthetic/syn_v2_2026091401_03965.jpg;train;type1b;medium;type1b/medium
images/synthetic/syn_v2_2026091401_03966.jpg;val;type1b;easy;type1b/easy
images/synthetic/syn_v2_2026091401_03967.jpg;train;type1b;medium;type1b/medium
images/synthetic/syn_v2_2026091401_03968.jpg;train;type1;medium;type1/medium
images/synthetic/syn_v2_2026091401_03969.jpg;train;type1b;easy;type1b/easy
images/synthetic/syn_v2_2026091401_03970.jpg;train;type1;medium;type1/medium
images/synthetic/syn_v2_2026091401_03971.jpg;train;type1b;medium;type1b/medium
images/synthetic/syn_v2_2026091401_03972.jpg;train;type1a;easy;type1a/easy
images/synthetic/syn_v2_2026091401_03973.jpg;val;type1a;hard;type1a/hard
images/synthetic/syn_v2_2026091401_03974.jpg;train;type1b;medium;type1b/medium
images/synthetic/syn_v2_2026091401_03975.jpg;train;type1b;hard;type1b/hard
images/synthetic/syn_v2_2026091401_03976.jpg;train;type1b;medium;type1b/medium
images/synthetic/syn_v2_2026091401_03977.jpg;train;type1;medium;type1/medium
images/synthetic/syn_v2_2026091401_03978.jpg;train;type1;medium;type1/medium
images/synthetic/syn_v2_2026091401_03979.jpg;train;type1b;easy;type1b/easy
images/synthetic/syn_v2_2026091401_03980.jpg;val;type1b;easy;type1b/easy
images/synthetic/syn_v2_2026091401_03981.jpg;train;type1b;easy;type1b/easy
images/synthetic/syn_v2_2026091401_03982.jpg;train;type1b;easy;type1b/easy
images/synthetic/syn_v2_2026091401_03983.jpg;train;type1b;medium;type1b/medium
images/synthetic/syn_v2_2026091401_03984.jpg;test;type1a;medium;type1a/medium
images/synthetic/syn_v2_2026091401_03985.jpg;train;type1;medium;type1/medium
images/synthetic/syn_v2_2026091401_03986.jpg;val;type1a;medium;type1a/medium
images/synthetic/syn_v2_2026091401_03987.jpg;train;type1b;medium;type1b/medium
images/synthetic/syn_v2_2026091401_03988.jpg;train;type1a;hard;type1a/hard
images/synthetic/syn_v2_2026091401_03989.jpg;train;type1;medium;type1/medium
images/synthetic/syn_v2_2026091401_03990.jpg;train;type1b;medium;type1b/medium
images/synthetic/syn_v2_2026091401_03991.jpg;val;type1;hard;type1/hard
images/synthetic/syn_v2_2026091401_03992.jpg;train;type1a;hard;type1a/hard
images/synthetic/syn_v2_2026091401_03993.jpg;train;type1b;medium;type1b/medium
images/synthetic/syn_v2_2026091401_03994.jpg;train;type1b;easy;type1b/easy
images/synthetic/syn_v2_2026091401_03995.jpg;train;type1a;medium;type1a/medium
images/synthetic/syn_v2_2026091401_03996.jpg;train;type1a;medium;type1a/medium
images/synthetic/syn_v2_2026091401_03997.jpg;test;type1a;easy;type1a/easy
images/synthetic/syn_v2_2026091401_03998.jpg;train;type1;medium;type1/medium
images/synthetic/syn_v2_2026091401_03999.jpg;train;type1a;medium;type1a/medium
images/synthetic/syn_v2_2026091401_04000.jpg;train;type1a;medium;type1a/medium
images/synthetic/syn_v2_2026091401_04001.jpg;train;type1;medium;type1/medium
images/synthetic/syn_v2_2026091401_04002.jpg;train;type1b;easy;type1b/easy
images/synthetic/syn_v2_2026091401_04003.jpg;train;type1a;medium;type1a/medium
images/synthetic/syn_v2_2026091401_04004.jpg;train;type1b;hard;type1b/hard
images/synthetic/syn_v2_2026091401_04005.jpg;val;type1b;hard;type1b/hard
images/synthetic/syn_v2_2026091401_04006.jpg;train;type1a;easy;type1a/easy
images/synthetic/syn_v2_2026091401_04007.jpg;train;type1b;medium;type1b/medium
images/synthetic/syn_v2_2026091401_04008.jpg;train;type1a;easy;type1a/easy
images/synthetic/syn_v2_2026091401_04009.jpg;train;type1b;easy;type1b/easy
images/synthetic/syn_v2_2026091401_04010.jpg;train;type1b;medium;type1b/medium
images/synthetic/syn_v2_2026091401_04011.jpg;val;type1;medium;type1/medium
images/synthetic/syn_v2_2026091401_04012.jpg;train;type1b;medium;type1b/medium
images/synthetic/syn_v2_2026091401_04013.jpg;train;type1b;hard;type1b/hard
images/synthetic/syn_v2_2026091401_04014.jpg;train;type1a;medium;type1a/medium
images/synthetic/syn_v2_2026091401_04015.jpg;train;type1b;medium;type1b/medium
images/synthetic/syn_v2_2026091401_04016.jpg;val;type1b;easy;type1b/easy
images/synthetic/syn_v2_2026091401_04017.jpg;train;type1b;easy;type1b/easy
images/synthetic/syn_v2_2026091401_04018.jpg;train;type1b;medium;type1b/medium
images/synthetic/syn_v2_2026091401_04019.jpg;train;type1a;medium;type1a/medium
images/synthetic/syn_v2_2026091401_04020.jpg;train;type1a;easy;type1a/easy
images/synthetic/syn_v2_2026091401_04021.jpg;train;type1a;hard;type1a/hard
images/synthetic/syn_v2_2026091401_04022.jpg;train;type1b;hard;type1b/hard
images/synthetic/syn_v2_2026091401_04023.jpg;val;type1b;easy;type1b/easy
images/synthetic/syn_v2_2026091401_04024.jpg;train;type1;medium;type1/medium
images/synthetic/syn_v2_2026091401_04025.jpg;train;type1a;medium;type1a/medium
images/synthetic/syn_v2_2026091401_04026.jpg;train;type1a;easy;type1a/easy
images/synthetic/syn_v2_2026091401_04027.jpg;train;type1a;medium;type1a/medium
images/synthetic/syn_v2_2026091401_04028.jpg;train;type1b;hard;type1b/hard
images/synthetic/syn_v2_2026091401_04029.jpg;test;type1b;medium;type1b/medium
images/synthetic/syn_v2_2026091401_04030.jpg;train;type1;medium;type1/medium
images/synthetic/syn_v2_2026091401_04031.jpg;train;type1b;medium;type1b/medium
images/synthetic/syn_v2_2026091401_04032.jpg;train;type1a;medium;type1a/medium
images/synthetic/syn_v2_2026091401_04033.jpg;train;type1b;medium;type1b/medium
images/synthetic/syn_v2_2026091401_04034.jpg;train;type1a;medium;type1a/medium
images/synthetic/syn_v2_2026091401_04035.jpg;test;type1b;medium;type1b/medium
images/synthetic/syn_v2_2026091401_04036.jpg;train;type1b;easy;type1b/easy
images/synthetic/syn_v2_2026091401_04037.jpg;test;type1b;easy;type1b/easy
images/synthetic/syn_v2_2026091401_04038.jpg;train;type1a;medium;type1a/medium
images/synthetic/syn_v2_2026091401_04039.jpg;train;type1a;medium;type1a/medium
images/synthetic/syn_v2_2026091401_04040.jpg;train;type1b;medium;type1b/medium
images/synthetic/syn_v2_2026091401_04041.jpg;train;type1a;medium;type1a/medium
images/synthetic/syn_v2_2026091401_04042.jpg;train;type1a;easy;type1a/easy
images/synthetic/syn_v2_2026091401_04043.jpg;train;type1a;hard;type1a/hard
images/synthetic/syn_v2_2026091401_04044.jpg;train;type1b;medium;type1b/medium
images/synthetic/syn_v2_2026091401_04045.jpg;train;type1a;easy;type1a/easy
images/synthetic/syn_v2_2026091401_04046.jpg;train;type1a;easy;type1a/easy
images/synthetic/syn_v2_2026091401_04047.jpg;val;type1a;medium;type1a/medium
images/synthetic/syn_v2_2026091401_04048.jpg;val;type1;medium;type1/medium
images/synthetic/syn_v2_2026091401_04049.jpg;train;type1a;hard;type1a/hard
images/synthetic/syn_v2_2026091401_04050.jpg;train;type1b;medium;type1b/medium
images/synthetic/syn_v2_2026091401_04051.jpg;train;type1b;medium;type1b/medium
images/synthetic/syn_v2_2026091401_04052.jpg;test;type1a;medium;type1a/medium
images/synthetic/syn_v2_2026091401_04053.jpg;val;type1b;easy;type1b/easy
images/synthetic/syn_v2_2026091401_04054.jpg;train;type1;medium;type1/medium
images/synthetic/syn_v2_2026091401_04055.jpg;train;type1a;hard;type1a/hard
images/synthetic/syn_v2_2026091401_04056.jpg;train;type1a;medium;type1a/medium
images/synthetic/syn_v2_2026091401_04057.jpg;val;type1b;medium;type1b/medium
images/synthetic/syn_v2_2026091401_04058.jpg;val;type1b;medium;type1b/medium
images/synthetic/syn_v2_2026091401_04059.jpg;train;type1;hard;type1/hard
images/synthetic/syn_v2_2026091401_04060.jpg;train;type1a;hard;type1a/hard
images/synthetic/syn_v2_2026091401_04061.jpg;train;type1b;easy;type1b/easy
images/synthetic/syn_v2_2026091401_04062.jpg;train;type1a;easy;type1a/easy
images/synthetic/syn_v2_2026091401_04063.jpg;train;type1a;medium;type1a/medium
images/synthetic/syn_v2_2026091401_04064.jpg;train;type1;medium;type1/medium
images/synthetic/syn_v2_2026091401_04065.jpg;train;type1a;easy;type1a/easy
images/synthetic/syn_v2_2026091401_04066.jpg;train;type1;easy;type1/easy
images/synthetic/syn_v2_2026091401_04067.jpg;train;type1b;easy;type1b/easy
images/synthetic/syn_v2_2026091401_04068.jpg;train;type1b;medium;type1b/medium
images/synthetic/syn_v2_2026091401_04069.jpg;train;type1b;medium;type1b/medium
images/synthetic/syn_v2_2026091401_04070.jpg;val;type1a;medium;type1a/medium
images/synthetic/syn_v2_2026091401_04071.jpg;train;type1b;easy;type1b/easy
images/synthetic/syn_v2_2026091401_04072.jpg;train;type1b;easy;type1b/easy
images/synthetic/syn_v2_2026091401_04073.jpg;train;type1;easy;type1/easy
images/synthetic/syn_v2_2026091401_04074.jpg;test;type1a;medium;type1a/medium
images/synthetic/syn_v2_2026091401_04075.jpg;train;type1b;hard;type1b/hard
images/synthetic/syn_v2_2026091401_04076.jpg;val;type1b;medium;type1b/medium
images/synthetic/syn_v2_2026091401_04077.jpg;train;type1b;medium;type1b/medium
images/synthetic/syn_v2_2026091401_04078.jpg;train;type1b;medium;type1b/medium
images/synthetic/syn_v2_2026091401_04079.jpg;val;type1a;medium;type1a/medium
images/synthetic/syn_v2_2026091401_04080.jpg;train;type1b;medium;type1b/medium
images/synthetic/syn_v2_2026091401_04081.jpg;train;type1b;hard;type1b/hard
images/synthetic/syn_v2_2026091401_04082.jpg;train;type1a;medium;type1a/medium
images/synthetic/syn_v2_2026091401_04083.jpg;train;type1a;hard;type1a/hard
images/synthetic/syn_v2_2026091401_04084.jpg;test;type1b;easy;type1b/easy
images/synthetic/syn_v2_2026091401_04085.jpg;train;type1a;hard;type1a/hard
images/synthetic/syn_v2_2026091401_04086.jpg;train;type1a;medium;type1a/medium
images/synthetic/syn_v2_2026091401_04087.jpg;train;type1b;hard;type1b/hard
images/synthetic/syn_v2_2026091401_04088.jpg;train;type1;easy;type1/easy
images/synthetic/syn_v2_2026091401_04089.jpg;train;type1b;easy;type1b/easy
images/synthetic/syn_v2_2026091401_04090.jpg;train;type1;medium;type1/medium
images/synthetic/syn_v2_2026091401_04091.jpg;train;type1a;medium;type1a/medium
images/synthetic/syn_v2_2026091401_04092.jpg;val;type1b;medium;type1b/medium
images/synthetic/syn_v2_2026091401_04093.jpg;train;type1b;easy;type1b/easy
images/synthetic/syn_v2_2026091401_04094.jpg;train;type1b;medium;type1b/medium
images/synthetic/syn_v2_2026091401_04095.jpg;train;type1b;medium;type1b/medium
images/synthetic/syn_v2_2026091401_04096.jpg;train;type1a;easy;type1a/easy
images/synthetic/syn_v2_2026091401_04097.jpg;train;type1a;easy;type1a/easy
images/synthetic/syn_v2_2026091401_04098.jpg;train;type1a;medium;type1a/medium
images/synthetic/syn_v2_2026091401_04099.jpg;train;type1b;medium;type1b/medium
images/synthetic/syn_v2_2026091401_04100.jpg;train;type1b;medium;type1b/medium
images/synthetic/syn_v2_2026091401_04101.jpg;val;type1b;hard;type1b/hard
images/synthetic/syn_v2_2026091401_04102.jpg;val;type1b;medium;type1b/medium
images/synthetic/syn_v2_2026091401_04103.jpg;train;type1a;hard;type1a/hard
images/synthetic/syn_v2_2026091401_04104.jpg;train;type1b;hard;type1b/hard
images/synthetic/syn_v2_2026091401_04105.jpg;train;type1a;hard;type1a/hard
images/synthetic/syn_v2_2026091401_04106.jpg;train;type1a;medium;type1a/medium
images/synthetic/syn_v2_2026091401_04107.jpg;train;type1b;medium;type1b/medium
images/synthetic/syn_v2_2026091401_04108.jpg;val;type1b;easy;type1b/easy
images/synthetic/syn_v2_2026091401_04109.jpg;val;type1a;hard;type1a/hard
images/synthetic/syn_v2_2026091401_04110.jpg;train;type1b;easy;type1b/easy
images/synthetic/syn_v2_2026091401_04111.jpg;train;type1b;easy;type1b/easy
images/synthetic/syn_v2_2026091401_04112.jpg;train;type1a;hard;type1a/hard
images/synthetic/syn_v2_2026091401_04113.jpg;train;type1b;medium;type1b/medium
images/synthetic/syn_v2_2026091401_04114.jpg;train;type1a;medium;type1a/medium
images/synthetic/syn_v2_2026091401_04115.jpg;train;type1b;medium;type1b/medium
images/synthetic/syn_v2_2026091401_04116.jpg;train;type1b;medium;type1b/medium
images/synthetic/syn_v2_2026091401_04117.jpg;train;type1;easy;type1/easy
images/synthetic/syn_v2_2026091401_04118.jpg;train;type1a;medium;type1a/medium
images/synthetic/syn_v2_2026091401_04119.jpg;train;type1b;easy;type1b/easy
images/synthetic/syn_v2_2026091401_04120.jpg;train;type1b;medium;type1b/medium
images/synthetic/syn_v2_2026091401_04121.jpg;train;type1;medium;type1/medium
images/synthetic/syn_v2_2026091401_04122.jpg;val;type1a;medium;type1a/medium
images/synthetic/syn_v2_2026091401_04123.jpg;train;type1a;hard;type1a/hard
images/synthetic/syn_v2_2026091401_04124.jpg;train;type1a;easy;type1a/easy
images/synthetic/syn_v2_2026091401_04125.jpg;train;type1a;medium;type1a/medium
images/synthetic/syn_v2_2026091401_04126.jpg;train;type1b;hard;type1b/hard
images/synthetic/syn_v2_2026091401_04127.jpg;train;type1a;easy;type1a/easy
images/synthetic/syn_v2_2026091401_04128.jpg;val;type1a;hard;type1a/hard
images/synthetic/syn_v2_2026091401_04129.jpg;train;type1b;hard;type1b/hard
images/synthetic/syn_v2_2026091401_04130.jpg;val;type1a;easy;type1a/easy
images/synthetic/syn_v2_2026091401_04131.jpg;train;type1;easy;type1/easy
images/synthetic/syn_v2_2026091401_04132.jpg;train;type1b;medium;type1b/medium
images/synthetic/syn_v2_2026091401_04133.jpg;train;type1;easy;type1/easy
images/synthetic/syn_v2_2026091401_04134.jpg;train;type1;medium;type1/medium
images/synthetic/syn_v2_2026091401_04135.jpg;val;type1a;easy;type1a/easy
images/synthetic/syn_v2_2026091401_04136.jpg;val;type1b;hard;type1b/hard
images/synthetic/syn_v2_2026091401_04137.jpg;train;type1b;medium;type1b/medium
images/synthetic/syn_v2_2026091401_04138.jpg;train;type1b;hard;type1b/hard
images/synthetic/syn_v2_2026091401_04139.jpg;train;type1a;medium;type1a/medium
images/synthetic/syn_v2_2026091401_04140.jpg;train;type1a;medium;type1a/medium
images/synthetic/syn_v2_2026091401_04141.jpg;train;type1b;easy;type1b/easy
images/synthetic/syn_v2_2026091401_04142.jpg;train;type1a;easy;type1a/easy
images/synthetic/syn_v2_2026091401_04143.jpg;train;type1b;easy;type1b/easy
images/synthetic/syn_v2_2026091401_04144.jpg;train;type1b;medium;type1b/medium
images/synthetic/syn_v2_2026091401_04145.jpg;train;type1;medium;type1/medium
images/synthetic/syn_v2_2026091401_04146.jpg;train;type1b;easy;type1b/easy
images/synthetic/syn_v2_2026091401_04147.jpg;train;type1a;medium;type1a/medium
images/synthetic/syn_v2_2026091401_04148.jpg;train;type1a;easy;type1a/easy
images/synthetic/syn_v2_2026091401_04149.jpg;train;type1;medium;type1/medium
images/synthetic/syn_v2_2026091401_04150.jpg;train;type1;medium;type1/medium
images/synthetic/syn_v2_2026091401_04151.jpg;train;type1b;hard;type1b/hard
images/synthetic/syn_v2_2026091401_04152.jpg;train;type1b;medium;type1b/medium
images/synthetic/syn_v2_2026091401_04153.jpg;train;type1a;medium;type1a/medium
images/synthetic/syn_v2_2026091401_04154.jpg;train;type1b;easy;type1b/easy
images/synthetic/syn_v2_2026091401_04155.jpg;train;type1a;medium;type1a/medium
images/synthetic/syn_v2_2026091401_04156.jpg;train;type1b;hard;type1b/hard
images/synthetic/syn_v2_2026091401_04157.jpg;train;type1a;easy;type1a/easy
images/synthetic/syn_v2_2026091401_04158.jpg;train;type1a;easy;type1a/easy
images/synthetic/syn_v2_2026091401_04159.jpg;train;type1b;medium;type1b/medium
images/synthetic/syn_v2_2026091401_04160.jpg;val;type1b;medium;type1b/medium
images/synthetic/syn_v2_2026091401_04161.jpg;train;type1b;easy;type1b/easy
images/synthetic/syn_v2_2026091401_04162.jpg;train;type1b;hard;type1b/hard
images/synthetic/syn_v2_2026091401_04163.jpg;train;type1b;easy;type1b/easy
images/synthetic/syn_v2_2026091401_04164.jpg;train;type1a;hard;type1a/hard
images/synthetic/syn_v2_2026091401_04165.jpg;test;type1a;hard;type1a/hard
images/synthetic/syn_v2_2026091401_04166.jpg;train;type1b;medium;type1b/medium
images/synthetic/syn_v2_2026091401_04167.jpg;train;type1;medium;type1/medium
images/synthetic/syn_v2_2026091401_04168.jpg;train;type1a;medium;type1a/medium
images/synthetic/syn_v2_2026091401_04169.jpg;train;type1a;medium;type1a/medium
images/synthetic/syn_v2_2026091401_04170.jpg;train;type1b;hard;type1b/hard
images/synthetic/syn_v2_2026091401_04171.jpg;train;type1a;medium;type1a/medium
images/synthetic/syn_v2_2026091401_04172.jpg;train;type1b;medium;type1b/medium
images/synthetic/syn_v2_2026091401_04173.jpg;train;type1b;medium;type1b/medium
images/synthetic/syn_v2_2026091401_04174.jpg;train;type1a;easy;type1a/easy
images/synthetic/syn_v2_2026091401_04175.jpg;test;type1b;medium;type1b/medium
images/synthetic/syn_v2_2026091401_04176.jpg;train;type1;medium;type1/medium
images/synthetic/syn_v2_2026091401_04177.jpg;train;type1a;medium;type1a/medium
images/synthetic/syn_v2_2026091401_04178.jpg;train;type1;medium;type1/medium
images/synthetic/syn_v2_2026091401_04179.jpg;train;type1;easy;type1/easy
images/synthetic/syn_v2_2026091401_04180.jpg;train;type1b;medium;type1b/medium
images/synthetic/syn_v2_2026091401_04181.jpg;train;type1a;easy;type1a/easy
images/synthetic/syn_v2_2026091401_04182.jpg;train;type1a;medium;type1a/medium
images/synthetic/syn_v2_2026091401_04183.jpg;val;type1b;easy;type1b/easy
images/synthetic/syn_v2_2026091401_04184.jpg;train;type1b;easy;type1b/easy
images/synthetic/syn_v2_2026091401_04185.jpg;train;type1b;hard;type1b/hard
images/synthetic/syn_v2_2026091401_04186.jpg;train;type1b;medium;type1b/medium
images/synthetic/syn_v2_2026091401_04187.jpg;train;type1a;medium;type1a/medium
images/synthetic/syn_v2_2026091401_04188.jpg;train;type1a;easy;type1a/easy
images/synthetic/syn_v2_2026091401_04189.jpg;train;type1a;medium;type1a/medium
images/synthetic/syn_v2_2026091401_04190.jpg;train;type1;hard;type1/hard
images/synthetic/syn_v2_2026091401_04191.jpg;train;type1b;hard;type1b/hard
images/synthetic/syn_v2_2026091401_04192.jpg;val;type1b;medium;type1b/medium
images/synthetic/syn_v2_2026091401_04193.jpg;test;type1b;easy;type1b/easy
images/synthetic/syn_v2_2026091401_04194.jpg;train;type1;medium;type1/medium
images/synthetic/syn_v2_2026091401_04195.jpg;train;type1;hard;type1/hard
images/synthetic/syn_v2_2026091401_04196.jpg;train;type1b;hard;type1b/hard
images/synthetic/syn_v2_2026091401_04197.jpg;train;type1a;medium;type1a/medium
images/synthetic/syn_v2_2026091401_04198.jpg;train;type1a;hard;type1a/hard
images/synthetic/syn_v2_2026091401_04199.jpg;train;type1;easy;type1/easy
images/synthetic/syn_v2_2026091401_04200.jpg;train;type1b;medium;type1b/medium
images/synthetic/syn_v2_2026091401_04201.jpg;train;type1a;easy;type1a/easy
images/synthetic/syn_v2_2026091401_04202.jpg;train;type1b;medium;type1b/medium
images/synthetic/syn_v2_2026091401_04203.jpg;train;type1;medium;type1/medium
images/synthetic/syn_v2_2026091401_04204.jpg;train;type1b;medium;type1b/medium
images/synthetic/syn_v2_2026091401_04205.jpg;train;type1;medium;type1/medium
images/synthetic/syn_v2_2026091401_04206.jpg;train;type1b;easy;type1b/easy
images/synthetic/syn_v2_2026091401_04207.jpg;train;type1a;medium;type1a/medium
images/synthetic/syn_v2_2026091401_04208.jpg;test;type1b;medium;type1b/medium
images/synthetic/syn_v2_2026091401_04209.jpg;train;type1;medium;type1/medium
images/synthetic/syn_v2_2026091401_04210.jpg;train;type1b;medium;type1b/medium
images/synthetic/syn_v2_2026091401_04211.jpg;train;type1a;easy;type1a/easy
images/synthetic/syn_v2_2026091401_04212.jpg;train;type1;medium;type1/medium
images/synthetic/syn_v2_2026091401_04213.jpg;train;type1b;easy;type1b/easy
images/synthetic/syn_v2_2026091401_04214.jpg;train;type1b;medium;type1b/medium
images/synthetic/syn_v2_2026091401_04215.jpg;val;type1b;easy;type1b/easy
images/synthetic/syn_v2_2026091401_04216.jpg;train;type1b;medium;type1b/medium
images/synthetic/syn_v2_2026091401_04217.jpg;val;type1;easy;type1/easy
images/synthetic/syn_v2_2026091401_04218.jpg;train;type1;easy;type1/easy
images/synthetic/syn_v2_2026091401_04219.jpg;train;type1;hard;type1/hard
images/synthetic/syn_v2_2026091401_04220.jpg;train;type1b;medium;type1b/medium
images/synthetic/syn_v2_2026091401_04221.jpg;train;type1b;easy;type1b/easy
images/synthetic/syn_v2_2026091401_04222.jpg;train;type1;easy;type1/easy
images/synthetic/syn_v2_2026091401_04223.jpg;val;type1;medium;type1/medium
images/synthetic/syn_v2_2026091401_04224.jpg;train;type1b;medium;type1b/medium
images/synthetic/syn_v2_2026091401_04225.jpg;train;type1;medium;type1/medium
images/synthetic/syn_v2_2026091401_04226.jpg;train;type1a;medium;type1a/medium
images/synthetic/syn_v2_2026091401_04227.jpg;train;type1b;hard;type1b/hard
images/synthetic/syn_v2_2026091401_04228.jpg;train;type1;medium;type1/medium
images/synthetic/syn_v2_2026091401_04229.jpg;train;type1a;easy;type1a/easy
images/synthetic/syn_v2_2026091401_04230.jpg;test;type1a;medium;type1a/medium
images/synthetic/syn_v2_2026091401_04231.jpg;train;type1a;medium;type1a/medium
images/synthetic/syn_v2_2026091401_04232.jpg;train;type1a;medium;type1a/medium
images/synthetic/syn_v2_2026091401_04233.jpg;val;type1a;hard;type1a/hard
images/synthetic/syn_v2_2026091401_04234.jpg;train;type1a;medium;type1a/medium
images/synthetic/syn_v2_2026091401_04235.jpg;test;type1b;hard;type1b/hard
images/synthetic/syn_v2_2026091401_04236.jpg;train;type1b;medium;type1b/medium
images/synthetic/syn_v2_2026091401_04237.jpg;train;type1b;medium;type1b/medium
images/synthetic/syn_v2_2026091401_04238.jpg;train;type1;medium;type1/medium
images/synthetic/syn_v2_2026091401_04239.jpg;train;type1b;easy;type1b/easy
images/synthetic/syn_v2_2026091401_04240.jpg;val;type1;medium;type1/medium
images/synthetic/syn_v2_2026091401_04241.jpg;train;type1a;easy;type1a/easy
images/synthetic/syn_v2_2026091401_04242.jpg;val;type1b;easy;type1b/easy
images/synthetic/syn_v2_2026091401_04243.jpg;train;type1b;medium;type1b/medium
images/synthetic/syn_v2_2026091401_04244.jpg;train;type1b;easy;type1b/easy
images/synthetic/syn_v2_2026091401_04245.jpg;train;type1a;medium;type1a/medium
images/synthetic/syn_v2_2026091401_04246.jpg;val;type1b;medium;type1b/medium
images/synthetic/syn_v2_2026091401_04247.jpg;train;type1b;medium;type1b/medium
images/synthetic/syn_v2_2026091401_04248.jpg;test;type1a;medium;type1a/medium
images/synthetic/syn_v2_2026091401_04249.jpg;train;type1b;medium;type1b/medium
images/synthetic/syn_v2_2026091401_04250.jpg;train;type1a;medium;type1a/medium
images/synthetic/syn_v2_2026091401_04251.jpg;train;type1b;hard;type1b/hard
images/synthetic/syn_v2_2026091401_04252.jpg;train;type1a;medium;type1a/medium
images/synthetic/syn_v2_2026091401_04253.jpg;train;type1a;hard;type1a/hard
images/synthetic/syn_v2_2026091401_04254.jpg;val;type1a;easy;type1a/easy
images/synthetic/syn_v2_2026091401_04255.jpg;train;type1a;medium;type1a/medium
images/synthetic/syn_v2_2026091401_04256.jpg;train;type1a;easy;type1a/easy
images/synthetic/syn_v2_2026091401_04257.jpg;train;type1a;medium;type1a/medium
images/synthetic/syn_v2_2026091401_04258.jpg;train;type1;hard;type1/hard
images/synthetic/syn_v2_2026091401_04259.jpg;train;type1;easy;type1/easy
images/synthetic/syn_v2_2026091401_04260.jpg;train;type1b;easy;type1b/easy
images/synthetic/syn_v2_2026091401_04261.jpg;train;type1b;medium;type1b/medium
images/synthetic/syn_v2_2026091401_04262.jpg;train;type1;medium;type1/medium
images/synthetic/syn_v2_2026091401_04263.jpg;train;type1b;hard;type1b/hard
images/synthetic/syn_v2_2026091401_04264.jpg;train;type1a;easy;type1a/easy
images/synthetic/syn_v2_2026091401_04265.jpg;train;type1a;easy;type1a/easy
images/synthetic/syn_v2_2026091401_04266.jpg;train;type1a;medium;type1a/medium
images/synthetic/syn_v2_2026091401_04267.jpg;train;type1;medium;type1/medium
images/synthetic/syn_v2_2026091401_04268.jpg;train;type1a;easy;type1a/easy
images/synthetic/syn_v2_2026091401_04269.jpg;train;type1b;easy;type1b/easy
images/synthetic/syn_v2_2026091401_04270.jpg;val;type1a;easy;type1a/easy
images/synthetic/syn_v2_2026091401_04271.jpg;train;type1a;medium;type1a/medium
images/synthetic/syn_v2_2026091401_04272.jpg;train;type1a;hard;type1a/hard
images/synthetic/syn_v2_2026091401_04273.jpg;train;type1;easy;type1/easy
images/synthetic/syn_v2_2026091401_04274.jpg;train;type1b;easy;type1b/easy
images/synthetic/syn_v2_2026091401_04275.jpg;train;type1b;medium;type1b/medium
images/synthetic/syn_v2_2026091401_04276.jpg;train;type1a;hard;type1a/hard
images/synthetic/syn_v2_2026091401_04277.jpg;train;type1a;hard;type1a/hard
images/synthetic/syn_v2_2026091401_04278.jpg;train;type1b;hard;type1b/hard
images/synthetic/syn_v2_2026091401_04279.jpg;val;type1;hard;type1/hard
images/synthetic/syn_v2_2026091401_04280.jpg;train;type1;medium;type1/medium
images/synthetic/syn_v2_2026091401_04281.jpg;train;type1b;easy;type1b/easy
images/synthetic/syn_v2_2026091401_04282.jpg;train;type1b;medium;type1b/medium
images/synthetic/syn_v2_2026091401_04283.jpg;val;type1b;easy;type1b/easy
images/synthetic/syn_v2_2026091401_04284.jpg;train;type1b;hard;type1b/hard
images/synthetic/syn_v2_2026091401_04285.jpg;train;type1;easy;type1/easy
images/synthetic/syn_v2_2026091401_04286.jpg;train;type1b;easy;type1b/easy
images/synthetic/syn_v2_2026091401_04287.jpg;train;type1a;medium;type1a/medium
images/synthetic/syn_v2_2026091401_04288.jpg;train;type1b;hard;type1b/hard
images/synthetic/syn_v2_2026091401_04289.jpg;train;type1b;easy;type1b/easy
images/synthetic/syn_v2_2026091401_04290.jpg;val;type1a;easy;type1a/easy
images/synthetic/syn_v2_2026091401_04291.jpg;train;type1a;medium;type1a/medium
images/synthetic/syn_v2_2026091401_04292.jpg;train;type1;easy;type1/easy
images/synthetic/syn_v2_2026091401_04293.jpg;train;type1;medium;type1/medium
images/synthetic/syn_v2_2026091401_04294.jpg;train;type1b;medium;type1b/medium
images/synthetic/syn_v2_2026091401_04295.jpg;train;type1;medium;type1/medium
images/synthetic/syn_v2_2026091401_04296.jpg;train;type1b;medium;type1b/medium
images/synthetic/syn_v2_2026091401_04297.jpg;train;type1b;easy;type1b/easy
images/synthetic/syn_v2_2026091401_04298.jpg;train;type1a;hard;type1a/hard
images/synthetic/syn_v2_2026091401_04299.jpg;val;type1;easy;type1/easy
images/synthetic/syn_v2_2026091401_04300.jpg;train;type1a;medium;type1a/medium
images/synthetic/syn_v2_2026091401_04301.jpg;val;type1b;easy;type1b/easy
images/synthetic/syn_v2_2026091401_04302.jpg;train;type1;easy;type1/easy
images/synthetic/syn_v2_2026091401_04303.jpg;train;type1a;easy;type1a/easy
images/synthetic/syn_v2_2026091401_04304.jpg;train;type1a;medium;type1a/medium
images/synthetic/syn_v2_2026091401_04305.jpg;train;type1b;easy;type1b/easy
images/synthetic/syn_v2_2026091401_04306.jpg;test;type1b;medium;type1b/medium
images/synthetic/syn_v2_2026091401_04307.jpg;train;type1a;hard;type1a/hard
images/synthetic/syn_v2_2026091401_04308.jpg;train;type1a;hard;type1a/hard
images/synthetic/syn_v2_2026091401_04309.jpg;train;type1a;medium;type1a/medium
images/synthetic/syn_v2_2026091401_04310.jpg;val;type1a;medium;type1a/medium
images/synthetic/syn_v2_2026091401_04311.jpg;train;type1a;easy;type1a/easy
images/synthetic/syn_v2_2026091401_04312.jpg;train;type1b;easy;type1b/easy
images/synthetic/syn_v2_2026091401_04313.jpg;train;type1;hard;type1/hard
images/synthetic/syn_v2_2026091401_04314.jpg;train;type1b;hard;type1b/hard
images/synthetic/syn_v2_2026091401_04315.jpg;train;type1a;easy;type1a/easy
images/synthetic/syn_v2_2026091401_04316.jpg;train;type1a;medium;type1a/medium
images/synthetic/syn_v2_2026091401_04317.jpg;train;type1a;hard;type1a/hard
images/synthetic/syn_v2_2026091401_04318.jpg;train;type1b;hard;type1b/hard
images/synthetic/syn_v2_2026091401_04319.jpg;train;type1b;medium;type1b/medium
images/synthetic/syn_v2_2026091401_04320.jpg;train;type1b;medium;type1b/medium
images/synthetic/syn_v2_2026091401_04321.jpg;train;type1b;hard;type1b/hard
images/synthetic/syn_v2_2026091401_04322.jpg;train;type1;hard;type1/hard
images/synthetic/syn_v2_2026091401_04323.jpg;train;type1;medium;type1/medium
images/synthetic/syn_v2_2026091401_04324.jpg;test;type1b;hard;type1b/hard
images/synthetic/syn_v2_2026091401_04325.jpg;train;type1b;hard;type1b/hard
images/synthetic/syn_v2_2026091401_04326.jpg;train;type1a;medium;type1a/medium
images/synthetic/syn_v2_2026091401_04327.jpg;train;type1b;medium;type1b/medium
images/synthetic/syn_v2_2026091401_04328.jpg;train;type1b;easy;type1b/easy
images/synthetic/syn_v2_2026091401_04329.jpg;train;type1a;medium;type1a/medium
images/synthetic/syn_v2_2026091401_04330.jpg;train;type1b;easy;type1b/easy
images/synthetic/syn_v2_2026091401_04331.jpg;train;type1b;medium;type1b/medium
images/synthetic/syn_v2_2026091401_04332.jpg;val;type1a;easy;type1a/easy
images/synthetic/syn_v2_2026091401_04333.jpg;train;type1b;easy;type1b/easy
images/synthetic/syn_v2_2026091401_04334.jpg;train;type1b;hard;type1b/hard
images/synthetic/syn_v2_2026091401_04335.jpg;train;type1;easy;type1/easy
images/synthetic/syn_v2_2026091401_04336.jpg;train;type1a;easy;type1a/easy
images/synthetic/syn_v2_2026091401_04337.jpg;train;type1b;medium;type1b/medium
images/synthetic/syn_v2_2026091401_04338.jpg;train;type1b;hard;type1b/hard
images/synthetic/syn_v2_2026091401_04339.jpg;train;type1;hard;type1/hard
images/synthetic/syn_v2_2026091401_04340.jpg;train;type1;hard;type1/hard
images/synthetic/syn_v2_2026091401_04341.jpg;test;type1a;hard;type1a/hard
images/synthetic/syn_v2_2026091401_04342.jpg;train;type1b;medium;type1b/medium
images/synthetic/syn_v2_2026091401_04343.jpg;train;type1b;easy;type1b/easy
images/synthetic/syn_v2_2026091401_04344.jpg;val;type1b;easy;type1b/easy
images/synthetic/syn_v2_2026091401_04345.jpg;train;type1b;easy;type1b/easy
images/synthetic/syn_v2_2026091401_04346.jpg;train;type1a;medium;type1a/medium
images/synthetic/syn_v2_2026091401_04347.jpg;train;type1b;easy;type1b/easy
images/synthetic/syn_v2_2026091401_04348.jpg;val;type1a;hard;type1a/hard
images/synthetic/syn_v2_2026091401_04349.jpg;train;type1a;easy;type1a/easy
images/synthetic/syn_v2_2026091401_04350.jpg;train;type1b;medium;type1b/medium
images/synthetic/syn_v2_2026091401_04351.jpg;train;type1a;medium;type1a/medium
images/synthetic/syn_v2_2026091401_04352.jpg;train;type1b;easy;type1b/easy
images/synthetic/syn_v2_2026091401_04353.jpg;train;type1b;easy;type1b/easy
images/synthetic/syn_v2_2026091401_04354.jpg;train;type1a;medium;type1a/medium
images/synthetic/syn_v2_2026091401_04355.jpg;train;type1a;hard;type1a/hard
images/synthetic/syn_v2_2026091401_04356.jpg;train;type1b;hard;type1b/hard
images/synthetic/syn_v2_2026091401_04357.jpg;train;type1b;medium;type1b/medium
images/synthetic/syn_v2_2026091401_04358.jpg;train;type1b;medium;type1b/medium
images/synthetic/syn_v2_2026091401_04359.jpg;val;type1b;medium;type1b/medium
images/synthetic/syn_v2_2026091401_04360.jpg;train;type1b;medium;type1b/medium
images/synthetic/syn_v2_2026091401_04361.jpg;train;type1b;medium;type1b/medium
images/synthetic/syn_v2_2026091401_04362.jpg;train;type1a;medium;type1a/medium
images/synthetic/syn_v2_2026091401_04363.jpg;train;type1b;easy;type1b/easy
images/synthetic/syn_v2_2026091401_04364.jpg;train;type1b;medium;type1b/medium
images/synthetic/syn_v2_2026091401_04365.jpg;train;type1a;easy;type1a/easy
images/synthetic/syn_v2_2026091401_04366.jpg;train;type1b;medium;type1b/medium
images/synthetic/syn_v2_2026091401_04367.jpg;train;type1b;medium;type1b/medium
images/synthetic/syn_v2_2026091401_04368.jpg;train;type1;hard;type1/hard
images/synthetic/syn_v2_2026091401_04369.jpg;train;type1a;medium;type1a/medium
images/synthetic/syn_v2_2026091401_04370.jpg;train;type1;hard;type1/hard
images/synthetic/syn_v2_2026091401_04371.jpg;val;type1a;medium;type1a/medium
images/synthetic/syn_v2_2026091401_04372.jpg;train;type1;medium;type1/medium
images/synthetic/syn_v2_2026091401_04373.jpg;train;type1b;easy;type1b/easy
images/synthetic/syn_v2_2026091401_04374.jpg;train;type1a;hard;type1a/hard
images/synthetic/syn_v2_2026091401_04375.jpg;train;type1b;easy;type1b/easy
images/synthetic/syn_v2_2026091401_04376.jpg;train;type1b;easy;type1b/easy
images/synthetic/syn_v2_2026091401_04377.jpg;train;type1b;easy;type1b/easy
images/synthetic/syn_v2_2026091401_04378.jpg;train;type1a;easy;type1a/easy
images/synthetic/syn_v2_2026091401_04379.jpg;train;type1a;medium;type1a/medium
images/synthetic/syn_v2_2026091401_04380.jpg;train;type1a;medium;type1a/medium
images/synthetic/syn_v2_2026091401_04381.jpg;train;type1a;hard;type1a/hard
images/synthetic/syn_v2_2026091401_04382.jpg;train;type1b;hard;type1b/hard
images/synthetic/syn_v2_2026091401_04383.jpg;train;type1b;hard;type1b/hard
images/synthetic/syn_v2_2026091401_04384.jpg;train;type1b;medium;type1b/medium
images/synthetic/syn_v2_2026091401_04385.jpg;train;type1a;medium;type1a/medium
images/synthetic/syn_v2_2026091401_04386.jpg;train;type1;medium;type1/medium
images/synthetic/syn_v2_2026091401_04387.jpg;train;type1;easy;type1/easy
images/synthetic/syn_v2_2026091401_04388.jpg;train;type1b;medium;type1b/medium
images/synthetic/syn_v2_2026091401_04389.jpg;train;type1a;medium;type1a/medium
images/synthetic/syn_v2_2026091401_04390.jpg;train;type1;hard;type1/hard
images/synthetic/syn_v2_2026091401_04391.jpg;train;type1a;medium;type1a/medium
images/synthetic/syn_v2_2026091401_04392.jpg;train;type1b;easy;type1b/easy
images/synthetic/syn_v2_2026091401_04393.jpg;train;type1b;medium;type1b/medium
images/synthetic/syn_v2_2026091401_04394.jpg;train;type1b;medium;type1b/medium
images/synthetic/syn_v2_2026091401_04395.jpg;train;type1b;medium;type1b/medium
images/synthetic/syn_v2_2026091401_04396.jpg;train;type1a;medium;type1a/medium
images/synthetic/syn_v2_2026091401_04397.jpg;train;type1b;medium;type1b/medium
images/synthetic/syn_v2_2026091401_04398.jpg;train;type1b;easy;type1b/easy
images/synthetic/syn_v2_2026091401_04399.jpg;train;type1b;easy;type1b/easy
images/synthetic/syn_v2_2026091401_04400.jpg;train;type1b;easy;type1b/easy
images/synthetic/syn_v2_2026091401_04401.jpg;train;type1b;easy;type1b/easy
images/synthetic/syn_v2_2026091401_04402.jpg;val;type1a;easy;type1a/easy
images/synthetic/syn_v2_2026091401_04403.jpg;train;type1;easy;type1/easy
images/synthetic/syn_v2_2026091401_04404.jpg;train;type1b;hard;type1b/hard
images/synthetic/syn_v2_2026091401_04405.jpg;train;type1b;medium;type1b/medium
images/synthetic/syn_v2_2026091401_04406.jpg;train;type1;hard;type1/hard
images/synthetic/syn_v2_2026091401_04407.jpg;train;type1b;easy;type1b/easy
images/synthetic/syn_v2_2026091401_04408.jpg;train;type1;easy;type1/easy
images/synthetic/syn_v2_2026091401_04409.jpg;train;type1b;easy;type1b/easy
images/synthetic/syn_v2_2026091401_04410.jpg;val;type1;medium;type1/medium
images/synthetic/syn_v2_2026091401_04411.jpg;train;type1b;medium;type1b/medium
images/synthetic/syn_v2_2026091401_04412.jpg;train;type1b;medium;type1b/medium
images/synthetic/syn_v2_2026091401_04413.jpg;val;type1;easy;type1/easy
images/synthetic/syn_v2_2026091401_04414.jpg;train;type1b;medium;type1b/medium
images/synthetic/syn_v2_2026091401_04415.jpg;train;type1b;easy;type1b/easy
images/synthetic/syn_v2_2026091401_04416.jpg;train;type1;medium;type1/medium
images/synthetic/syn_v2_2026091401_04417.jpg;train;type1b;medium;type1b/medium
images/synthetic/syn_v2_2026091401_04418.jpg;train;type1a;medium;type1a/medium
images/synthetic/syn_v2_2026091401_04419.jpg;train;type1b;medium;type1b/medium
images/synthetic/syn_v2_2026091401_04420.jpg;train;type1b;hard;type1b/hard
images/synthetic/syn_v2_2026091401_04421.jpg;train;type1;medium;type1/medium
images/synthetic/syn_v2_2026091401_04422.jpg;train;type1;hard;type1/hard
images/synthetic/syn_v2_2026091401_04423.jpg;val;type1b;easy;type1b/easy
images/synthetic/syn_v2_2026091401_04424.jpg;train;type1b;easy;type1b/easy
images/synthetic/syn_v2_2026091401_04425.jpg;train;type1a;easy;type1a/easy
images/synthetic/syn_v2_2026091401_04426.jpg;train;type1;medium;type1/medium
images/synthetic/syn_v2_2026091401_04427.jpg;train;type1b;easy;type1b/easy
images/synthetic/syn_v2_2026091401_04428.jpg;train;type1a;medium;type1a/medium
images/synthetic/syn_v2_2026091401_04429.jpg;train;type1b;medium;type1b/medium
images/synthetic/syn_v2_2026091401_04430.jpg;train;type1a;easy;type1a/easy
images/synthetic/syn_v2_2026091401_04431.jpg;train;type1b;hard;type1b/hard
images/synthetic/syn_v2_2026091401_04432.jpg;train;type1a;hard;type1a/hard
images/synthetic/syn_v2_2026091401_04433.jpg;train;type1;easy;type1/easy
images/synthetic/syn_v2_2026091401_04434.jpg;train;type1b;easy;type1b/easy
images/synthetic/syn_v2_2026091401_04435.jpg;train;type1b;medium;type1b/medium
images/synthetic/syn_v2_2026091401_04436.jpg;train;type1a;medium;type1a/medium
images/synthetic/syn_v2_2026091401_04437.jpg;train;type1b;medium;type1b/medium
images/synthetic/syn_v2_2026091401_04438.jpg;train;type1;medium;type1/medium
images/synthetic/syn_v2_2026091401_04439.jpg;train;type1;easy;type1/easy
images/synthetic/syn_v2_2026091401_04440.jpg;train;type1a;medium;type1a/medium
images/synthetic/syn_v2_2026091401_04441.jpg;val;type1b;easy;type1b/easy
images/synthetic/syn_v2_2026091401_04442.jpg;train;type1b;easy;type1b/easy
images/synthetic/syn_v2_2026091401_04443.jpg;train;type1b;medium;type1b/medium
images/synthetic/syn_v2_2026091401_04444.jpg;train;type1;medium;type1/medium
images/synthetic/syn_v2_2026091401_04445.jpg;train;type1b;medium;type1b/medium
images/synthetic/syn_v2_2026091401_04446.jpg;train;type1;medium;type1/medium
images/synthetic/syn_v2_2026091401_04447.jpg;val;type1b;easy;type1b/easy
images/synthetic/syn_v2_2026091401_04448.jpg;train;type1a;easy;type1a/easy
images/synthetic/syn_v2_2026091401_04449.jpg;train;type1b;easy;type1b/easy
images/synthetic/syn_v2_2026091401_04450.jpg;val;type1a;hard;type1a/hard
images/synthetic/syn_v2_2026091401_04451.jpg;test;type1a;medium;type1a/medium
images/synthetic/syn_v2_2026091401_04452.jpg;train;type1;hard;type1/hard
images/synthetic/syn_v2_2026091401_04453.jpg;test;type1b;medium;type1b/medium
images/synthetic/syn_v2_2026091401_04454.jpg;train;type1b;hard;type1b/hard
images/synthetic/syn_v2_2026091401_04455.jpg;train;type1;medium;type1/medium
images/synthetic/syn_v2_2026091401_04456.jpg;train;type1;medium;type1/medium
images/synthetic/syn_v2_2026091401_04457.jpg;train;type1b;easy;type1b/easy
images/synthetic/syn_v2_2026091401_04458.jpg;train;type1;medium;type1/medium
images/synthetic/syn_v2_2026091401_04459.jpg;train;type1a;medium;type1a/medium
images/synthetic/syn_v2_2026091401_04460.jpg;train;type1b;easy;type1b/easy
images/synthetic/syn_v2_2026091401_04461.jpg;train;type1b;medium;type1b/medium
images/synthetic/syn_v2_2026091401_04462.jpg;train;type1b;easy;type1b/easy
images/synthetic/syn_v2_2026091401_04463.jpg;train;type1b;hard;type1b/hard
images/synthetic/syn_v2_2026091401_04464.jpg;train;type1a;hard;type1a/hard
images/synthetic/syn_v2_2026091401_04465.jpg;train;type1a;hard;type1a/hard
images/synthetic/syn_v2_2026091401_04466.jpg;test;type1;medium;type1/medium
images/synthetic/syn_v2_2026091401_04467.jpg;train;type1;easy;type1/easy
images/synthetic/syn_v2_2026091401_04468.jpg;train;type1;easy;type1/easy
images/synthetic/syn_v2_2026091401_04469.jpg;train;type1a;easy;type1a/easy
images/synthetic/syn_v2_2026091401_04470.jpg;train;type1b;medium;type1b/medium
images/synthetic/syn_v2_2026091401_04471.jpg;train;type1;medium;type1/medium
images/synthetic/syn_v2_2026091401_04472.jpg;train;type1b;easy;type1b/easy
images/synthetic/syn_v2_2026091401_04473.jpg;train;type1a;medium;type1a/medium
images/synthetic/syn_v2_2026091401_04474.jpg;train;type1a;medium;type1a/medium
images/synthetic/syn_v2_2026091401_04475.jpg;train;type1b;easy;type1b/easy
images/synthetic/syn_v2_2026091401_04476.jpg;train;type1b;easy;type1b/easy
images/synthetic/syn_v2_2026091401_04477.jpg;train;type1a;medium;type1a/medium
images/synthetic/syn_v2_2026091401_04478.jpg;train;type1b;easy;type1b/easy
images/synthetic/syn_v2_2026091401_04479.jpg;train;type1b;hard;type1b/hard
images/synthetic/syn_v2_2026091401_04480.jpg;val;type1a;medium;type1a/medium
images/synthetic/syn_v2_2026091401_04481.jpg;train;type1a;medium;type1a/medium
images/synthetic/syn_v2_2026091401_04482.jpg;train;type1a;medium;type1a/medium
images/synthetic/syn_v2_2026091401_04483.jpg;train;type1b;medium;type1b/medium
images/synthetic/syn_v2_2026091401_04484.jpg;train;type1b;easy;type1b/easy
images/synthetic/syn_v2_2026091401_04485.jpg;train;type1;easy;type1/easy
images/synthetic/syn_v2_2026091401_04486.jpg;test;type1b;medium;type1b/medium
images/synthetic/syn_v2_2026091401_04487.jpg;train;type1a;medium;type1a/medium
images/synthetic/syn_v2_2026091401_04488.jpg;train;type1;easy;type1/easy
images/synthetic/syn_v2_2026091401_04489.jpg;train;type1b;hard;type1b/hard
images/synthetic/syn_v2_2026091401_04490.jpg;train;type1;hard;type1/hard
images/synthetic/syn_v2_2026091401_04491.jpg;train;type1b;hard;type1b/hard
images/synthetic/syn_v2_2026091401_04492.jpg;train;type1b;medium;type1b/medium
images/synthetic/syn_v2_2026091401_04493.jpg;train;type1b;medium;type1b/medium
images/synthetic/syn_v2_2026091401_04494.jpg;val;type1a;easy;type1a/easy
images/synthetic/syn_v2_2026091401_04495.jpg;train;type1a;medium;type1a/medium
images/synthetic/syn_v2_2026091401_04496.jpg;train;type1a;medium;type1a/medium
images/synthetic/syn_v2_2026091401_04497.jpg;train;type1a;hard;type1a/hard
images/synthetic/syn_v2_2026091401_04498.jpg;val;type1;medium;type1/medium
images/synthetic/syn_v2_2026091401_04499.jpg;train;type1b;medium;type1b/medium
images/synthetic/syn_v2_2026091401_04500.jpg;test;type1b;easy;type1b/easy
images/synthetic/syn_v2_2026091401_04501.jpg;train;type1b;medium;type1b/medium
images/synthetic/syn_v2_2026091401_04502.jpg;train;type1b;easy;type1b/easy
images/synthetic/syn_v2_2026091401_04503.jpg;train;type1;easy;type1/easy
images/synthetic/syn_v2_2026091401_04504.jpg;train;type1a;medium;type1a/medium
images/synthetic/syn_v2_2026091401_04505.jpg;train;type1a;medium;type1a/medium
images/synthetic/syn_v2_2026091401_04506.jpg;train;type1a;medium;type1a/medium
images/synthetic/syn_v2_2026091401_04507.jpg;train;type1a;easy;type1a/easy
images/synthetic/syn_v2_2026091401_04508.jpg;train;type1b;medium;type1b/medium
images/synthetic/syn_v2_2026091401_04509.jpg;train;type1a;hard;type1a/hard
images/synthetic/syn_v2_2026091401_04510.jpg;train;type1;medium;type1/medium
images/synthetic/syn_v2_2026091401_04511.jpg;train;type1b;medium;type1b/medium
images/synthetic/syn_v2_2026091401_04512.jpg;train;type1;medium;type1/medium
images/synthetic/syn_v2_2026091401_04513.jpg;train;type1a;medium;type1a/medium
images/synthetic/syn_v2_2026091401_04514.jpg;train;type1b;easy;type1b/easy
images/synthetic/syn_v2_2026091401_04515.jpg;train;type1b;medium;type1b/medium
images/synthetic/syn_v2_2026091401_04516.jpg;train;type1a;medium;type1a/medium
images/synthetic/syn_v2_2026091401_04517.jpg;train;type1a;hard;type1a/hard
images/synthetic/syn_v2_2026091401_04518.jpg;train;type1a;hard;type1a/hard
images/synthetic/syn_v2_2026091401_04519.jpg;train;type1b;medium;type1b/medium
images/synthetic/syn_v2_2026091401_04520.jpg;train;type1b;hard;type1b/hard
images/synthetic/syn_v2_2026091401_04521.jpg;train;type1b;easy;type1b/easy
images/synthetic/syn_v2_2026091401_04522.jpg;train;type1b;hard;type1b/hard
images/synthetic/syn_v2_2026091401_04523.jpg;train;type1b;easy;type1b/easy
images/synthetic/syn_v2_2026091401_04524.jpg;train;type1a;medium;type1a/medium
images/synthetic/syn_v2_2026091401_04525.jpg;train;type1a;medium;type1a/medium
images/synthetic/syn_v2_2026091401_04526.jpg;train;type1a;hard;type1a/hard
images/synthetic/syn_v2_2026091401_04527.jpg;train;type1;easy;type1/easy
images/synthetic/syn_v2_2026091401_04528.jpg;train;type1a;hard;type1a/hard
images/synthetic/syn_v2_2026091401_04529.jpg;train;type1a;easy;type1a/easy
images/synthetic/syn_v2_2026091401_04530.jpg;val;type1;medium;type1/medium
images/synthetic/syn_v2_2026091401_04531.jpg;test;type1b;easy;type1b/easy
images/synthetic/syn_v2_2026091401_04532.jpg;train;type1b;medium;type1b/medium
images/synthetic/syn_v2_2026091401_04533.jpg;train;type1b;easy;type1b/easy
images/synthetic/syn_v2_2026091401_04534.jpg;train;type1;medium;type1/medium
images/synthetic/syn_v2_2026091401_04535.jpg;val;type1a;hard;type1a/hard
images/synthetic/syn_v2_2026091401_04536.jpg;train;type1a;hard;type1a/hard
images/synthetic/syn_v2_2026091401_04537.jpg;train;type1b;hard;type1b/hard
images/synthetic/syn_v2_2026091401_04538.jpg;train;type1;hard;type1/hard
images/synthetic/syn_v2_2026091401_04539.jpg;train;type1a;medium;type1a/medium
images/synthetic/syn_v2_2026091401_04540.jpg;train;type1a;medium;type1a/medium
images/synthetic/syn_v2_2026091401_04541.jpg;train;type1a;medium;type1a/medium
images/synthetic/syn_v2_2026091401_04542.jpg;train;type1b;medium;type1b/medium
images/synthetic/syn_v2_2026091401_04543.jpg;test;type1b;medium;type1b/medium
images/synthetic/syn_v2_2026091401_04544.jpg;test;type1b;easy;type1b/easy
images/synthetic/syn_v2_2026091401_04545.jpg;train;type1;medium;type1/medium
images/synthetic/syn_v2_2026091401_04546.jpg;train;type1;easy;type1/easy
images/synthetic/syn_v2_2026091401_04547.jpg;train;type1;easy;type1/easy
images/synthetic/syn_v2_2026091401_04548.jpg;train;type1;easy;type1/easy
images/synthetic/syn_v2_2026091401_04549.jpg;train;type1;easy;type1/easy
images/synthetic/syn_v2_2026091401_04550.jpg;test;type1b;medium;type1b/medium
images/synthetic/syn_v2_2026091401_04551.jpg;train;type1a;easy;type1a/easy
images/synthetic/syn_v2_2026091401_04552.jpg;train;type1;easy;type1/easy
images/synthetic/syn_v2_2026091401_04553.jpg;train;type1b;easy;type1b/easy
images/synthetic/syn_v2_2026091401_04554.jpg;train;type1b;medium;type1b/medium
images/synthetic/syn_v2_2026091401_04555.jpg;train;type1a;medium;type1a/medium
images/synthetic/syn_v2_2026091401_04556.jpg;train;type1;medium;type1/medium
images/synthetic/syn_v2_2026091401_04557.jpg;train;type1a;hard;type1a/hard
images/synthetic/syn_v2_2026091401_04558.jpg;val;type1a;medium;type1a/medium
images/synthetic/syn_v2_2026091401_04559.jpg;train;type1;medium;type1/medium
images/synthetic/syn_v2_2026091401_04560.jpg;train;type1b;medium;type1b/medium
images/synthetic/syn_v2_2026091401_04561.jpg;val;type1a;medium;type1a/medium
images/synthetic/syn_v2_2026091401_04562.jpg;train;type1b;medium;type1b/medium
images/synthetic/syn_v2_2026091401_04563.jpg;train;type1b;easy;type1b/easy
images/synthetic/syn_v2_2026091401_04564.jpg;train;type1;medium;type1/medium
images/synthetic/syn_v2_2026091401_04565.jpg;test;type1;hard;type1/hard
images/synthetic/syn_v2_2026091401_04566.jpg;train;type1a;easy;type1a/easy
images/synthetic/syn_v2_2026091401_04567.jpg;train;type1b;medium;type1b/medium
images/synthetic/syn_v2_2026091401_04568.jpg;train;type1b;easy;type1b/easy
images/synthetic/syn_v2_2026091401_04569.jpg;train;type1a;hard;type1a/hard
images/synthetic/syn_v2_2026091401_04570.jpg;train;type1;medium;type1/medium
images/synthetic/syn_v2_2026091401_04571.jpg;train;type1b;medium;type1b/medium
images/synthetic/syn_v2_2026091401_04572.jpg;train;type1a;hard;type1a/hard
images/synthetic/syn_v2_2026091401_04573.jpg;train;type1;medium;type1/medium
images/synthetic/syn_v2_2026091401_04574.jpg;train;type1a;hard;type1a/hard
images/synthetic/syn_v2_2026091401_04575.jpg;val;type1a;medium;type1a/medium
images/synthetic/syn_v2_2026091401_04576.jpg;val;type1a;easy;type1a/easy
images/synthetic/syn_v2_2026091401_04577.jpg;train;type1a;easy;type1a/easy
images/synthetic/syn_v2_2026091401_04578.jpg;train;type1;medium;type1/medium
images/synthetic/syn_v2_2026091401_04579.jpg;train;type1b;medium;type1b/medium
images/synthetic/syn_v2_2026091401_04580.jpg;val;type1b;medium;type1b/medium
images/synthetic/syn_v2_2026091401_04581.jpg;train;type1;medium;type1/medium
images/synthetic/syn_v2_2026091401_04582.jpg;train;type1a;hard;type1a/hard
images/synthetic/syn_v2_2026091401_04583.jpg;val;type1a;medium;type1a/medium
images/synthetic/syn_v2_2026091401_04584.jpg;train;type1a;easy;type1a/easy
images/synthetic/syn_v2_2026091401_04585.jpg;train;type1;medium;type1/medium
images/synthetic/syn_v2_2026091401_04586.jpg;train;type1a;hard;type1a/hard
images/synthetic/syn_v2_2026091401_04587.jpg;train;type1b;easy;type1b/easy
images/synthetic/syn_v2_2026091401_04588.jpg;val;type1a;medium;type1a/medium
images/synthetic/syn_v2_2026091401_04589.jpg;train;type1a;hard;type1a/hard
images/synthetic/syn_v2_2026091401_04590.jpg;train;type1b;hard;type1b/hard
images/synthetic/syn_v2_2026091401_04591.jpg;val;type1b;medium;type1b/medium
images/synthetic/syn_v2_2026091401_04592.jpg;train;type1b;medium;type1b/medium
images/synthetic/syn_v2_2026091401_04593.jpg;train;type1b;medium;type1b/medium
images/synthetic/syn_v2_2026091401_04594.jpg;train;type1;easy;type1/easy
images/synthetic/syn_v2_2026091401_04595.jpg;val;type1a;easy;type1a/easy
images/synthetic/syn_v2_2026091401_04596.jpg;train;type1b;easy;type1b/easy
images/synthetic/syn_v2_2026091401_04597.jpg;train;type1b;hard;type1b/hard
images/synthetic/syn_v2_2026091401_04598.jpg;train;type1b;easy;type1b/easy
images/synthetic/syn_v2_2026091401_04599.jpg;val;type1a;easy;type1a/easy
images/synthetic/syn_v2_2026091401_04600.jpg;train;type1b;medium;type1b/medium
images/synthetic/syn_v2_2026091401_04601.jpg;train;type1;easy;type1/easy
images/synthetic/syn_v2_2026091401_04602.jpg;val;type1;medium;type1/medium
images/synthetic/syn_v2_2026091401_04603.jpg;train;type1;hard;type1/hard
images/synthetic/syn_v2_2026091401_04604.jpg;train;type1a;hard;type1a/hard
images/synthetic/syn_v2_2026091401_04605.jpg;train;type1b;easy;type1b/easy
images/synthetic/syn_v2_2026091401_04606.jpg;train;type1;medium;type1/medium
images/synthetic/syn_v2_2026091401_04607.jpg;test;type1b;hard;type1b/hard
images/synthetic/syn_v2_2026091401_04608.jpg;train;type1;medium;type1/medium
images/synthetic/syn_v2_2026091401_04609.jpg;train;type1a;easy;type1a/easy
images/synthetic/syn_v2_2026091401_04610.jpg;train;type1;hard;type1/hard
images/synthetic/syn_v2_2026091401_04611.jpg;train;type1;easy;type1/easy
images/synthetic/syn_v2_2026091401_04612.jpg;train;type1b;easy;type1b/easy
images/synthetic/syn_v2_2026091401_04613.jpg;train;type1a;easy;type1a/easy
images/synthetic/syn_v2_2026091401_04614.jpg;train;type1;medium;type1/medium
images/synthetic/syn_v2_2026091401_04615.jpg;train;type1b;hard;type1b/hard
images/synthetic/syn_v2_2026091401_04616.jpg;train;type1;medium;type1/medium
images/synthetic/syn_v2_2026091401_04617.jpg;train;type1b;easy;type1b/easy
images/synthetic/syn_v2_2026091401_04618.jpg;train;type1b;hard;type1b/hard
images/synthetic/syn_v2_2026091401_04619.jpg;train;type1b;medium;type1b/medium
images/synthetic/syn_v2_2026091401_04620.jpg;train;type1a;medium;type1a/medium
images/synthetic/syn_v2_2026091401_04621.jpg;train;type1a;easy;type1a/easy
images/synthetic/syn_v2_2026091401_04622.jpg;train;type1a;easy;type1a/easy
images/synthetic/syn_v2_2026091401_04623.jpg;test;type1b;medium;type1b/medium
images/synthetic/syn_v2_2026091401_04624.jpg;val;type1b;medium;type1b/medium
images/synthetic/syn_v2_2026091401_04625.jpg;train;type1b;easy;type1b/easy
images/synthetic/syn_v2_2026091401_04626.jpg;train;type1;hard;type1/hard
images/synthetic/syn_v2_2026091401_04627.jpg;train;type1a;hard;type1a/hard
images/synthetic/syn_v2_2026091401_04628.jpg;val;type1b;medium;type1b/medium
images/synthetic/syn_v2_2026091401_04629.jpg;train;type1a;easy;type1a/easy
images/synthetic/syn_v2_2026091401_04630.jpg;train;type1b;medium;type1b/medium
images/synthetic/syn_v2_2026091401_04631.jpg;train;type1b;hard;type1b/hard
images/synthetic/syn_v2_2026091401_04632.jpg;train;type1a;medium;type1a/medium
images/synthetic/syn_v2_2026091401_04633.jpg;train;type1;medium;type1/medium
images/synthetic/syn_v2_2026091401_04634.jpg;val;type1b;easy;type1b/easy
images/synthetic/syn_v2_2026091401_04635.jpg;train;type1;medium;type1/medium
images/synthetic/syn_v2_2026091401_04636.jpg;train;type1b;easy;type1b/easy
images/synthetic/syn_v2_2026091401_04637.jpg;test;type1a;medium;type1a/medium
images/synthetic/syn_v2_2026091401_04638.jpg;train;type1a;medium;type1a/medium
images/synthetic/syn_v2_2026091401_04639.jpg;train;type1;easy;type1/easy
images/synthetic/syn_v2_2026091401_04640.jpg;val;type1a;easy;type1a/easy
images/synthetic/syn_v2_2026091401_04641.jpg;train;type1b;easy;type1b/easy
images/synthetic/syn_v2_2026091401_04642.jpg;train;type1b;medium;type1b/medium
images/synthetic/syn_v2_2026091401_04643.jpg;val;type1a;medium;type1a/medium
images/synthetic/syn_v2_2026091401_04644.jpg;train;type1a;easy;type1a/easy
images/synthetic/syn_v2_2026091401_04645.jpg;train;type1b;medium;type1b/medium
images/synthetic/syn_v2_2026091401_04646.jpg;train;type1a;medium;type1a/medium
images/synthetic/syn_v2_2026091401_04647.jpg;val;type1b;hard;type1b/hard
images/synthetic/syn_v2_2026091401_04648.jpg;train;type1a;easy;type1a/easy
images/synthetic/syn_v2_2026091401_04649.jpg;test;type1a;medium;type1a/medium
images/synthetic/syn_v2_2026091401_04650.jpg;train;type1a;hard;type1a/hard
images/synthetic/syn_v2_2026091401_04651.jpg;train;type1b;easy;type1b/easy
images/synthetic/syn_v2_2026091401_04652.jpg;train;type1;medium;type1/medium
images/synthetic/syn_v2_2026091401_04653.jpg;train;type1b;medium;type1b/medium
images/synthetic/syn_v2_2026091401_04654.jpg;train;type1;medium;type1/medium
images/synthetic/syn_v2_2026091401_04655.jpg;train;type1b;hard;type1b/hard
images/synthetic/syn_v2_2026091401_04656.jpg;val;type1;hard;type1/hard
images/synthetic/syn_v2_2026091401_04657.jpg;train;type1b;hard;type1b/hard
images/synthetic/syn_v2_2026091401_04658.jpg;train;type1a;easy;type1a/easy
images/synthetic/syn_v2_2026091401_04659.jpg;train;type1;easy;type1/easy
images/synthetic/syn_v2_2026091401_04660.jpg;train;type1;medium;type1/medium
images/synthetic/syn_v2_2026091401_04661.jpg;train;type1b;medium;type1b/medium
images/synthetic/syn_v2_2026091401_04662.jpg;train;type1a;medium;type1a/medium
images/synthetic/syn_v2_2026091401_04663.jpg;val;type1;easy;type1/easy
images/synthetic/syn_v2_2026091401_04664.jpg;train;type1b;easy;type1b/easy
images/synthetic/syn_v2_2026091401_04665.jpg;train;type1;medium;type1/medium
images/synthetic/syn_v2_2026091401_04666.jpg;train;type1b;medium;type1b/medium
images/synthetic/syn_v2_2026091401_04667.jpg;train;type1b;easy;type1b/easy
images/synthetic/syn_v2_2026091401_04668.jpg;train;type1;medium;type1/medium
images/synthetic/syn_v2_2026091401_04669.jpg;train;type1b;easy;type1b/easy
images/synthetic/syn_v2_2026091401_04670.jpg;train;type1b;easy;type1b/easy
images/synthetic/syn_v2_2026091401_04671.jpg;train;type1b;hard;type1b/hard
images/synthetic/syn_v2_2026091401_04672.jpg;train;type1b;medium;type1b/medium
images/synthetic/syn_v2_2026091401_04673.jpg;train;type1a;medium;type1a/medium
images/synthetic/syn_v2_2026091401_04674.jpg;val;type1b;medium;type1b/medium
images/synthetic/syn_v2_2026091401_04675.jpg;train;type1a;medium;type1a/medium
images/synthetic/syn_v2_2026091401_04676.jpg;train;type1;medium;type1/medium
images/synthetic/syn_v2_2026091401_04677.jpg;train;type1b;medium;type1b/medium
images/synthetic/syn_v2_2026091401_04678.jpg;train;type1a;medium;type1a/medium
images/synthetic/syn_v2_2026091401_04679.jpg;val;type1a;hard;type1a/hard
images/synthetic/syn_v2_2026091401_04680.jpg;val;type1b;easy;type1b/easy
images/synthetic/syn_v2_2026091401_04681.jpg;train;type1a;hard;type1a/hard
images/synthetic/syn_v2_2026091401_04682.jpg;train;type1b;hard;type1b/hard
images/synthetic/syn_v2_2026091401_04683.jpg;train;type1b;easy;type1b/easy
images/synthetic/syn_v2_2026091401_04684.jpg;train;type1b;medium;type1b/medium
images/synthetic/syn_v2_2026091401_04685.jpg;train;type1;medium;type1/medium
images/synthetic/syn_v2_2026091401_04686.jpg;train;type1a;easy;type1a/easy
images/synthetic/syn_v2_2026091401_04687.jpg;train;type1b;easy;type1b/easy
images/synthetic/syn_v2_2026091401_04688.jpg;train;type1a;hard;type1a/hard
images/synthetic/syn_v2_2026091401_04689.jpg;val;type1;easy;type1/easy
images/synthetic/syn_v2_2026091401_04690.jpg;train;type1b;easy;type1b/easy
images/synthetic/syn_v2_2026091401_04691.jpg;train;type1a;medium;type1a/medium
images/synthetic/syn_v2_2026091401_04692.jpg;train;type1b;medium;type1b/medium
images/synthetic/syn_v2_2026091401_04693.jpg;train;type1b;medium;type1b/medium
images/synthetic/syn_v2_2026091401_04694.jpg;train;type1b;easy;type1b/easy
images/synthetic/syn_v2_2026091401_04695.jpg;train;type1;easy;type1/easy
images/synthetic/syn_v2_2026091401_04696.jpg;train;type1b;hard;type1b/hard
images/synthetic/syn_v2_2026091401_04697.jpg;train;type1;medium;type1/medium
images/synthetic/syn_v2_2026091401_04698.jpg;train;type1;hard;type1/hard
images/synthetic/syn_v2_2026091401_04699.jpg;train;type1b;medium;type1b/medium
images/synthetic/syn_v2_2026091401_04700.jpg;train;type1b;easy;type1b/easy
images/synthetic/syn_v2_2026091401_04701.jpg;train;type1a;hard;type1a/hard
images/synthetic/syn_v2_2026091401_04702.jpg;val;type1a;easy;type1a/easy
images/synthetic/syn_v2_2026091401_04703.jpg;train;type1a;medium;type1a/medium
images/synthetic/syn_v2_2026091401_04704.jpg;train;type1a;easy;type1a/easy
images/synthetic/syn_v2_2026091401_04705.jpg;val;type1b;hard;type1b/hard
images/synthetic/syn_v2_2026091401_04706.jpg;train;type1a;medium;type1a/medium
images/synthetic/syn_v2_2026091401_04707.jpg;train;type1b;medium;type1b/medium
images/synthetic/syn_v2_2026091401_04708.jpg;train;type1b;easy;type1b/easy
images/synthetic/syn_v2_2026091401_04709.jpg;train;type1a;easy;type1a/easy
images/synthetic/syn_v2_2026091401_04710.jpg;train;type1a;medium;type1a/medium
images/synthetic/syn_v2_2026091401_04711.jpg;train;type1a;medium;type1a/medium
images/synthetic/syn_v2_2026091401_04712.jpg;train;type1;easy;type1/easy
images/synthetic/syn_v2_2026091401_04713.jpg;train;type1b;medium;type1b/medium
images/synthetic/syn_v2_2026091401_04714.jpg;train;type1a;medium;type1a/medium
images/synthetic/syn_v2_2026091401_04715.jpg;train;type1a;easy;type1a/easy
images/synthetic/syn_v2_2026091401_04716.jpg;train;type1a;medium;type1a/medium
images/synthetic/syn_v2_2026091401_04717.jpg;train;type1b;easy;type1b/easy
images/synthetic/syn_v2_2026091401_04718.jpg;train;type1b;easy;type1b/easy
images/synthetic/syn_v2_2026091401_04719.jpg;train;type1;easy;type1/easy
images/synthetic/syn_v2_2026091401_04720.jpg;train;type1;easy;type1/easy
images/synthetic/syn_v2_2026091401_04721.jpg;train;type1b;medium;type1b/medium
images/synthetic/syn_v2_2026091401_04722.jpg;train;type1b;medium;type1b/medium
images/synthetic/syn_v2_2026091401_04723.jpg;train;type1b;medium;type1b/medium
images/synthetic/syn_v2_2026091401_04724.jpg;val;type1a;hard;type1a/hard
images/synthetic/syn_v2_2026091401_04725.jpg;train;type1a;medium;type1a/medium
images/synthetic/syn_v2_2026091401_04726.jpg;train;type1b;hard;type1b/hard
images/synthetic/syn_v2_2026091401_04727.jpg;val;type1b;hard;type1b/hard
images/synthetic/syn_v2_2026091401_04728.jpg;train;type1b;easy;type1b/easy
images/synthetic/syn_v2_2026091401_04729.jpg;train;type1;medium;type1/medium
images/synthetic/syn_v2_2026091401_04730.jpg;train;type1b;medium;type1b/medium
images/synthetic/syn_v2_2026091401_04731.jpg;train;type1b;medium;type1b/medium
images/synthetic/syn_v2_2026091401_04732.jpg;train;type1b;medium;type1b/medium
images/synthetic/syn_v2_2026091401_04733.jpg;train;type1b;medium;type1b/medium
images/synthetic/syn_v2_2026091401_04734.jpg;train;type1b;easy;type1b/easy
images/synthetic/syn_v2_2026091401_04735.jpg;train;type1;easy;type1/easy
images/synthetic/syn_v2_2026091401_04736.jpg;train;type1a;medium;type1a/medium
images/synthetic/syn_v2_2026091401_04737.jpg;train;type1a;easy;type1a/easy
images/synthetic/syn_v2_2026091401_04738.jpg;train;type1b;easy;type1b/easy
images/synthetic/syn_v2_2026091401_04739.jpg;train;type1;easy;type1/easy
images/synthetic/syn_v2_2026091401_04740.jpg;train;type1b;medium;type1b/medium
images/synthetic/syn_v2_2026091401_04741.jpg;train;type1b;easy;type1b/easy
images/synthetic/syn_v2_2026091401_04742.jpg;train;type1b;medium;type1b/medium
images/synthetic/syn_v2_2026091401_04743.jpg;train;type1b;easy;type1b/easy
images/synthetic/syn_v2_2026091401_04744.jpg;test;type1a;medium;type1a/medium
images/synthetic/syn_v2_2026091401_04745.jpg;train;type1b;medium;type1b/medium
images/synthetic/syn_v2_2026091401_04746.jpg;train;type1;hard;type1/hard
images/synthetic/syn_v2_2026091401_04747.jpg;train;type1a;easy;type1a/easy
images/synthetic/syn_v2_2026091401_04748.jpg;train;type1;easy;type1/easy
images/synthetic/syn_v2_2026091401_04749.jpg;train;type1a;medium;type1a/medium
images/synthetic/syn_v2_2026091401_04750.jpg;train;type1a;easy;type1a/easy
images/synthetic/syn_v2_2026091401_04751.jpg;train;type1;medium;type1/medium
images/synthetic/syn_v2_2026091401_04752.jpg;train;type1b;hard;type1b/hard
images/synthetic/syn_v2_2026091401_04753.jpg;train;type1a;hard;type1a/hard
images/synthetic/syn_v2_2026091401_04754.jpg;train;type1a;medium;type1a/medium
images/synthetic/syn_v2_2026091401_04755.jpg;train;type1a;medium;type1a/medium
images/synthetic/syn_v2_2026091401_04756.jpg;train;type1a;easy;type1a/easy
images/synthetic/syn_v2_2026091401_04757.jpg;val;type1b;easy;type1b/easy
images/synthetic/syn_v2_2026091401_04758.jpg;train;type1a;medium;type1a/medium
images/synthetic/syn_v2_2026091401_04759.jpg;test;type1b;easy;type1b/easy
images/synthetic/syn_v2_2026091401_04760.jpg;train;type1b;medium;type1b/medium
images/synthetic/syn_v2_2026091401_04761.jpg;val;type1b;easy;type1b/easy
images/synthetic/syn_v2_2026091401_04762.jpg;train;type1b;easy;type1b/easy
images/synthetic/syn_v2_2026091401_04763.jpg;train;type1a;medium;type1a/medium
images/synthetic/syn_v2_2026091401_04764.jpg;train;type1;medium;type1/medium
images/synthetic/syn_v2_2026091401_04765.jpg;train;type1b;medium;type1b/medium
images/synthetic/syn_v2_2026091401_04766.jpg;val;type1a;easy;type1a/easy
images/synthetic/syn_v2_2026091401_04767.jpg;train;type1a;medium;type1a/medium
images/synthetic/syn_v2_2026091401_04768.jpg;train;type1a;hard;type1a/hard
images/synthetic/syn_v2_2026091401_04769.jpg;train;type1b;medium;type1b/medium
images/synthetic/syn_v2_2026091401_04770.jpg;train;type1b;medium;type1b/medium
images/synthetic/syn_v2_2026091401_04771.jpg;val;type1b;easy;type1b/easy
images/synthetic/syn_v2_2026091401_04772.jpg;train;type1b;easy;type1b/easy
images/synthetic/syn_v2_2026091401_04773.jpg;train;type1a;easy;type1a/easy
images/synthetic/syn_v2_2026091401_04774.jpg;train;type1b;medium;type1b/medium
images/synthetic/syn_v2_2026091401_04775.jpg;train;type1a;medium;type1a/medium
images/synthetic/syn_v2_2026091401_04776.jpg;train;type1a;medium;type1a/medium
images/synthetic/syn_v2_2026091401_04777.jpg;train;type1b;medium;type1b/medium
images/synthetic/syn_v2_2026091401_04778.jpg;val;type1b;easy;type1b/easy
images/synthetic/syn_v2_2026091401_04779.jpg;train;type1a;easy;type1a/easy
images/synthetic/syn_v2_2026091401_04780.jpg;train;type1a;medium;type1a/medium
images/synthetic/syn_v2_2026091401_04781.jpg;train;type1;medium;type1/medium
images/synthetic/syn_v2_2026091401_04782.jpg;train;type1a;medium;type1a/medium
images/synthetic/syn_v2_2026091401_04783.jpg;test;type1a;medium;type1a/medium
images/synthetic/syn_v2_2026091401_04784.jpg;train;type1a;easy;type1a/easy
images/synthetic/syn_v2_2026091401_04785.jpg;train;type1b;hard;type1b/hard
images/synthetic/syn_v2_2026091401_04786.jpg;train;type1b;easy;type1b/easy
images/synthetic/syn_v2_2026091401_04787.jpg;test;type1a;medium;type1a/medium
images/synthetic/syn_v2_2026091401_04788.jpg;val;type1b;medium;type1b/medium
images/synthetic/syn_v2_2026091401_04789.jpg;train;type1b;medium;type1b/medium
images/synthetic/syn_v2_2026091401_04790.jpg;train;type1a;hard;type1a/hard
images/synthetic/syn_v2_2026091401_04791.jpg;train;type1b;medium;type1b/medium
images/synthetic/syn_v2_2026091401_04792.jpg;train;type1b;medium;type1b/medium
images/synthetic/syn_v2_2026091401_04793.jpg;test;type1;medium;type1/medium
images/synthetic/syn_v2_2026091401_04794.jpg;train;type1;easy;type1/easy
images/synthetic/syn_v2_2026091401_04795.jpg;val;type1;hard;type1/hard
images/synthetic/syn_v2_2026091401_04796.jpg;train;type1a;medium;type1a/medium
images/synthetic/syn_v2_2026091401_04797.jpg;train;type1;medium;type1/medium
images/synthetic/syn_v2_2026091401_04798.jpg;train;type1;medium;type1/medium
images/synthetic/syn_v2_2026091401_04799.jpg;train;type1b;easy;type1b/easy
images/synthetic/syn_v2_2026091401_04800.jpg;train;type1a;easy;type1a/easy
images/synthetic/syn_v2_2026091401_04801.jpg;train;type1b;easy;type1b/easy
images/synthetic/syn_v2_2026091401_04802.jpg;train;type1;hard;type1/hard
images/synthetic/syn_v2_2026091401_04803.jpg;train;type1b;easy;type1b/easy
images/synthetic/syn_v2_2026091401_04804.jpg;train;type1a;medium;type1a/medium
images/synthetic/syn_v2_2026091401_04805.jpg;train;type1b;easy;type1b/easy
images/synthetic/syn_v2_2026091401_04806.jpg;train;type1a;medium;type1a/medium
images/synthetic/syn_v2_2026091401_04807.jpg;train;type1b;easy;type1b/easy
images/synthetic/syn_v2_2026091401_04808.jpg;train;type1b;easy;type1b/easy
images/synthetic/syn_v2_2026091401_04809.jpg;train;type1b;easy;type1b/easy
images/synthetic/syn_v2_2026091401_04810.jpg;train;type1;easy;type1/easy
images/synthetic/syn_v2_2026091401_04811.jpg;train;type1;medium;type1/medium
images/synthetic/syn_v2_2026091401_04812.jpg;train;type1a;hard;type1a/hard
images/synthetic/syn_v2_2026091401_04813.jpg;train;type1;medium;type1/medium
images/synthetic/syn_v2_2026091401_04814.jpg;train;type1b;easy;type1b/easy
images/synthetic/syn_v2_2026091401_04815.jpg;train;type1;medium;type1/medium
images/synthetic/syn_v2_2026091401_04816.jpg;train;type1;easy;type1/easy
images/synthetic/syn_v2_2026091401_04817.jpg;train;type1;hard;type1/hard
images/synthetic/syn_v2_2026091401_04818.jpg;train;type1a;hard;type1a/hard
images/synthetic/syn_v2_2026091401_04819.jpg;val;type1a;medium;type1a/medium
images/synthetic/syn_v2_2026091401_04820.jpg;train;type1b;medium;type1b/medium
images/synthetic/syn_v2_2026091401_04821.jpg;train;type1a;easy;type1a/easy
images/synthetic/syn_v2_2026091401_04822.jpg;train;type1a;medium;type1a/medium
images/synthetic/syn_v2_2026091401_04823.jpg;train;type1a;medium;type1a/medium
images/synthetic/syn_v2_2026091401_04824.jpg;train;type1b;easy;type1b/easy
images/synthetic/syn_v2_2026091401_04825.jpg;train;type1a;medium;type1a/medium
images/synthetic/syn_v2_2026091401_04826.jpg;train;type1a;medium;type1a/medium
images/synthetic/syn_v2_2026091401_04827.jpg;train;type1a;easy;type1a/easy
images/synthetic/syn_v2_2026091401_04828.jpg;train;type1b;easy;type1b/easy
images/synthetic/syn_v2_2026091401_04829.jpg;train;type1a;medium;type1a/medium
images/synthetic/syn_v2_2026091401_04830.jpg;train;type1b;medium;type1b/medium
images/synthetic/syn_v2_2026091401_04831.jpg;train;type1a;easy;type1a/easy
images/synthetic/syn_v2_2026091401_04832.jpg;train;type1b;hard;type1b/hard
images/synthetic/syn_v2_2026091401_04833.jpg;train;type1b;hard;type1b/hard
images/synthetic/syn_v2_2026091401_04834.jpg;train;type1;medium;type1/medium
images/synthetic/syn_v2_2026091401_04835.jpg;train;type1b;hard;type1b/hard
images/synthetic/syn_v2_2026091401_04836.jpg;train;type1;medium;type1/medium
images/synthetic/syn_v2_2026091401_04837.jpg;train;type1b;easy;type1b/easy
images/synthetic/syn_v2_2026091401_04838.jpg;train;type1;hard;type1/hard
images/synthetic/syn_v2_2026091401_04839.jpg;train;type1a;easy;type1a/easy
images/synthetic/syn_v2_2026091401_04840.jpg;train;type1a;medium;type1a/medium
images/synthetic/syn_v2_2026091401_04841.jpg;train;type1;medium;type1/medium
images/synthetic/syn_v2_2026091401_04842.jpg;train;type1a;easy;type1a/easy
images/synthetic/syn_v2_2026091401_04843.jpg;train;type1a;hard;type1a/hard
images/synthetic/syn_v2_2026091401_04844.jpg;train;type1a;easy;type1a/easy
images/synthetic/syn_v2_2026091401_04845.jpg;val;type1;easy;type1/easy
images/synthetic/syn_v2_2026091401_04846.jpg;train;type1;easy;type1/easy
images/synthetic/syn_v2_2026091401_04847.jpg;train;type1b;easy;type1b/easy
images/synthetic/syn_v2_2026091401_04848.jpg;train;type1b;easy;type1b/easy
images/synthetic/syn_v2_2026091401_04849.jpg;train;type1a;easy;type1a/easy
images/synthetic/syn_v2_2026091401_04850.jpg;train;type1;medium;type1/medium
images/synthetic/syn_v2_2026091401_04851.jpg;train;type1a;easy;type1a/easy
images/synthetic/syn_v2_2026091401_04852.jpg;val;type1b;easy;type1b/easy
images/synthetic/syn_v2_2026091401_04853.jpg;train;type1b;medium;type1b/medium
images/synthetic/syn_v2_2026091401_04854.jpg;train;type1;medium;type1/medium
images/synthetic/syn_v2_2026091401_04855.jpg;train;type1;medium;type1/medium
images/synthetic/syn_v2_2026091401_04856.jpg;train;type1b;easy;type1b/easy
images/synthetic/syn_v2_2026091401_04857.jpg;train;type1a;easy;type1a/easy
images/synthetic/syn_v2_2026091401_04858.jpg;train;type1a;medium;type1a/medium
images/synthetic/syn_v2_2026091401_04859.jpg;train;type1;medium;type1/medium
images/synthetic/syn_v2_2026091401_04860.jpg;train;type1a;easy;type1a/easy
images/synthetic/syn_v2_2026091401_04861.jpg;val;type1a;medium;type1a/medium
images/synthetic/syn_v2_2026091401_04862.jpg;train;type1a;medium;type1a/medium
images/synthetic/syn_v2_2026091401_04863.jpg;train;type1b;easy;type1b/easy
images/synthetic/syn_v2_2026091401_04864.jpg;train;type1;medium;type1/medium
images/synthetic/syn_v2_2026091401_04865.jpg;train;type1a;medium;type1a/medium
images/synthetic/syn_v2_2026091401_04866.jpg;train;type1a;hard;type1a/hard
images/synthetic/syn_v2_2026091401_04867.jpg;train;type1a;medium;type1a/medium
images/synthetic/syn_v2_2026091401_04868.jpg;train;type1a;hard;type1a/hard
images/synthetic/syn_v2_2026091401_04869.jpg;val;type1b;medium;type1b/medium
images/synthetic/syn_v2_2026091401_04870.jpg;train;type1b;hard;type1b/hard
images/synthetic/syn_v2_2026091401_04871.jpg;train;type1b;easy;type1b/easy
images/synthetic/syn_v2_2026091401_04872.jpg;train;type1b;hard;type1b/hard
images/synthetic/syn_v2_2026091401_04873.jpg;train;type1b;hard;type1b/hard
images/synthetic/syn_v2_2026091401_04874.jpg;val;type1a;medium;type1a/medium
images/synthetic/syn_v2_2026091401_04875.jpg;val;type1a;medium;type1a/medium
images/synthetic/syn_v2_2026091401_04876.jpg;train;type1b;easy;type1b/easy
images/synthetic/syn_v2_2026091401_04877.jpg;test;type1b;medium;type1b/medium
images/synthetic/syn_v2_2026091401_04878.jpg;test;type1;hard;type1/hard
images/synthetic/syn_v2_2026091401_04879.jpg;train;type1;hard;type1/hard
images/synthetic/syn_v2_2026091401_04880.jpg;train;type1;easy;type1/easy
images/synthetic/syn_v2_2026091401_04881.jpg;train;type1b;easy;type1b/easy
images/synthetic/syn_v2_2026091401_04882.jpg;train;type1b;medium;type1b/medium
images/synthetic/syn_v2_2026091401_04883.jpg;train;type1;hard;type1/hard
images/synthetic/syn_v2_2026091401_04884.jpg;train;type1;hard;type1/hard
images/synthetic/syn_v2_2026091401_04885.jpg;train;type1b;medium;type1b/medium
images/synthetic/syn_v2_2026091401_04886.jpg;train;type1b;medium;type1b/medium
images/synthetic/syn_v2_2026091401_04887.jpg;train;type1b;easy;type1b/easy
images/synthetic/syn_v2_2026091401_04888.jpg;train;type1b;easy;type1b/easy
images/synthetic/syn_v2_2026091401_04889.jpg;val;type1a;easy;type1a/easy
images/synthetic/syn_v2_2026091401_04890.jpg;train;type1b;hard;type1b/hard
images/synthetic/syn_v2_2026091401_04891.jpg;train;type1a;easy;type1a/easy
images/synthetic/syn_v2_2026091401_04892.jpg;train;type1b;hard;type1b/hard
images/synthetic/syn_v2_2026091401_04893.jpg;val;type1;easy;type1/easy
images/synthetic/syn_v2_2026091401_04894.jpg;train;type1a;medium;type1a/medium
images/synthetic/syn_v2_2026091401_04895.jpg;test;type1b;easy;type1b/easy
images/synthetic/syn_v2_2026091401_04896.jpg;train;type1b;hard;type1b/hard
images/synthetic/syn_v2_2026091401_04897.jpg;train;type1b;easy;type1b/easy
images/synthetic/syn_v2_2026091401_04898.jpg;train;type1a;easy;type1a/easy
images/synthetic/syn_v2_2026091401_04899.jpg;val;type1;medium;type1/medium
images/synthetic/syn_v2_2026091401_04900.jpg;val;type1;easy;type1/easy
images/synthetic/syn_v2_2026091401_04901.jpg;train;type1a;easy;type1a/easy
images/synthetic/syn_v2_2026091401_04902.jpg;train;type1b;medium;type1b/medium
images/synthetic/syn_v2_2026091401_04903.jpg;train;type1b;easy;type1b/easy
images/synthetic/syn_v2_2026091401_04904.jpg;train;type1;easy;type1/easy
images/synthetic/syn_v2_2026091401_04905.jpg;train;type1;easy;type1/easy
images/synthetic/syn_v2_2026091401_04906.jpg;train;type1b;hard;type1b/hard
images/synthetic/syn_v2_2026091401_04907.jpg;train;type1a;medium;type1a/medium
images/synthetic/syn_v2_2026091401_04908.jpg;train;type1a;medium;type1a/medium
images/synthetic/syn_v2_2026091401_04909.jpg;train;type1a;easy;type1a/easy
images/synthetic/syn_v2_2026091401_04910.jpg;test;type1b;medium;type1b/medium
images/synthetic/syn_v2_2026091401_04911.jpg;train;type1;medium;type1/medium
images/synthetic/syn_v2_2026091401_04912.jpg;train;type1a;medium;type1a/medium
images/synthetic/syn_v2_2026091401_04913.jpg;train;type1a;medium;type1a/medium
images/synthetic/syn_v2_2026091401_04914.jpg;train;type1b;medium;type1b/medium
images/synthetic/syn_v2_2026091401_04915.jpg;train;type1b;hard;type1b/hard
images/synthetic/syn_v2_2026091401_04916.jpg;train;type1a;medium;type1a/medium
images/synthetic/syn_v2_2026091401_04917.jpg;train;type1a;easy;type1a/easy
images/synthetic/syn_v2_2026091401_04918.jpg;train;type1b;medium;type1b/medium
images/synthetic/syn_v2_2026091401_04919.jpg;train;type1b;medium;type1b/medium
images/synthetic/syn_v2_2026091401_04920.jpg;train;type1;easy;type1/easy
images/synthetic/syn_v2_2026091401_04921.jpg;train;type1b;medium;type1b/medium
images/synthetic/syn_v2_2026091401_04922.jpg;train;type1b;hard;type1b/hard
images/synthetic/syn_v2_2026091401_04923.jpg;val;type1b;medium;type1b/medium
images/synthetic/syn_v2_2026091401_04924.jpg;train;type1b;medium;type1b/medium
images/synthetic/syn_v2_2026091401_04925.jpg;train;type1b;easy;type1b/easy
images/synthetic/syn_v2_2026091401_04926.jpg;train;type1b;easy;type1b/easy
images/synthetic/syn_v2_2026091401_04927.jpg;train;type1b;easy;type1b/easy
images/synthetic/syn_v2_2026091401_04928.jpg;train;type1;easy;type1/easy
images/synthetic/syn_v2_2026091401_04929.jpg;train;type1;medium;type1/medium
images/synthetic/syn_v2_2026091401_04930.jpg;train;type1a;medium;type1a/medium
images/synthetic/syn_v2_2026091401_04931.jpg;test;type1b;hard;type1b/hard
images/synthetic/syn_v2_2026091401_04932.jpg;train;type1a;medium;type1a/medium
images/synthetic/syn_v2_2026091401_04933.jpg;train;type1a;medium;type1a/medium
images/synthetic/syn_v2_2026091401_04934.jpg;val;type1b;easy;type1b/easy
images/synthetic/syn_v2_2026091401_04935.jpg;train;type1a;easy;type1a/easy
images/synthetic/syn_v2_2026091401_04936.jpg;test;type1;medium;type1/medium
images/synthetic/syn_v2_2026091401_04937.jpg;train;type1b;hard;type1b/hard
images/synthetic/syn_v2_2026091401_04938.jpg;train;type1b;medium;type1b/medium
images/synthetic/syn_v2_2026091401_04939.jpg;train;type1a;easy;type1a/easy
images/synthetic/syn_v2_2026091401_04940.jpg;train;type1a;easy;type1a/easy
images/synthetic/syn_v2_2026091401_04941.jpg;train;type1;medium;type1/medium
images/synthetic/syn_v2_2026091401_04942.jpg;train;type1b;medium;type1b/medium
images/synthetic/syn_v2_2026091401_04943.jpg;train;type1b;hard;type1b/hard
images/synthetic/syn_v2_2026091401_04944.jpg;train;type1a;medium;type1a/medium
images/synthetic/syn_v2_2026091401_04945.jpg;train;type1b;medium;type1b/medium
images/synthetic/syn_v2_2026091401_04946.jpg;train;type1b;hard;type1b/hard
images/synthetic/syn_v2_2026091401_04947.jpg;train;type1b;medium;type1b/medium
images/synthetic/syn_v2_2026091401_04948.jpg;train;type1b;medium;type1b/medium
images/synthetic/syn_v2_2026091401_04949.jpg;train;type1a;easy;type1a/easy
images/synthetic/syn_v2_2026091401_04950.jpg;train;type1a;easy;type1a/easy
images/synthetic/syn_v2_2026091401_04951.jpg;train;type1b;easy;type1b/easy
images/synthetic/syn_v2_2026091401_04952.jpg;train;type1a;hard;type1a/hard
images/synthetic/syn_v2_2026091401_04953.jpg;train;type1;easy;type1/easy
images/synthetic/syn_v2_2026091401_04954.jpg;train;type1b;hard;type1b/hard
images/synthetic/syn_v2_2026091401_04955.jpg;val;type1b;hard;type1b/hard
images/synthetic/syn_v2_2026091401_04956.jpg;train;type1b;medium;type1b/medium
images/synthetic/syn_v2_2026091401_04957.jpg;val;type1;easy;type1/easy
images/synthetic/syn_v2_2026091401_04958.jpg;train;type1a;hard;type1a/hard
images/synthetic/syn_v2_2026091401_04959.jpg;train;type1b;medium;type1b/medium
images/synthetic/syn_v2_2026091401_04960.jpg;train;type1;easy;type1/easy
images/synthetic/syn_v2_2026091401_04961.jpg;train;type1a;hard;type1a/hard
images/synthetic/syn_v2_2026091401_04962.jpg;val;type1b;easy;type1b/easy
images/synthetic/syn_v2_2026091401_04963.jpg;train;type1a;easy;type1a/easy
images/synthetic/syn_v2_2026091401_04964.jpg;test;type1;medium;type1/medium
images/synthetic/syn_v2_2026091401_04965.jpg;train;type1;easy;type1/easy
images/synthetic/syn_v2_2026091401_04966.jpg;train;type1a;hard;type1a/hard
images/synthetic/syn_v2_2026091401_04967.jpg;train;type1b;easy;type1b/easy
images/synthetic/syn_v2_2026091401_04968.jpg;train;type1b;medium;type1b/medium
images/synthetic/syn_v2_2026091401_04969.jpg;test;type1a;easy;type1a/easy
images/synthetic/syn_v2_2026091401_04970.jpg;train;type1a;easy;type1a/easy
images/synthetic/syn_v2_2026091401_04971.jpg;train;type1a;medium;type1a/medium
images/synthetic/syn_v2_2026091401_04972.jpg;train;type1;hard;type1/hard
images/synthetic/syn_v2_2026091401_04973.jpg;train;type1b;medium;type1b/medium
images/synthetic/syn_v2_2026091401_04974.jpg;train;type1;hard;type1/hard
images/synthetic/syn_v2_2026091401_04975.jpg;train;type1b;medium;type1b/medium
images/synthetic/syn_v2_2026091401_04976.jpg;test;type1a;hard;type1a/hard
images/synthetic/syn_v2_2026091401_04977.jpg;train;type1b;easy;type1b/easy
images/synthetic/syn_v2_2026091401_04978.jpg;train;type1b;medium;type1b/medium
images/synthetic/syn_v2_2026091401_04979.jpg;train;type1b;medium;type1b/medium
images/synthetic/syn_v2_2026091401_04980.jpg;train;type1b;easy;type1b/easy
images/synthetic/syn_v2_2026091401_04981.jpg;train;type1a;hard;type1a/hard
images/synthetic/syn_v2_2026091401_04982.jpg;train;type1a;hard;type1a/hard
images/synthetic/syn_v2_2026091401_04983.jpg;train;type1b;medium;type1b/medium
images/synthetic/syn_v2_2026091401_04984.jpg;train;type1b;hard;type1b/hard
images/synthetic/syn_v2_2026091401_04985.jpg;train;type1a;medium;type1a/medium
images/synthetic/syn_v2_2026091401_04986.jpg;train;type1b;easy;type1b/easy
images/synthetic/syn_v2_2026091401_04987.jpg;train;type1b;easy;type1b/easy
images/synthetic/syn_v2_2026091401_04988.jpg;train;type1a;easy;type1a/easy
images/synthetic/syn_v2_2026091401_04989.jpg;train;type1a;medium;type1a/medium
images/synthetic/syn_v2_2026091401_04990.jpg;train;type1;medium;type1/medium
images/synthetic/syn_v2_2026091401_04991.jpg;train;type1;easy;type1/easy
images/synthetic/syn_v2_2026091401_04992.jpg;val;type1a;medium;type1a/medium
images/synthetic/syn_v2_2026091401_04993.jpg;train;type1b;medium;type1b/medium
images/synthetic/syn_v2_2026091401_04994.jpg;train;type1;medium;type1/medium
images/synthetic/syn_v2_2026091401_04995.jpg;train;type1;medium;type1/medium
images/synthetic/syn_v2_2026091401_04996.jpg;train;type1a;easy;type1a/easy
images/synthetic/syn_v2_2026091401_04997.jpg;train;type1b;hard;type1b/hard
images/synthetic/syn_v2_2026091401_04998.jpg;train;type1;medium;type1/medium
images/synthetic/syn_v2_2026091401_04999.jpg;train;type1b;easy;type1b/easy
images/synthetic/syn_v2_2026091401_05000.jpg;train;type1a;hard;type1a/hard
images/synthetic/syn_v2_2026091401_05001.jpg;train;type1a;medium;type1a/medium
images/synthetic/syn_v2_2026091401_05002.jpg;train;type1a;medium;type1a/medium
images/synthetic/syn_v2_2026091401_05003.jpg;test;type1;easy;type1/easy
images/synthetic/syn_v2_2026091401_05004.jpg;train;type1b;medium;type1b/medium
images/synthetic/syn_v2_2026091401_05005.jpg;train;type1;medium;type1/medium
images/synthetic/syn_v2_2026091401_05006.jpg;test;type1;hard;type1/hard
images/synthetic/syn_v2_2026091401_05007.jpg;train;type1a;hard;type1a/hard
images/synthetic/syn_v2_2026091401_05008.jpg;train;type1b;hard;type1b/hard
images/synthetic/syn_v2_2026091401_05009.jpg;train;type1a;easy;type1a/easy
images/synthetic/syn_v2_2026091401_05010.jpg;train;type1b;medium;type1b/medium
images/synthetic/syn_v2_2026091401_05011.jpg;train;type1b;medium;type1b/medium
images/synthetic/syn_v2_2026091401_05012.jpg;test;type1a;medium;type1a/medium
images/synthetic/syn_v2_2026091401_05013.jpg;train;type1b;easy;type1b/easy
images/synthetic/syn_v2_2026091401_05014.jpg;train;type1;medium;type1/medium
images/synthetic/syn_v2_2026091401_05015.jpg;train;type1b;easy;type1b/easy
images/synthetic/syn_v2_2026091401_05016.jpg;train;type1;medium;type1/medium
images/synthetic/syn_v2_2026091401_05017.jpg;train;type1b;hard;type1b/hard
images/synthetic/syn_v2_2026091401_05018.jpg;val;type1a;medium;type1a/medium
images/synthetic/syn_v2_2026091401_05019.jpg;test;type1a;easy;type1a/easy
images/synthetic/syn_v2_2026091401_05020.jpg;train;type1;easy;type1/easy
images/synthetic/syn_v2_2026091401_05021.jpg;train;type1a;easy;type1a/easy
images/synthetic/syn_v2_2026091401_05022.jpg;val;type1b;medium;type1b/medium
images/synthetic/syn_v2_2026091401_05023.jpg;val;type1b;medium;type1b/medium
images/synthetic/syn_v2_2026091401_05024.jpg;train;type1a;hard;type1a/hard
images/synthetic/syn_v2_2026091401_05025.jpg;test;type1a;easy;type1a/easy
images/synthetic/syn_v2_2026091401_05026.jpg;train;type1b;easy;type1b/easy
images/synthetic/syn_v2_2026091401_05027.jpg;train;type1a;hard;type1a/hard
images/synthetic/syn_v2_2026091401_05028.jpg;val;type1b;medium;type1b/medium
images/synthetic/syn_v2_2026091401_05029.jpg;train;type1a;easy;type1a/easy
images/synthetic/syn_v2_2026091401_05030.jpg;train;type1;easy;type1/easy
images/synthetic/syn_v2_2026091401_05031.jpg;train;type1;easy;type1/easy
images/synthetic/syn_v2_2026091401_05032.jpg;train;type1a;hard;type1a/hard
images/synthetic/syn_v2_2026091401_05033.jpg;train;type1a;medium;type1a/medium
images/synthetic/syn_v2_2026091401_05034.jpg;train;type1a;medium;type1a/medium
images/synthetic/syn_v2_2026091401_05035.jpg;train;type1b;medium;type1b/medium
images/synthetic/syn_v2_2026091401_05036.jpg;train;type1;medium;type1/medium
images/synthetic/syn_v2_2026091401_05037.jpg;train;type1a;hard;type1a/hard
images/synthetic/syn_v2_2026091401_05038.jpg;train;type1a;medium;type1a/medium
images/synthetic/syn_v2_2026091401_05039.jpg;train;type1b;medium;type1b/medium
images/synthetic/syn_v2_2026091401_05040.jpg;train;type1b;easy;type1b/easy
images/synthetic/syn_v2_2026091401_05041.jpg;val;type1a;easy;type1a/easy
images/synthetic/syn_v2_2026091401_05042.jpg;train;type1b;medium;type1b/medium
images/synthetic/syn_v2_2026091401_05043.jpg;train;type1b;medium;type1b/medium
images/synthetic/syn_v2_2026091401_05044.jpg;train;type1b;easy;type1b/easy
images/synthetic/syn_v2_2026091401_05045.jpg;train;type1a;easy;type1a/easy
images/synthetic/syn_v2_2026091401_05046.jpg;train;type1a;medium;type1a/medium
images/synthetic/syn_v2_2026091401_05047.jpg;train;type1b;easy;type1b/easy
images/synthetic/syn_v2_2026091401_05048.jpg;train;type1a;easy;type1a/easy
images/synthetic/syn_v2_2026091401_05049.jpg;train;type1b;easy;type1b/easy
images/synthetic/syn_v2_2026091401_05050.jpg;train;type1a;hard;type1a/hard
images/synthetic/syn_v2_2026091401_05051.jpg;train;type1b;medium;type1b/medium
images/synthetic/syn_v2_2026091401_05052.jpg;val;type1b;medium;type1b/medium
images/synthetic/syn_v2_2026091401_05053.jpg;train;type1;medium;type1/medium
images/synthetic/syn_v2_2026091401_05054.jpg;train;type1;hard;type1/hard
images/synthetic/syn_v2_2026091401_05055.jpg;train;type1b;easy;type1b/easy
images/synthetic/syn_v2_2026091401_05056.jpg;train;type1a;hard;type1a/hard
images/synthetic/syn_v2_2026091401_05057.jpg;train;type1a;easy;type1a/easy
images/synthetic/syn_v2_2026091401_05058.jpg;val;type1b;medium;type1b/medium
images/synthetic/syn_v2_2026091401_05059.jpg;test;type1a;medium;type1a/medium
images/synthetic/syn_v2_2026091401_05060.jpg;train;type1a;medium;type1a/medium
images/synthetic/syn_v2_2026091401_05061.jpg;val;type1a;medium;type1a/medium
images/synthetic/syn_v2_2026091401_05062.jpg;test;type1b;easy;type1b/easy
images/synthetic/syn_v2_2026091401_05063.jpg;train;type1;hard;type1/hard
images/synthetic/syn_v2_2026091401_05064.jpg;train;type1b;medium;type1b/medium
images/synthetic/syn_v2_2026091401_05065.jpg;val;type1;easy;type1/easy
images/synthetic/syn_v2_2026091401_05066.jpg;train;type1b;hard;type1b/hard
images/synthetic/syn_v2_2026091401_05067.jpg;train;type1;easy;type1/easy
images/synthetic/syn_v2_2026091401_05068.jpg;train;type1a;medium;type1a/medium
images/synthetic/syn_v2_2026091401_05069.jpg;train;type1a;hard;type1a/hard
images/synthetic/syn_v2_2026091401_05070.jpg;train;type1a;medium;type1a/medium
images/synthetic/syn_v2_2026091401_05071.jpg;train;type1;medium;type1/medium
images/synthetic/syn_v2_2026091401_05072.jpg;train;type1b;easy;type1b/easy
images/synthetic/syn_v2_2026091401_05073.jpg;train;type1;easy;type1/easy
images/synthetic/syn_v2_2026091401_05074.jpg;train;type1a;medium;type1a/medium
images/synthetic/syn_v2_2026091401_05075.jpg;train;type1;medium;type1/medium
images/synthetic/syn_v2_2026091401_05076.jpg;train;type1;medium;type1/medium
images/synthetic/syn_v2_2026091401_05077.jpg;train;type1a;medium;type1a/medium
images/synthetic/syn_v2_2026091401_05078.jpg;train;type1a;easy;type1a/easy
images/synthetic/syn_v2_2026091401_05079.jpg;train;type1a;medium;type1a/medium
images/synthetic/syn_v2_2026091401_05080.jpg;train;type1a;hard;type1a/hard
images/synthetic/syn_v2_2026091401_05081.jpg;train;type1;easy;type1/easy
images/synthetic/syn_v2_2026091401_05082.jpg;train;type1;medium;type1/medium
images/synthetic/syn_v2_2026091401_05083.jpg;train;type1;hard;type1/hard
images/synthetic/syn_v2_2026091401_05084.jpg;val;type1b;medium;type1b/medium
images/synthetic/syn_v2_2026091401_05085.jpg;train;type1b;medium;type1b/medium
images/synthetic/syn_v2_2026091401_05086.jpg;train;type1b;easy;type1b/easy
images/synthetic/syn_v2_2026091401_05087.jpg;train;type1b;medium;type1b/medium
images/synthetic/syn_v2_2026091401_05088.jpg;val;type1a;easy;type1a/easy
images/synthetic/syn_v2_2026091401_05089.jpg;train;type1;hard;type1/hard
images/synthetic/syn_v2_2026091401_05090.jpg;train;type1a;medium;type1a/medium
images/synthetic/syn_v2_2026091401_05091.jpg;train;type1b;medium;type1b/medium
images/synthetic/syn_v2_2026091401_05092.jpg;train;type1;easy;type1/easy
images/synthetic/syn_v2_2026091401_05093.jpg;train;type1a;hard;type1a/hard
images/synthetic/syn_v2_2026091401_05094.jpg;train;type1a;hard;type1a/hard
images/synthetic/syn_v2_2026091401_05095.jpg;val;type1;medium;type1/medium
images/synthetic/syn_v2_2026091401_05096.jpg;train;type1a;medium;type1a/medium
images/synthetic/syn_v2_2026091401_05097.jpg;train;type1b;easy;type1b/easy
images/synthetic/syn_v2_2026091401_05098.jpg;train;type1b;easy;type1b/easy
images/synthetic/syn_v2_2026091401_05099.jpg;train;type1;medium;type1/medium
images/synthetic/syn_v2_2026091401_05100.jpg;train;type1a;hard;type1a/hard
images/synthetic/syn_v2_2026091401_05101.jpg;train;type1b;easy;type1b/easy
images/synthetic/syn_v2_2026091401_05102.jpg;test;type1;easy;type1/easy
images/synthetic/syn_v2_2026091401_05103.jpg;train;type1b;easy;type1b/easy
images/synthetic/syn_v2_2026091401_05104.jpg;train;type1;medium;type1/medium
images/synthetic/syn_v2_2026091401_05105.jpg;train;type1b;medium;type1b/medium
images/synthetic/syn_v2_2026091401_05106.jpg;train;type1b;medium;type1b/medium
images/synthetic/syn_v2_2026091401_05107.jpg;train;type1;medium;type1/medium
images/synthetic/syn_v2_2026091401_05108.jpg;train;type1;easy;type1/easy
images/synthetic/syn_v2_2026091401_05109.jpg;val;type1b;hard;type1b/hard
images/synthetic/syn_v2_2026091401_05110.jpg;train;type1a;easy;type1a/easy
images/synthetic/syn_v2_2026091401_05111.jpg;train;type1a;medium;type1a/medium
images/synthetic/syn_v2_2026091401_05112.jpg;train;type1a;hard;type1a/hard
images/synthetic/syn_v2_2026091401_05113.jpg;train;type1;medium;type1/medium
images/synthetic/syn_v2_2026091401_05114.jpg;train;type1a;medium;type1a/medium
images/synthetic/syn_v2_2026091401_05115.jpg;test;type1;easy;type1/easy
images/synthetic/syn_v2_2026091401_05116.jpg;val;type1b;easy;type1b/easy
images/synthetic/syn_v2_2026091401_05117.jpg;val;type1b;easy;type1b/easy
images/synthetic/syn_v2_2026091401_05118.jpg;train;type1a;medium;type1a/medium
images/synthetic/syn_v2_2026091401_05119.jpg;train;type1a;medium;type1a/medium
images/synthetic/syn_v2_2026091401_05120.jpg;train;type1b;easy;type1b/easy
images/synthetic/syn_v2_2026091401_05121.jpg;train;type1;hard;type1/hard
images/synthetic/syn_v2_2026091401_05122.jpg;train;type1b;medium;type1b/medium
images/synthetic/syn_v2_2026091401_05123.jpg;train;type1b;hard;type1b/hard
images/synthetic/syn_v2_2026091401_05124.jpg;train;type1b;medium;type1b/medium
images/synthetic/syn_v2_2026091401_05125.jpg;train;type1;hard;type1/hard
images/synthetic/syn_v2_2026091401_05126.jpg;train;type1b;easy;type1b/easy
images/synthetic/syn_v2_2026091401_05127.jpg;train;type1a;medium;type1a/medium
images/synthetic/syn_v2_2026091401_05128.jpg;train;type1b;hard;type1b/hard
images/synthetic/syn_v2_2026091401_05129.jpg;train;type1;medium;type1/medium
images/synthetic/syn_v2_2026091401_05130.jpg;train;type1b;medium;type1b/medium
images/synthetic/syn_v2_2026091401_05131.jpg;train;type1b;hard;type1b/hard
images/synthetic/syn_v2_2026091401_05132.jpg;train;type1;easy;type1/easy
images/synthetic/syn_v2_2026091401_05133.jpg;train;type1b;medium;type1b/medium
images/synthetic/syn_v2_2026091401_05134.jpg;train;type1b;medium;type1b/medium
images/synthetic/syn_v2_2026091401_05135.jpg;train;type1;medium;type1/medium
images/synthetic/syn_v2_2026091401_05136.jpg;train;type1a;medium;type1a/medium
images/synthetic/syn_v2_2026091401_05137.jpg;val;type1;easy;type1/easy
images/synthetic/syn_v2_2026091401_05138.jpg;train;type1a;medium;type1a/medium
images/synthetic/syn_v2_2026091401_05139.jpg;train;type1b;hard;type1b/hard
images/synthetic/syn_v2_2026091401_05140.jpg;train;type1b;easy;type1b/easy
images/synthetic/syn_v2_2026091401_05141.jpg;test;type1;medium;type1/medium
images/synthetic/syn_v2_2026091401_05142.jpg;train;type1a;hard;type1a/hard
images/synthetic/syn_v2_2026091401_05143.jpg;train;type1;medium;type1/medium
images/synthetic/syn_v2_2026091401_05144.jpg;train;type1b;medium;type1b/medium
images/synthetic/syn_v2_2026091401_05145.jpg;train;type1;hard;type1/hard
images/synthetic/syn_v2_2026091401_05146.jpg;train;type1b;medium;type1b/medium
images/synthetic/syn_v2_2026091401_05147.jpg;train;type1b;easy;type1b/easy
images/synthetic/syn_v2_2026091401_05148.jpg;train;type1;medium;type1/medium
images/synthetic/syn_v2_2026091401_05149.jpg;train;type1;medium;type1/medium
images/synthetic/syn_v2_2026091401_05150.jpg;train;type1a;easy;type1a/easy
images/synthetic/syn_v2_2026091401_05151.jpg;val;type1b;hard;type1b/hard
images/synthetic/syn_v2_2026091401_05152.jpg;train;type1;medium;type1/medium
images/synthetic/syn_v2_2026091401_05153.jpg;train;type1a;hard;type1a/hard
images/synthetic/syn_v2_2026091401_05154.jpg;train;type1b;medium;type1b/medium
images/synthetic/syn_v2_2026091401_05155.jpg;train;type1a;easy;type1a/easy
images/synthetic/syn_v2_2026091401_05156.jpg;train;type1b;medium;type1b/medium
images/synthetic/syn_v2_2026091401_05157.jpg;train;type1b;easy;type1b/easy
images/synthetic/syn_v2_2026091401_05158.jpg;train;type1b;medium;type1b/medium
images/synthetic/syn_v2_2026091401_05159.jpg;train;type1a;medium;type1a/medium
images/synthetic/syn_v2_2026091401_05160.jpg;train;type1b;easy;type1b/easy
images/synthetic/syn_v2_2026091401_05161.jpg;train;type1;easy;type1/easy
images/synthetic/syn_v2_2026091401_05162.jpg;test;type1b;medium;type1b/medium
images/synthetic/syn_v2_2026091401_05163.jpg;train;type1b;medium;type1b/medium
images/synthetic/syn_v2_2026091401_05164.jpg;train;type1b;hard;type1b/hard
images/synthetic/syn_v2_2026091401_05165.jpg;train;type1b;medium;type1b/medium
images/synthetic/syn_v2_2026091401_05166.jpg;train;type1b;easy;type1b/easy
images/synthetic/syn_v2_2026091401_05167.jpg;train;type1b;medium;type1b/medium
images/synthetic/syn_v2_2026091401_05168.jpg;train;type1b;medium;type1b/medium
images/synthetic/syn_v2_2026091401_05169.jpg;train;type1b;medium;type1b/medium
images/synthetic/syn_v2_2026091401_05170.jpg;train;type1a;medium;type1a/medium
images/synthetic/syn_v2_2026091401_05171.jpg;train;type1b;medium;type1b/medium
images/synthetic/syn_v2_2026091401_05172.jpg;train;type1b;medium;type1b/medium
images/synthetic/syn_v2_2026091401_05173.jpg;train;type1;easy;type1/easy
images/synthetic/syn_v2_2026091401_05174.jpg;train;type1a;easy;type1a/easy
images/synthetic/syn_v2_2026091401_05175.jpg;train;type1a;medium;type1a/medium
images/synthetic/syn_v2_2026091401_05176.jpg;train;type1b;easy;type1b/easy
images/synthetic/syn_v2_2026091401_05177.jpg;val;type1a;medium;type1a/medium
images/synthetic/syn_v2_2026091401_05178.jpg;train;type1a;hard;type1a/hard
images/synthetic/syn_v2_2026091401_05179.jpg;train;type1;medium;type1/medium
images/synthetic/syn_v2_2026091401_05180.jpg;train;type1b;easy;type1b/easy
images/synthetic/syn_v2_2026091401_05181.jpg;train;type1a;hard;type1a/hard
images/synthetic/syn_v2_2026091401_05182.jpg;train;type1a;medium;type1a/medium
images/synthetic/syn_v2_2026091401_05183.jpg;test;type1;medium;type1/medium
images/synthetic/syn_v2_2026091401_05184.jpg;train;type1b;easy;type1b/easy
images/synthetic/syn_v2_2026091401_05185.jpg;train;type1b;hard;type1b/hard
images/synthetic/syn_v2_2026091401_05186.jpg;train;type1a;easy;type1a/easy
images/synthetic/syn_v2_2026091401_05187.jpg;train;type1b;hard;type1b/hard
images/synthetic/syn_v2_2026091401_05188.jpg;train;type1a;easy;type1a/easy
images/synthetic/syn_v2_2026091401_05189.jpg;train;type1a;medium;type1a/medium
images/synthetic/syn_v2_2026091401_05190.jpg;train;type1a;easy;type1a/easy
images/synthetic/syn_v2_2026091401_05191.jpg;train;type1a;easy;type1a/easy
images/synthetic/syn_v2_2026091401_05192.jpg;train;type1b;easy;type1b/easy
images/synthetic/syn_v2_2026091401_05193.jpg;train;type1b;medium;type1b/medium
images/synthetic/syn_v2_2026091401_05194.jpg;test;type1b;medium;type1b/medium
images/synthetic/syn_v2_2026091401_05195.jpg;train;type1b;hard;type1b/hard
images/synthetic/syn_v2_2026091401_05196.jpg;train;type1b;medium;type1b/medium
images/synthetic/syn_v2_2026091401_05197.jpg;test;type1a;medium;type1a/medium
images/synthetic/syn_v2_2026091401_05198.jpg;train;type1a;medium;type1a/medium
images/synthetic/syn_v2_2026091401_05199.jpg;train;type1b;easy;type1b/easy
images/synthetic/syn_v2_2026091401_05200.jpg;train;type1b;easy;type1b/easy
images/synthetic/syn_v2_2026091401_05201.jpg;train;type1b;easy;type1b/easy
images/synthetic/syn_v2_2026091401_05202.jpg;train;type1b;medium;type1b/medium
images/synthetic/syn_v2_2026091401_05203.jpg;train;type1a;easy;type1a/easy
images/synthetic/syn_v2_2026091401_05204.jpg;val;type1;medium;type1/medium
images/synthetic/syn_v2_2026091401_05205.jpg;val;type1;medium;type1/medium
images/synthetic/syn_v2_2026091401_05206.jpg;train;type1b;medium;type1b/medium
images/synthetic/syn_v2_2026091401_05207.jpg;train;type1b;easy;type1b/easy
images/synthetic/syn_v2_2026091401_05208.jpg;train;type1a;easy;type1a/easy
images/synthetic/syn_v2_2026091401_05209.jpg;train;type1a;medium;type1a/medium
images/synthetic/syn_v2_2026091401_05210.jpg;train;type1a;easy;type1a/easy
images/synthetic/syn_v2_2026091401_05211.jpg;val;type1a;easy;type1a/easy
images/synthetic/syn_v2_2026091401_05212.jpg;train;type1;hard;type1/hard
images/synthetic/syn_v2_2026091401_05213.jpg;test;type1a;hard;type1a/hard
images/synthetic/syn_v2_2026091401_05214.jpg;train;type1a;easy;type1a/easy
images/synthetic/syn_v2_2026091401_05215.jpg;train;type1;medium;type1/medium
images/synthetic/syn_v2_2026091401_05216.jpg;train;type1a;medium;type1a/medium
images/synthetic/syn_v2_2026091401_05217.jpg;train;type1b;medium;type1b/medium
images/synthetic/syn_v2_2026091401_05218.jpg;train;type1b;easy;type1b/easy
images/synthetic/syn_v2_2026091401_05219.jpg;val;type1b;easy;type1b/easy
images/synthetic/syn_v2_2026091401_05220.jpg;train;type1b;medium;type1b/medium
images/synthetic/syn_v2_2026091401_05221.jpg;train;type1a;easy;type1a/easy
images/synthetic/syn_v2_2026091401_05222.jpg;train;type1a;easy;type1a/easy
images/synthetic/syn_v2_2026091401_05223.jpg;train;type1;hard;type1/hard
images/synthetic/syn_v2_2026091401_05224.jpg;val;type1b;hard;type1b/hard
images/synthetic/syn_v2_2026091401_05225.jpg;train;type1b;hard;type1b/hard
images/synthetic/syn_v2_2026091401_05226.jpg;train;type1b;easy;type1b/easy
images/synthetic/syn_v2_2026091401_05227.jpg;train;type1a;easy;type1a/easy
images/synthetic/syn_v2_2026091401_05228.jpg;train;type1;easy;type1/easy
images/synthetic/syn_v2_2026091401_05229.jpg;test;type1;medium;type1/medium
images/synthetic/syn_v2_2026091401_05230.jpg;train;type1;hard;type1/hard
images/synthetic/syn_v2_2026091401_05231.jpg;train;type1b;easy;type1b/easy
images/synthetic/syn_v2_2026091401_05232.jpg;train;type1b;easy;type1b/easy
images/synthetic/syn_v2_2026091401_05233.jpg;train;type1;hard;type1/hard
images/synthetic/syn_v2_2026091401_05234.jpg;train;type1b;medium;type1b/medium
images/synthetic/syn_v2_2026091401_05235.jpg;train;type1a;medium;type1a/medium
images/synthetic/syn_v2_2026091401_05236.jpg;val;type1;easy;type1/easy
images/synthetic/syn_v2_2026091401_05237.jpg;train;type1b;medium;type1b/medium
images/synthetic/syn_v2_2026091401_05238.jpg;train;type1;medium;type1/medium
images/synthetic/syn_v2_2026091401_05239.jpg;train;type1a;medium;type1a/medium
images/synthetic/syn_v2_2026091401_05240.jpg;val;type1b;hard;type1b/hard
images/synthetic/syn_v2_2026091401_05241.jpg;train;type1b;medium;type1b/medium
images/synthetic/syn_v2_2026091401_05242.jpg;train;type1;hard;type1/hard
images/synthetic/syn_v2_2026091401_05243.jpg;train;type1b;easy;type1b/easy
images/synthetic/syn_v2_2026091401_05244.jpg;train;type1a;medium;type1a/medium
images/synthetic/syn_v2_2026091401_05245.jpg;train;type1;hard;type1/hard
images/synthetic/syn_v2_2026091401_05246.jpg;train;type1;hard;type1/hard
images/synthetic/syn_v2_2026091401_05247.jpg;val;type1a;easy;type1a/easy
images/synthetic/syn_v2_2026091401_05248.jpg;train;type1b;medium;type1b/medium
images/synthetic/syn_v2_2026091401_05249.jpg;train;type1b;hard;type1b/hard
images/synthetic/syn_v2_2026091401_05250.jpg;train;type1;easy;type1/easy
images/synthetic/syn_v2_2026091401_05251.jpg;train;type1;easy;type1/easy
images/synthetic/syn_v2_2026091401_05252.jpg;val;type1b;hard;type1b/hard
images/synthetic/syn_v2_2026091401_05253.jpg;train;type1b;easy;type1b/easy
images/synthetic/syn_v2_2026091401_05254.jpg;train;type1a;easy;type1a/easy
images/synthetic/syn_v2_2026091401_05255.jpg;train;type1;medium;type1/medium
images/synthetic/syn_v2_2026091401_05256.jpg;val;type1;medium;type1/medium
images/synthetic/syn_v2_2026091401_05257.jpg;train;type1b;hard;type1b/hard
images/synthetic/syn_v2_2026091401_05258.jpg;train;type1a;hard;type1a/hard
images/synthetic/syn_v2_2026091401_05259.jpg;train;type1b;medium;type1b/medium
images/synthetic/syn_v2_2026091401_05260.jpg;train;type1;easy;type1/easy
images/synthetic/syn_v2_2026091401_05261.jpg;train;type1b;hard;type1b/hard
images/synthetic/syn_v2_2026091401_05262.jpg;train;type1b;easy;type1b/easy
images/synthetic/syn_v2_2026091401_05263.jpg;train;type1a;hard;type1a/hard
images/synthetic/syn_v2_2026091401_05264.jpg;val;type1;easy;type1/easy
images/synthetic/syn_v2_2026091401_05265.jpg;test;type1a;easy;type1a/easy
images/synthetic/syn_v2_2026091401_05266.jpg;val;type1b;hard;type1b/hard
images/synthetic/syn_v2_2026091401_05267.jpg;train;type1;medium;type1/medium
images/synthetic/syn_v2_2026091401_05268.jpg;val;type1b;medium;type1b/medium
images/synthetic/syn_v2_2026091401_05269.jpg;train;type1a;medium;type1a/medium
images/synthetic/syn_v2_2026091401_05270.jpg;train;type1b;medium;type1b/medium
images/synthetic/syn_v2_2026091401_05271.jpg;train;type1a;hard;type1a/hard
images/synthetic/syn_v2_2026091401_05272.jpg;train;type1b;easy;type1b/easy
images/synthetic/syn_v2_2026091401_05273.jpg;train;type1b;easy;type1b/easy
images/synthetic/syn_v2_2026091401_05274.jpg;train;type1b;hard;type1b/hard
images/synthetic/syn_v2_2026091401_05275.jpg;train;type1b;easy;type1b/easy
images/synthetic/syn_v2_2026091401_05276.jpg;train;type1a;medium;type1a/medium
images/synthetic/syn_v2_2026091401_05277.jpg;train;type1a;hard;type1a/hard
images/synthetic/syn_v2_2026091401_05278.jpg;train;type1b;medium;type1b/medium
images/synthetic/syn_v2_2026091401_05279.jpg;train;type1a;medium;type1a/medium
images/synthetic/syn_v2_2026091401_05280.jpg;train;type1b;hard;type1b/hard
images/synthetic/syn_v2_2026091401_05281.jpg;train;type1a;easy;type1a/easy
images/synthetic/syn_v2_2026091401_05282.jpg;train;type1;hard;type1/hard
images/synthetic/syn_v2_2026091401_05283.jpg;test;type1b;medium;type1b/medium
images/synthetic/syn_v2_2026091401_05284.jpg;train;type1b;easy;type1b/easy
images/synthetic/syn_v2_2026091401_05285.jpg;test;type1;easy;type1/easy
images/synthetic/syn_v2_2026091401_05286.jpg;train;type1a;easy;type1a/easy
images/synthetic/syn_v2_2026091401_05287.jpg;train;type1b;medium;type1b/medium
images/synthetic/syn_v2_2026091401_05288.jpg;test;type1a;hard;type1a/hard
images/synthetic/syn_v2_2026091401_05289.jpg;val;type1b;medium;type1b/medium
images/synthetic/syn_v2_2026091401_05290.jpg;train;type1b;medium;type1b/medium
images/synthetic/syn_v2_2026091401_05291.jpg;train;type1a;medium;type1a/medium
images/synthetic/syn_v2_2026091401_05292.jpg;train;type1b;medium;type1b/medium
images/synthetic/syn_v2_2026091401_05293.jpg;train;type1b;medium;type1b/medium
images/synthetic/syn_v2_2026091401_05294.jpg;train;type1;medium;type1/medium
images/synthetic/syn_v2_2026091401_05295.jpg;train;type1b;easy;type1b/easy
images/synthetic/syn_v2_2026091401_05296.jpg;train;type1a;medium;type1a/medium
images/synthetic/syn_v2_2026091401_05297.jpg;train;type1a;hard;type1a/hard
images/synthetic/syn_v2_2026091401_05298.jpg;test;type1b;medium;type1b/medium
images/synthetic/syn_v2_2026091401_05299.jpg;train;type1b;medium;type1b/medium
images/synthetic/syn_v2_2026091401_05300.jpg;train;type1b;medium;type1b/medium
images/synthetic/syn_v2_2026091401_05301.jpg;train;type1a;easy;type1a/easy
images/synthetic/syn_v2_2026091401_05302.jpg;train;type1b;hard;type1b/hard
images/synthetic/syn_v2_2026091401_05303.jpg;train;type1b;medium;type1b/medium
images/synthetic/syn_v2_2026091401_05304.jpg;train;type1b;medium;type1b/medium
images/synthetic/syn_v2_2026091401_05305.jpg;val;type1b;medium;type1b/medium
images/synthetic/syn_v2_2026091401_05306.jpg;train;type1b;medium;type1b/medium
images/synthetic/syn_v2_2026091401_05307.jpg;train;type1b;medium;type1b/medium
images/synthetic/syn_v2_2026091401_05308.jpg;train;type1b;medium;type1b/medium
images/synthetic/syn_v2_2026091401_05309.jpg;train;type1b;easy;type1b/easy
images/synthetic/syn_v2_2026091401_05310.jpg;train;type1;easy;type1/easy
images/synthetic/syn_v2_2026091401_05311.jpg;test;type1a;easy;type1a/easy
images/synthetic/syn_v2_2026091401_05312.jpg;train;type1a;easy;type1a/easy
images/synthetic/syn_v2_2026091401_05313.jpg;train;type1a;hard;type1a/hard
images/synthetic/syn_v2_2026091401_05314.jpg;train;type1;easy;type1/easy
images/synthetic/syn_v2_2026091401_05315.jpg;train;type1;easy;type1/easy
images/synthetic/syn_v2_2026091401_05316.jpg;train;type1b;easy;type1b/easy
images/synthetic/syn_v2_2026091401_05317.jpg;val;type1a;hard;type1a/hard
images/synthetic/syn_v2_2026091401_05318.jpg;train;type1a;easy;type1a/easy
images/synthetic/syn_v2_2026091401_05319.jpg;train;type1;easy;type1/easy
images/synthetic/syn_v2_2026091401_05320.jpg;train;type1a;medium;type1a/medium
images/synthetic/syn_v2_2026091401_05321.jpg;train;type1b;easy;type1b/easy
images/synthetic/syn_v2_2026091401_05322.jpg;train;type1b;easy;type1b/easy
images/synthetic/syn_v2_2026091401_05323.jpg;train;type1a;medium;type1a/medium
images/synthetic/syn_v2_2026091401_05324.jpg;val;type1b;hard;type1b/hard
images/synthetic/syn_v2_2026091401_05325.jpg;train;type1a;medium;type1a/medium
images/synthetic/syn_v2_2026091401_05326.jpg;train;type1a;easy;type1a/easy
images/synthetic/syn_v2_2026091401_05327.jpg;train;type1b;medium;type1b/medium
images/synthetic/syn_v2_2026091401_05328.jpg;train;type1b;medium;type1b/medium
images/synthetic/syn_v2_2026091401_05329.jpg;train;type1a;easy;type1a/easy
images/synthetic/syn_v2_2026091401_05330.jpg;train;type1b;easy;type1b/easy
images/synthetic/syn_v2_2026091401_05331.jpg;train;type1;easy;type1/easy
images/synthetic/syn_v2_2026091401_05332.jpg;train;type1;hard;type1/hard
images/synthetic/syn_v2_2026091401_05333.jpg;train;type1b;easy;type1b/easy
images/synthetic/syn_v2_2026091401_05334.jpg;train;type1b;easy;type1b/easy
images/synthetic/syn_v2_2026091401_05335.jpg;train;type1;medium;type1/medium
images/synthetic/syn_v2_2026091401_05336.jpg;train;type1b;medium;type1b/medium
images/synthetic/syn_v2_2026091401_05337.jpg;val;type1a;easy;type1a/easy
images/synthetic/syn_v2_2026091401_05338.jpg;train;type1a;hard;type1a/hard
images/synthetic/syn_v2_2026091401_05339.jpg;train;type1;medium;type1/medium
images/synthetic/syn_v2_2026091401_05340.jpg;val;type1a;medium;type1a/medium
images/synthetic/syn_v2_2026091401_05341.jpg;train;type1b;hard;type1b/hard
images/synthetic/syn_v2_2026091401_05342.jpg;train;type1b;medium;type1b/medium
images/synthetic/syn_v2_2026091401_05343.jpg;train;type1b;medium;type1b/medium
images/synthetic/syn_v2_2026091401_05344.jpg;train;type1;easy;type1/easy
images/synthetic/syn_v2_2026091401_05345.jpg;train;type1a;medium;type1a/medium
images/synthetic/syn_v2_2026091401_05346.jpg;train;type1b;easy;type1b/easy
images/synthetic/syn_v2_2026091401_05347.jpg;train;type1a;medium;type1a/medium
images/synthetic/syn_v2_2026091401_05348.jpg;train;type1b;hard;type1b/hard
images/synthetic/syn_v2_2026091401_05349.jpg;train;type1a;hard;type1a/hard
images/synthetic/syn_v2_2026091401_05350.jpg;train;type1a;medium;type1a/medium
images/synthetic/syn_v2_2026091401_05351.jpg;train;type1b;easy;type1b/easy
images/synthetic/syn_v2_2026091401_05352.jpg;train;type1a;medium;type1a/medium
images/synthetic/syn_v2_2026091401_05353.jpg;train;type1b;medium;type1b/medium
images/synthetic/syn_v2_2026091401_05354.jpg;train;type1;easy;type1/easy
images/synthetic/syn_v2_2026091401_05355.jpg;val;type1b;medium;type1b/medium
images/synthetic/syn_v2_2026091401_05356.jpg;train;type1b;medium;type1b/medium
images/synthetic/syn_v2_2026091401_05357.jpg;train;type1b;easy;type1b/easy
images/synthetic/syn_v2_2026091401_05358.jpg;test;type1a;hard;type1a/hard
images/synthetic/syn_v2_2026091401_05359.jpg;train;type1a;hard;type1a/hard
images/synthetic/syn_v2_2026091401_05360.jpg;train;type1b;easy;type1b/easy
images/synthetic/syn_v2_2026091401_05361.jpg;train;type1;medium;type1/medium
images/synthetic/syn_v2_2026091401_05362.jpg;train;type1a;easy;type1a/easy
images/synthetic/syn_v2_2026091401_05363.jpg;train;type1;easy;type1/easy
images/synthetic/syn_v2_2026091401_05364.jpg;train;type1a;easy;type1a/easy
images/synthetic/syn_v2_2026091401_05365.jpg;train;type1b;medium;type1b/medium
images/synthetic/syn_v2_2026091401_05366.jpg;train;type1b;medium;type1b/medium
images/synthetic/syn_v2_2026091401_05367.jpg;train;type1;hard;type1/hard
images/synthetic/syn_v2_2026091401_05368.jpg;train;type1a;medium;type1a/medium
images/synthetic/syn_v2_2026091401_05369.jpg;test;type1b;medium;type1b/medium
images/synthetic/syn_v2_2026091401_05370.jpg;train;type1b;medium;type1b/medium
images/synthetic/syn_v2_2026091401_05371.jpg;train;type1b;medium;type1b/medium
images/synthetic/syn_v2_2026091401_05372.jpg;train;type1b;medium;type1b/medium
images/synthetic/syn_v2_2026091401_05373.jpg;train;type1;medium;type1/medium
images/synthetic/syn_v2_2026091401_05374.jpg;train;type1a;medium;type1a/medium
images/synthetic/syn_v2_2026091401_05375.jpg;train;type1;hard;type1/hard
images/synthetic/syn_v2_2026091401_05376.jpg;train;type1;medium;type1/medium
images/synthetic/syn_v2_2026091401_05377.jpg;train;type1b;medium;type1b/medium
images/synthetic/syn_v2_2026091401_05378.jpg;train;type1a;hard;type1a/hard
images/synthetic/syn_v2_2026091401_05379.jpg;train;type1a;hard;type1a/hard
images/synthetic/syn_v2_2026091401_05380.jpg;train;type1a;medium;type1a/medium
images/synthetic/syn_v2_2026091401_05381.jpg;train;type1;easy;type1/easy
images/synthetic/syn_v2_2026091401_05382.jpg;train;type1;hard;type1/hard
images/synthetic/syn_v2_2026091401_05383.jpg;test;type1a;medium;type1a/medium
images/synthetic/syn_v2_2026091401_05384.jpg;train;type1b;easy;type1b/easy
images/synthetic/syn_v2_2026091401_05385.jpg;train;type1a;medium;type1a/medium
images/synthetic/syn_v2_2026091401_05386.jpg;train;type1b;medium;type1b/medium
images/synthetic/syn_v2_2026091401_05387.jpg;train;type1;easy;type1/easy
images/synthetic/syn_v2_2026091401_05388.jpg;train;type1b;medium;type1b/medium
images/synthetic/syn_v2_2026091401_05389.jpg;train;type1b;easy;type1b/easy
images/synthetic/syn_v2_2026091401_05390.jpg;train;type1b;easy;type1b/easy
images/synthetic/syn_v2_2026091401_05391.jpg;val;type1b;medium;type1b/medium
images/synthetic/syn_v2_2026091401_05392.jpg;test;type1b;medium;type1b/medium
images/synthetic/syn_v2_2026091401_05393.jpg;train;type1b;easy;type1b/easy
images/synthetic/syn_v2_2026091401_05394.jpg;train;type1;medium;type1/medium
images/synthetic/syn_v2_2026091401_05395.jpg;train;type1b;easy;type1b/easy
images/synthetic/syn_v2_2026091401_05396.jpg;val;type1;easy;type1/easy
images/synthetic/syn_v2_2026091401_05397.jpg;train;type1b;easy;type1b/easy
images/synthetic/syn_v2_2026091401_05398.jpg;train;type1b;easy;type1b/easy
images/synthetic/syn_v2_2026091401_05399.jpg;test;type1b;hard;type1b/hard
images/synthetic/syn_v2_2026091401_05400.jpg;train;type1a;easy;type1a/easy
images/synthetic/syn_v2_2026091401_05401.jpg;train;type1a;hard;type1a/hard
images/synthetic/syn_v2_2026091401_05402.jpg;test;type1;medium;type1/medium
images/synthetic/syn_v2_2026091401_05403.jpg;train;type1a;medium;type1a/medium
images/synthetic/syn_v2_2026091401_05404.jpg;train;type1a;easy;type1a/easy
images/synthetic/syn_v2_2026091401_05405.jpg;train;type1a;medium;type1a/medium
images/synthetic/syn_v2_2026091401_05406.jpg;train;type1b;hard;type1b/hard
images/synthetic/syn_v2_2026091401_05407.jpg;train;type1b;hard;type1b/hard
images/synthetic/syn_v2_2026091401_05408.jpg;val;type1a;easy;type1a/easy
images/synthetic/syn_v2_2026091401_05409.jpg;val;type1b;hard;type1b/hard
images/synthetic/syn_v2_2026091401_05410.jpg;train;type1b;medium;type1b/medium
images/synthetic/syn_v2_2026091401_05411.jpg;val;type1;hard;type1/hard
images/synthetic/syn_v2_2026091401_05412.jpg;train;type1a;hard;type1a/hard
images/synthetic/syn_v2_2026091401_05413.jpg;train;type1b;easy;type1b/easy
images/synthetic/syn_v2_2026091401_05414.jpg;train;type1;medium;type1/medium
images/synthetic/syn_v2_2026091401_05415.jpg;train;type1;medium;type1/medium
images/synthetic/syn_v2_2026091401_05416.jpg;train;type1b;medium;type1b/medium
images/synthetic/syn_v2_2026091401_05417.jpg;train;type1b;easy;type1b/easy
images/synthetic/syn_v2_2026091401_05418.jpg;train;type1b;easy;type1b/easy
images/synthetic/syn_v2_2026091401_05419.jpg;train;type1a;hard;type1a/hard
images/synthetic/syn_v2_2026091401_05420.jpg;train;type1;medium;type1/medium
images/synthetic/syn_v2_2026091401_05421.jpg;train;type1;easy;type1/easy
images/synthetic/syn_v2_2026091401_05422.jpg;train;type1;medium;type1/medium
images/synthetic/syn_v2_2026091401_05423.jpg;train;type1a;medium;type1a/medium
images/synthetic/syn_v2_2026091401_05424.jpg;train;type1;easy;type1/easy
images/synthetic/syn_v2_2026091401_05425.jpg;train;type1b;easy;type1b/easy
images/synthetic/syn_v2_2026091401_05426.jpg;test;type1a;medium;type1a/medium
images/synthetic/syn_v2_2026091401_05427.jpg;train;type1;easy;type1/easy
images/synthetic/syn_v2_2026091401_05428.jpg;train;type1b;hard;type1b/hard
images/synthetic/syn_v2_2026091401_05429.jpg;train;type1a;hard;type1a/hard
images/synthetic/syn_v2_2026091401_05430.jpg;train;type1b;medium;type1b/medium
images/synthetic/syn_v2_2026091401_05431.jpg;train;type1;easy;type1/easy
images/synthetic/syn_v2_2026091401_05432.jpg;train;type1;easy;type1/easy
images/synthetic/syn_v2_2026091401_05433.jpg;train;type1a;easy;type1a/easy
images/synthetic/syn_v2_2026091401_05434.jpg;train;type1a;medium;type1a/medium
images/synthetic/syn_v2_2026091401_05435.jpg;train;type1a;hard;type1a/hard
images/synthetic/syn_v2_2026091401_05436.jpg;train;type1b;easy;type1b/easy
images/synthetic/syn_v2_2026091401_05437.jpg;val;type1;hard;type1/hard
images/synthetic/syn_v2_2026091401_05438.jpg;train;type1a;hard;type1a/hard
images/synthetic/syn_v2_2026091401_05439.jpg;train;type1a;medium;type1a/medium
images/synthetic/syn_v2_2026091401_05440.jpg;train;type1b;hard;type1b/hard
images/synthetic/syn_v2_2026091401_05441.jpg;train;type1b;medium;type1b/medium
images/synthetic/syn_v2_2026091401_05442.jpg;train;type1a;medium;type1a/medium
images/synthetic/syn_v2_2026091401_05443.jpg;train;type1b;medium;type1b/medium
images/synthetic/syn_v2_2026091401_05444.jpg;train;type1b;medium;type1b/medium
images/synthetic/syn_v2_2026091401_05445.jpg;train;type1b;medium;type1b/medium
images/synthetic/syn_v2_2026091401_05446.jpg;train;type1a;hard;type1a/hard
images/synthetic/syn_v2_2026091401_05447.jpg;val;type1b;easy;type1b/easy
images/synthetic/syn_v2_2026091401_05448.jpg;val;type1a;easy;type1a/easy
images/synthetic/syn_v2_2026091401_05449.jpg;test;type1;medium;type1/medium
images/synthetic/syn_v2_2026091401_05450.jpg;test;type1a;easy;type1a/easy
images/synthetic/syn_v2_2026091401_05451.jpg;train;type1a;medium;type1a/medium
images/synthetic/syn_v2_2026091401_05452.jpg;train;type1a;hard;type1a/hard
images/synthetic/syn_v2_2026091401_05453.jpg;train;type1b;medium;type1b/medium
images/synthetic/syn_v2_2026091401_05454.jpg;train;type1a;easy;type1a/easy
images/synthetic/syn_v2_2026091401_05455.jpg;train;type1b;easy;type1b/easy
images/synthetic/syn_v2_2026091401_05456.jpg;val;type1b;medium;type1b/medium
images/synthetic/syn_v2_2026091401_05457.jpg;train;type1;medium;type1/medium
images/synthetic/syn_v2_2026091401_05458.jpg;train;type1b;medium;type1b/medium
images/synthetic/syn_v2_2026091401_05459.jpg;val;type1b;medium;type1b/medium
images/synthetic/syn_v2_2026091401_05460.jpg;train;type1;medium;type1/medium
images/synthetic/syn_v2_2026091401_05461.jpg;train;type1;easy;type1/easy
images/synthetic/syn_v2_2026091401_05462.jpg;train;type1b;hard;type1b/hard
images/synthetic/syn_v2_2026091401_05463.jpg;train;type1a;hard;type1a/hard
images/synthetic/syn_v2_2026091401_05464.jpg;train;type1;easy;type1/easy
images/synthetic/syn_v2_2026091401_05465.jpg;val;type1a;easy;type1a/easy
images/synthetic/syn_v2_2026091401_05466.jpg;train;type1a;easy;type1a/easy
images/synthetic/syn_v2_2026091401_05467.jpg;train;type1;easy;type1/easy
images/synthetic/syn_v2_2026091401_05468.jpg;val;type1b;easy;type1b/easy
images/synthetic/syn_v2_2026091401_05469.jpg;train;type1b;hard;type1b/hard
images/synthetic/syn_v2_2026091401_05470.jpg;train;type1a;easy;type1a/easy
images/synthetic/syn_v2_2026091401_05471.jpg;train;type1b;hard;type1b/hard
images/synthetic/syn_v2_2026091401_05472.jpg;val;type1;medium;type1/medium
images/synthetic/syn_v2_2026091401_05473.jpg;train;type1;medium;type1/medium
images/synthetic/syn_v2_2026091401_05474.jpg;train;type1b;medium;type1b/medium
images/synthetic/syn_v2_2026091401_05475.jpg;train;type1;easy;type1/easy
images/synthetic/syn_v2_2026091401_05476.jpg;test;type1b;medium;type1b/medium
images/synthetic/syn_v2_2026091401_05477.jpg;train;type1;easy;type1/easy
images/synthetic/syn_v2_2026091401_05478.jpg;train;type1a;medium;type1a/medium
images/synthetic/syn_v2_2026091401_05479.jpg;train;type1b;easy;type1b/easy
images/synthetic/syn_v2_2026091401_05480.jpg;test;type1;medium;type1/medium
images/synthetic/syn_v2_2026091401_05481.jpg;train;type1b;medium;type1b/medium
images/synthetic/syn_v2_2026091401_05482.jpg;train;type1b;medium;type1b/medium
images/synthetic/syn_v2_2026091401_05483.jpg;test;type1b;medium;type1b/medium
images/synthetic/syn_v2_2026091401_05484.jpg;train;type1b;easy;type1b/easy
images/synthetic/syn_v2_2026091401_05485.jpg;train;type1b;easy;type1b/easy
images/synthetic/syn_v2_2026091401_05486.jpg;train;type1;medium;type1/medium
images/synthetic/syn_v2_2026091401_05487.jpg;train;type1b;medium;type1b/medium
images/synthetic/syn_v2_2026091401_05488.jpg;train;type1a;hard;type1a/hard
images/synthetic/syn_v2_2026091401_05489.jpg;train;type1a;hard;type1a/hard
images/synthetic/syn_v2_2026091401_05490.jpg;train;type1b;medium;type1b/medium
images/synthetic/syn_v2_2026091401_05491.jpg;train;type1a;hard;type1a/hard
images/synthetic/syn_v2_2026091401_05492.jpg;train;type1b;medium;type1b/medium
images/synthetic/syn_v2_2026091401_05493.jpg;train;type1b;easy;type1b/easy
images/synthetic/syn_v2_2026091401_05494.jpg;train;type1a;easy;type1a/easy
images/synthetic/syn_v2_2026091401_05495.jpg;train;type1;medium;type1/medium
images/synthetic/syn_v2_2026091401_05496.jpg;train;type1a;medium;type1a/medium
images/synthetic/syn_v2_2026091401_05497.jpg;train;type1b;easy;type1b/easy
images/synthetic/syn_v2_2026091401_05498.jpg;train;type1;hard;type1/hard
images/synthetic/syn_v2_2026091401_05499.jpg;train;type1a;medium;type1a/medium
images/synthetic/syn_v2_2026091401_05500.jpg;train;type1a;hard;type1a/hard
images/synthetic/syn_v2_2026091401_05501.jpg;train;type1b;easy;type1b/easy
images/synthetic/syn_v2_2026091401_05502.jpg;train;type1b;medium;type1b/medium
images/synthetic/syn_v2_2026091401_05503.jpg;train;type1b;easy;type1b/easy
images/synthetic/syn_v2_2026091401_05504.jpg;train;type1b;medium;type1b/medium
images/synthetic/syn_v2_2026091401_05505.jpg;train;type1b;medium;type1b/medium
images/synthetic/syn_v2_2026091401_05506.jpg;train;type1a;easy;type1a/easy
images/synthetic/syn_v2_2026091401_05507.jpg;train;type1;medium;type1/medium
images/synthetic/syn_v2_2026091401_05508.jpg;train;type1;easy;type1/easy
images/synthetic/syn_v2_2026091401_05509.jpg;train;type1b;easy;type1b/easy
images/synthetic/syn_v2_2026091401_05510.jpg;test;type1a;medium;type1a/medium
images/synthetic/syn_v2_2026091401_05511.jpg;train;type1b;medium;type1b/medium
images/synthetic/syn_v2_2026091401_05512.jpg;train;type1b;easy;type1b/easy
images/synthetic/syn_v2_2026091401_05513.jpg;val;type1b;easy;type1b/easy
images/synthetic/syn_v2_2026091401_05514.jpg;train;type1a;easy;type1a/easy
images/synthetic/syn_v2_2026091401_05515.jpg;train;type1a;easy;type1a/easy
images/synthetic/syn_v2_2026091401_05516.jpg;train;type1b;medium;type1b/medium
images/synthetic/syn_v2_2026091401_05517.jpg;val;type1b;easy;type1b/easy
images/synthetic/syn_v2_2026091401_05518.jpg;train;type1b;medium;type1b/medium
images/synthetic/syn_v2_2026091401_05519.jpg;train;type1b;medium;type1b/medium
images/synthetic/syn_v2_2026091401_05520.jpg;test;type1a;easy;type1a/easy
images/synthetic/syn_v2_2026091401_05521.jpg;train;type1b;medium;type1b/medium
images/synthetic/syn_v2_2026091401_05522.jpg;train;type1;medium;type1/medium
images/synthetic/syn_v2_2026091401_05523.jpg;train;type1b;hard;type1b/hard
images/synthetic/syn_v2_2026091401_05524.jpg;train;type1a;medium;type1a/medium
images/synthetic/syn_v2_2026091401_05525.jpg;train;type1b;easy;type1b/easy
images/synthetic/syn_v2_2026091401_05526.jpg;train;type1b;easy;type1b/easy
images/synthetic/syn_v2_2026091401_05527.jpg;train;type1b;easy;type1b/easy
images/synthetic/syn_v2_2026091401_05528.jpg;train;type1a;hard;type1a/hard
images/synthetic/syn_v2_2026091401_05529.jpg;train;type1b;easy;type1b/easy
images/synthetic/syn_v2_2026091401_05530.jpg;train;type1;easy;type1/easy
images/synthetic/syn_v2_2026091401_05531.jpg;train;type1;medium;type1/medium
images/synthetic/syn_v2_2026091401_05532.jpg;train;type1b;hard;type1b/hard
images/synthetic/syn_v2_2026091401_05533.jpg;train;type1b;medium;type1b/medium
images/synthetic/syn_v2_2026091401_05534.jpg;train;type1b;medium;type1b/medium
images/synthetic/syn_v2_2026091401_05535.jpg;train;type1b;easy;type1b/easy
images/synthetic/syn_v2_2026091401_05536.jpg;train;type1b;hard;type1b/hard
images/synthetic/syn_v2_2026091401_05537.jpg;train;type1a;medium;type1a/medium
images/synthetic/syn_v2_2026091401_05538.jpg;train;type1;medium;type1/medium
images/synthetic/syn_v2_2026091401_05539.jpg;test;type1a;medium;type1a/medium
images/synthetic/syn_v2_2026091401_05540.jpg;train;type1;easy;type1/easy
images/synthetic/syn_v2_2026091401_05541.jpg;train;type1a;easy;type1a/easy
images/synthetic/syn_v2_2026091401_05542.jpg;train;type1b;medium;type1b/medium
images/synthetic/syn_v2_2026091401_05543.jpg;train;type1;easy;type1/easy
images/synthetic/syn_v2_2026091401_05544.jpg;train;type1b;medium;type1b/medium
images/synthetic/syn_v2_2026091401_05545.jpg;train;type1b;hard;type1b/hard
images/synthetic/syn_v2_2026091401_05546.jpg;val;type1a;medium;type1a/medium
images/synthetic/syn_v2_2026091401_05547.jpg;train;type1;medium;type1/medium
images/synthetic/syn_v2_2026091401_05548.jpg;test;type1;medium;type1/medium
images/synthetic/syn_v2_2026091401_05549.jpg;train;type1;easy;type1/easy
images/synthetic/syn_v2_2026091401_05550.jpg;train;type1;easy;type1/easy
images/synthetic/syn_v2_2026091401_05551.jpg;train;type1b;medium;type1b/medium
images/synthetic/syn_v2_2026091401_05552.jpg;train;type1a;easy;type1a/easy
images/synthetic/syn_v2_2026091401_05553.jpg;train;type1;medium;type1/medium
images/synthetic/syn_v2_2026091401_05554.jpg;train;type1b;medium;type1b/medium
images/synthetic/syn_v2_2026091401_05555.jpg;train;type1b;hard;type1b/hard
images/synthetic/syn_v2_2026091401_05556.jpg;train;type1;medium;type1/medium
images/synthetic/syn_v2_2026091401_05557.jpg;train;type1b;easy;type1b/easy
images/synthetic/syn_v2_2026091401_05558.jpg;train;type1b;hard;type1b/hard
images/synthetic/syn_v2_2026091401_05559.jpg;val;type1b;easy;type1b/easy
images/synthetic/syn_v2_2026091401_05560.jpg;train;type1b;hard;type1b/hard
images/synthetic/syn_v2_2026091401_05561.jpg;train;type1b;medium;type1b/medium
images/synthetic/syn_v2_2026091401_05562.jpg;test;type1a;medium;type1a/medium
images/synthetic/syn_v2_2026091401_05563.jpg;train;type1a;medium;type1a/medium
images/synthetic/syn_v2_2026091401_05564.jpg;train;type1b;medium;type1b/medium
images/synthetic/syn_v2_2026091401_05565.jpg;train;type1a;medium;type1a/medium
images/synthetic/syn_v2_2026091401_05566.jpg;train;type1;medium;type1/medium
images/synthetic/syn_v2_2026091401_05567.jpg;train;type1a;medium;type1a/medium
images/synthetic/syn_v2_2026091401_05568.jpg;train;type1a;easy;type1a/easy
images/synthetic/syn_v2_2026091401_05569.jpg;train;type1a;easy;type1a/easy
images/synthetic/syn_v2_2026091401_05570.jpg;train;type1;hard;type1/hard
images/synthetic/syn_v2_2026091401_05571.jpg;train;type1b;medium;type1b/medium
images/synthetic/syn_v2_2026091401_05572.jpg;train;type1b;easy;type1b/easy
images/synthetic/syn_v2_2026091401_05573.jpg;train;type1b;medium;type1b/medium
images/synthetic/syn_v2_2026091401_05574.jpg;train;type1;easy;type1/easy
images/synthetic/syn_v2_2026091401_05575.jpg;train;type1;easy;type1/easy
images/synthetic/syn_v2_2026091401_05576.jpg;train;type1;medium;type1/medium
images/synthetic/syn_v2_2026091401_05577.jpg;train;type1b;medium;type1b/medium
images/synthetic/syn_v2_2026091401_05578.jpg;train;type1;easy;type1/easy
images/synthetic/syn_v2_2026091401_05579.jpg;train;type1;medium;type1/medium
images/synthetic/syn_v2_2026091401_05580.jpg;train;type1;easy;type1/easy
images/synthetic/syn_v2_2026091401_05581.jpg;train;type1b;medium;type1b/medium
images/synthetic/syn_v2_2026091401_05582.jpg;train;type1a;medium;type1a/medium
images/synthetic/syn_v2_2026091401_05583.jpg;train;type1a;medium;type1a/medium
images/synthetic/syn_v2_2026091401_05584.jpg;train;type1a;easy;type1a/easy
images/synthetic/syn_v2_2026091401_05585.jpg;train;type1b;medium;type1b/medium
images/synthetic/syn_v2_2026091401_05586.jpg;val;type1b;hard;type1b/hard
images/synthetic/syn_v2_2026091401_05587.jpg;train;type1b;easy;type1b/easy
images/synthetic/syn_v2_2026091401_05588.jpg;train;type1b;hard;type1b/hard
images/synthetic/syn_v2_2026091401_05589.jpg;train;type1b;medium;type1b/medium
images/synthetic/syn_v2_2026091401_05590.jpg;train;type1b;medium;type1b/medium
images/synthetic/syn_v2_2026091401_05591.jpg;train;type1b;medium;type1b/medium
images/synthetic/syn_v2_2026091401_05592.jpg;train;type1a;easy;type1a/easy
images/synthetic/syn_v2_2026091401_05593.jpg;train;type1;hard;type1/hard
images/synthetic/syn_v2_2026091401_05594.jpg;train;type1a;easy;type1a/easy
images/synthetic/syn_v2_2026091401_05595.jpg;val;type1b;easy;type1b/easy
images/synthetic/syn_v2_2026091401_05596.jpg;train;type1a;medium;type1a/medium
images/synthetic/syn_v2_2026091401_05597.jpg;val;type1b;medium;type1b/medium
images/synthetic/syn_v2_2026091401_05598.jpg;train;type1;easy;type1/easy
images/synthetic/syn_v2_2026091401_05599.jpg;train;type1;medium;type1/medium
images/synthetic/syn_v2_2026091401_05600.jpg;train;type1;medium;type1/medium
images/synthetic/syn_v2_2026091401_05601.jpg;train;type1a;medium;type1a/medium
images/synthetic/syn_v2_2026091401_05602.jpg;train;type1b;easy;type1b/easy
images/synthetic/syn_v2_2026091401_05603.jpg;train;type1;medium;type1/medium
images/synthetic/syn_v2_2026091401_05604.jpg;train;type1b;medium;type1b/medium
images/synthetic/syn_v2_2026091401_05605.jpg;val;type1;medium;type1/medium
images/synthetic/syn_v2_2026091401_05606.jpg;train;type1a;hard;type1a/hard
images/synthetic/syn_v2_2026091401_05607.jpg;train;type1a;hard;type1a/hard
images/synthetic/syn_v2_2026091401_05608.jpg;train;type1b;hard;type1b/hard
images/synthetic/syn_v2_2026091401_05609.jpg;train;type1;hard;type1/hard
images/synthetic/syn_v2_2026091401_05610.jpg;train;type1b;medium;type1b/medium
images/synthetic/syn_v2_2026091401_05611.jpg;train;type1a;medium;type1a/medium
images/synthetic/syn_v2_2026091401_05612.jpg;train;type1b;medium;type1b/medium
images/synthetic/syn_v2_2026091401_05613.jpg;train;type1;hard;type1/hard
images/synthetic/syn_v2_2026091401_05614.jpg;train;type1b;medium;type1b/medium
images/synthetic/syn_v2_2026091401_05615.jpg;test;type1b;easy;type1b/easy
images/synthetic/syn_v2_2026091401_05616.jpg;train;type1a;easy;type1a/easy
images/synthetic/syn_v2_2026091401_05617.jpg;train;type1a;easy;type1a/easy
images/synthetic/syn_v2_2026091401_05618.jpg;train;type1a;medium;type1a/medium
images/synthetic/syn_v2_2026091401_05619.jpg;train;type1b;medium;type1b/medium
images/synthetic/syn_v2_2026091401_05620.jpg;train;type1b;easy;type1b/easy
images/synthetic/syn_v2_2026091401_05621.jpg;train;type1b;easy;type1b/easy
images/synthetic/syn_v2_2026091401_05622.jpg;train;type1b;hard;type1b/hard
images/synthetic/syn_v2_2026091401_05623.jpg;val;type1b;easy;type1b/easy
images/synthetic/syn_v2_2026091401_05624.jpg;train;type1;medium;type1/medium
images/synthetic/syn_v2_2026091401_05625.jpg;train;type1b;medium;type1b/medium
images/synthetic/syn_v2_2026091401_05626.jpg;train;type1;easy;type1/easy
images/synthetic/syn_v2_2026091401_05627.jpg;train;type1a;easy;type1a/easy
images/synthetic/syn_v2_2026091401_05628.jpg;train;type1b;medium;type1b/medium
images/synthetic/syn_v2_2026091401_05629.jpg;train;type1;medium;type1/medium
images/synthetic/syn_v2_2026091401_05630.jpg;train;type1;hard;type1/hard
images/synthetic/syn_v2_2026091401_05631.jpg;train;type1a;easy;type1a/easy
images/synthetic/syn_v2_2026091401_05632.jpg;train;type1b;medium;type1b/medium
images/synthetic/syn_v2_2026091401_05633.jpg;train;type1b;easy;type1b/easy
images/synthetic/syn_v2_2026091401_05634.jpg;train;type1a;medium;type1a/medium
images/synthetic/syn_v2_2026091401_05635.jpg;train;type1b;easy;type1b/easy
images/synthetic/syn_v2_2026091401_05636.jpg;train;type1b;easy;type1b/easy
images/synthetic/syn_v2_2026091401_05637.jpg;train;type1;easy;type1/easy
images/synthetic/syn_v2_2026091401_05638.jpg;train;type1b;easy;type1b/easy
images/synthetic/syn_v2_2026091401_05639.jpg;train;type1;easy;type1/easy
images/synthetic/syn_v2_2026091401_05640.jpg;train;type1;medium;type1/medium
images/synthetic/syn_v2_2026091401_05641.jpg;train;type1;easy;type1/easy
images/synthetic/syn_v2_2026091401_05642.jpg;train;type1a;easy;type1a/easy
images/synthetic/syn_v2_2026091401_05643.jpg;val;type1;medium;type1/medium
images/synthetic/syn_v2_2026091401_05644.jpg;val;type1;medium;type1/medium
images/synthetic/syn_v2_2026091401_05645.jpg;train;type1b;hard;type1b/hard
images/synthetic/syn_v2_2026091401_05646.jpg;train;type1;hard;type1/hard
images/synthetic/syn_v2_2026091401_05647.jpg;train;type1a;medium;type1a/medium
images/synthetic/syn_v2_2026091401_05648.jpg;train;type1a;easy;type1a/easy
images/synthetic/syn_v2_2026091401_05649.jpg;test;type1a;medium;type1a/medium
images/synthetic/syn_v2_2026091401_05650.jpg;train;type1;hard;type1/hard
images/synthetic/syn_v2_2026091401_05651.jpg;train;type1a;easy;type1a/easy
images/synthetic/syn_v2_2026091401_05652.jpg;train;type1a;medium;type1a/medium
images/synthetic/syn_v2_2026091401_05653.jpg;train;type1b;easy;type1b/easy
images/synthetic/syn_v2_2026091401_05654.jpg;train;type1;medium;type1/medium
images/synthetic/syn_v2_2026091401_05655.jpg;train;type1b;easy;type1b/easy
images/synthetic/syn_v2_2026091401_05656.jpg;train;type1a;medium;type1a/medium
images/synthetic/syn_v2_2026091401_05657.jpg;train;type1a;easy;type1a/easy
images/synthetic/syn_v2_2026091401_05658.jpg;train;type1b;medium;type1b/medium
images/synthetic/syn_v2_2026091401_05659.jpg;train;type1a;medium;type1a/medium
images/synthetic/syn_v2_2026091401_05660.jpg;train;type1a;easy;type1a/easy
images/synthetic/syn_v2_2026091401_05661.jpg;train;type1b;medium;type1b/medium
images/synthetic/syn_v2_2026091401_05662.jpg;train;type1;medium;type1/medium
images/synthetic/syn_v2_2026091401_05663.jpg;val;type1;medium;type1/medium
images/synthetic/syn_v2_2026091401_05664.jpg;train;type1;easy;type1/easy
images/synthetic/syn_v2_2026091401_05665.jpg;train;type1a;easy;type1a/easy
images/synthetic/syn_v2_2026091401_05666.jpg;train;type1b;hard;type1b/hard
images/synthetic/syn_v2_2026091401_05667.jpg;train;type1a;hard;type1a/hard
images/synthetic/syn_v2_2026091401_05668.jpg;train;type1b;hard;type1b/hard
images/synthetic/syn_v2_2026091401_05669.jpg;train;type1b;medium;type1b/medium
images/synthetic/syn_v2_2026091401_05670.jpg;train;type1b;medium;type1b/medium
images/synthetic/syn_v2_2026091401_05671.jpg;val;type1a;medium;type1a/medium
images/synthetic/syn_v2_2026091401_05672.jpg;train;type1a;medium;type1a/medium
images/synthetic/syn_v2_2026091401_05673.jpg;train;type1a;easy;type1a/easy
images/synthetic/syn_v2_2026091401_05674.jpg;train;type1b;easy;type1b/easy
images/synthetic/syn_v2_2026091401_05675.jpg;train;type1b;hard;type1b/hard
images/synthetic/syn_v2_2026091401_05676.jpg;train;type1b;easy;type1b/easy
images/synthetic/syn_v2_2026091401_05677.jpg;train;type1a;medium;type1a/medium
images/synthetic/syn_v2_2026091401_05678.jpg;train;type1a;medium;type1a/medium
images/synthetic/syn_v2_2026091401_05679.jpg;train;type1a;hard;type1a/hard
images/synthetic/syn_v2_2026091401_05680.jpg;train;type1a;easy;type1a/easy
images/synthetic/syn_v2_2026091401_05681.jpg;train;type1b;medium;type1b/medium
images/synthetic/syn_v2_2026091401_05682.jpg;train;type1b;easy;type1b/easy
images/synthetic/syn_v2_2026091401_05683.jpg;train;type1a;easy;type1a/easy
images/synthetic/syn_v2_2026091401_05684.jpg;train;type1b;easy;type1b/easy
images/synthetic/syn_v2_2026091401_05685.jpg;train;type1b;medium;type1b/medium
images/synthetic/syn_v2_2026091401_05686.jpg;train;type1b;medium;type1b/medium
images/synthetic/syn_v2_2026091401_05687.jpg;train;type1;medium;type1/medium
images/synthetic/syn_v2_2026091401_05688.jpg;train;type1;medium;type1/medium
images/synthetic/syn_v2_2026091401_05689.jpg;train;type1b;medium;type1b/medium
images/synthetic/syn_v2_2026091401_05690.jpg;train;type1b;easy;type1b/easy
images/synthetic/syn_v2_2026091401_05691.jpg;val;type1;medium;type1/medium
images/synthetic/syn_v2_2026091401_05692.jpg;train;type1b;medium;type1b/medium
images/synthetic/syn_v2_2026091401_05693.jpg;train;type1a;hard;type1a/hard
images/synthetic/syn_v2_2026091401_05694.jpg;train;type1;easy;type1/easy
images/synthetic/syn_v2_2026091401_05695.jpg;train;type1;easy;type1/easy
images/synthetic/syn_v2_2026091401_05696.jpg;train;type1b;hard;type1b/hard
images/synthetic/syn_v2_2026091401_05697.jpg;train;type1b;medium;type1b/medium
images/synthetic/syn_v2_2026091401_05698.jpg;train;type1b;medium;type1b/medium
images/synthetic/syn_v2_2026091401_05699.jpg;train;type1b;medium;type1b/medium
images/synthetic/syn_v2_2026091401_05700.jpg;train;type1b;medium;type1b/medium
images/synthetic/syn_v2_2026091401_05701.jpg;train;type1b;medium;type1b/medium
images/synthetic/syn_v2_2026091401_05702.jpg;train;type1;medium;type1/medium
images/synthetic/syn_v2_2026091401_05703.jpg;test;type1a;medium;type1a/medium
images/synthetic/syn_v2_2026091401_05704.jpg;train;type1a;easy;type1a/easy
images/synthetic/syn_v2_2026091401_05705.jpg;train;type1b;hard;type1b/hard
images/synthetic/syn_v2_2026091401_05706.jpg;train;type1a;medium;type1a/medium
images/synthetic/syn_v2_2026091401_05707.jpg;train;type1b;medium;type1b/medium
images/synthetic/syn_v2_2026091401_05708.jpg;train;type1a;medium;type1a/medium
images/synthetic/syn_v2_2026091401_05709.jpg;train;type1a;easy;type1a/easy
images/synthetic/syn_v2_2026091401_05710.jpg;train;type1b;medium;type1b/medium
images/synthetic/syn_v2_2026091401_05711.jpg;train;type1b;easy;type1b/easy
images/synthetic/syn_v2_2026091401_05712.jpg;train;type1a;hard;type1a/hard
images/synthetic/syn_v2_2026091401_05713.jpg;train;type1;easy;type1/easy
images/synthetic/syn_v2_2026091401_05714.jpg;train;type1;easy;type1/easy
images/synthetic/syn_v2_2026091401_05715.jpg;train;type1;easy;type1/easy
images/synthetic/syn_v2_2026091401_05716.jpg;train;type1a;easy;type1a/easy
images/synthetic/syn_v2_2026091401_05717.jpg;train;type1a;medium;type1a/medium
images/synthetic/syn_v2_2026091401_05718.jpg;test;type1b;hard;type1b/hard
images/synthetic/syn_v2_2026091401_05719.jpg;test;type1b;hard;type1b/hard
images/synthetic/syn_v2_2026091401_05720.jpg;train;type1b;medium;type1b/medium
images/synthetic/syn_v2_2026091401_05721.jpg;test;type1;medium;type1/medium
images/synthetic/syn_v2_2026091401_05722.jpg;train;type1a;easy;type1a/easy
images/synthetic/syn_v2_2026091401_05723.jpg;train;type1a;easy;type1a/easy
images/synthetic/syn_v2_2026091401_05724.jpg;train;type1b;medium;type1b/medium
images/synthetic/syn_v2_2026091401_05725.jpg;train;type1b;easy;type1b/easy
images/synthetic/syn_v2_2026091401_05726.jpg;train;type1a;medium;type1a/medium
images/synthetic/syn_v2_2026091401_05727.jpg;train;type1b;medium;type1b/medium
images/synthetic/syn_v2_2026091401_05728.jpg;train;type1a;medium;type1a/medium
images/synthetic/syn_v2_2026091401_05729.jpg;train;type1;medium;type1/medium
images/synthetic/syn_v2_2026091401_05730.jpg;train;type1b;medium;type1b/medium
images/synthetic/syn_v2_2026091401_05731.jpg;train;type1a;hard;type1a/hard
images/synthetic/syn_v2_2026091401_05732.jpg;train;type1b;medium;type1b/medium
images/synthetic/syn_v2_2026091401_05733.jpg;train;type1;easy;type1/easy
images/synthetic/syn_v2_2026091401_05734.jpg;test;type1b;medium;type1b/medium
images/synthetic/syn_v2_2026091401_05735.jpg;train;type1a;easy;type1a/easy
images/synthetic/syn_v2_2026091401_05736.jpg;train;type1b;easy;type1b/easy
images/synthetic/syn_v2_2026091401_05737.jpg;train;type1a;hard;type1a/hard
images/synthetic/syn_v2_2026091401_05738.jpg;train;type1b;medium;type1b/medium
images/synthetic/syn_v2_2026091401_05739.jpg;train;type1b;hard;type1b/hard
images/synthetic/syn_v2_2026091401_05740.jpg;train;type1a;medium;type1a/medium
images/synthetic/syn_v2_2026091401_05741.jpg;val;type1b;easy;type1b/easy
images/synthetic/syn_v2_2026091401_05742.jpg;train;type1;medium;type1/medium
images/synthetic/syn_v2_2026091401_05743.jpg;train;type1;medium;type1/medium
images/synthetic/syn_v2_2026091401_05744.jpg;train;type1a;medium;type1a/medium
images/synthetic/syn_v2_2026091401_05745.jpg;train;type1a;medium;type1a/medium
images/synthetic/syn_v2_2026091401_05746.jpg;train;type1b;easy;type1b/easy
images/synthetic/syn_v2_2026091401_05747.jpg;train;type1;hard;type1/hard
images/synthetic/syn_v2_2026091401_05748.jpg;val;type1a;hard;type1a/hard
images/synthetic/syn_v2_2026091401_05749.jpg;val;type1;medium;type1/medium
images/synthetic/syn_v2_2026091401_05750.jpg;val;type1a;easy;type1a/easy
images/synthetic/syn_v2_2026091401_05751.jpg;train;type1a;medium;type1a/medium
images/synthetic/syn_v2_2026091401_05752.jpg;train;type1b;medium;type1b/medium
images/synthetic/syn_v2_2026091401_05753.jpg;train;type1a;easy;type1a/easy
images/synthetic/syn_v2_2026091401_05754.jpg;train;type1;easy;type1/easy
images/synthetic/syn_v2_2026091401_05755.jpg;train;type1b;medium;type1b/medium
images/synthetic/syn_v2_2026091401_05756.jpg;val;type1b;easy;type1b/easy
images/synthetic/syn_v2_2026091401_05757.jpg;val;type1;easy;type1/easy
images/synthetic/syn_v2_2026091401_05758.jpg;val;type1a;medium;type1a/medium
images/synthetic/syn_v2_2026091401_05759.jpg;train;type1;hard;type1/hard
images/synthetic/syn_v2_2026091401_05760.jpg;train;type1;medium;type1/medium
images/synthetic/syn_v2_2026091401_05761.jpg;train;type1;medium;type1/medium
images/synthetic/syn_v2_2026091401_05762.jpg;train;type1a;easy;type1a/easy
images/synthetic/syn_v2_2026091401_05763.jpg;train;type1;easy;type1/easy
images/synthetic/syn_v2_2026091401_05764.jpg;train;type1a;hard;type1a/hard
images/synthetic/syn_v2_2026091401_05765.jpg;train;type1b;medium;type1b/medium
images/synthetic/syn_v2_2026091401_05766.jpg;train;type1b;hard;type1b/hard
images/synthetic/syn_v2_2026091401_05767.jpg;val;type1b;medium;type1b/medium
images/synthetic/syn_v2_2026091401_05768.jpg;train;type1a;easy;type1a/easy
images/synthetic/syn_v2_2026091401_05769.jpg;val;type1b;medium;type1b/medium
images/synthetic/syn_v2_2026091401_05770.jpg;train;type1a;medium;type1a/medium
images/synthetic/syn_v2_2026091401_05771.jpg;train;type1b;hard;type1b/hard
images/synthetic/syn_v2_2026091401_05772.jpg;train;type1a;medium;type1a/medium
images/synthetic/syn_v2_2026091401_05773.jpg;val;type1a;medium;type1a/medium
images/synthetic/syn_v2_2026091401_05774.jpg;train;type1a;easy;type1a/easy
images/synthetic/syn_v2_2026091401_05775.jpg;train;type1b;easy;type1b/easy
images/synthetic/syn_v2_2026091401_05776.jpg;val;type1a;easy;type1a/easy
images/synthetic/syn_v2_2026091401_05777.jpg;train;type1a;hard;type1a/hard
images/synthetic/syn_v2_2026091401_05778.jpg;train;type1;medium;type1/medium
images/synthetic/syn_v2_2026091401_05779.jpg;train;type1a;hard;type1a/hard
images/synthetic/syn_v2_2026091401_05780.jpg;train;type1a;easy;type1a/easy
images/synthetic/syn_v2_2026091401_05781.jpg;train;type1a;medium;type1a/medium
images/synthetic/syn_v2_2026091401_05782.jpg;train;type1b;medium;type1b/medium
images/synthetic/syn_v2_2026091401_05783.jpg;train;type1b;medium;type1b/medium
images/synthetic/syn_v2_2026091401_05784.jpg;train;type1;medium;type1/medium
images/synthetic/syn_v2_2026091401_05785.jpg;train;type1b;medium;type1b/medium
images/synthetic/syn_v2_2026091401_05786.jpg;train;type1a;medium;type1a/medium
images/synthetic/syn_v2_2026091401_05787.jpg;train;type1a;easy;type1a/easy
images/synthetic/syn_v2_2026091401_05788.jpg;train;type1b;easy;type1b/easy
images/synthetic/syn_v2_2026091401_05789.jpg;train;type1b;easy;type1b/easy
images/synthetic/syn_v2_2026091401_05790.jpg;train;type1a;easy;type1a/easy
images/synthetic/syn_v2_2026091401_05791.jpg;train;type1b;easy;type1b/easy
images/synthetic/syn_v2_2026091401_05792.jpg;train;type1b;easy;type1b/easy
images/synthetic/syn_v2_2026091401_05793.jpg;train;type1b;medium;type1b/medium
images/synthetic/syn_v2_2026091401_05794.jpg;val;type1;medium;type1/medium
images/synthetic/syn_v2_2026091401_05795.jpg;train;type1b;medium;type1b/medium
images/synthetic/syn_v2_2026091401_05796.jpg;train;type1b;medium;type1b/medium
images/synthetic/syn_v2_2026091401_05797.jpg;train;type1a;medium;type1a/medium
images/synthetic/syn_v2_2026091401_05798.jpg;train;type1a;medium;type1a/medium
images/synthetic/syn_v2_2026091401_05799.jpg;train;type1a;medium;type1a/medium
images/synthetic/syn_v2_2026091401_05800.jpg;train;type1b;medium;type1b/medium
images/synthetic/syn_v2_2026091401_05801.jpg;train;type1;easy;type1/easy
images/synthetic/syn_v2_2026091401_05802.jpg;train;type1;easy;type1/easy
images/synthetic/syn_v2_2026091401_05803.jpg;train;type1b;hard;type1b/hard
images/synthetic/syn_v2_2026091401_05804.jpg;train;type1a;hard;type1a/hard
images/synthetic/syn_v2_2026091401_05805.jpg;train;type1b;easy;type1b/easy
images/synthetic/syn_v2_2026091401_05806.jpg;train;type1b;medium;type1b/medium
images/synthetic/syn_v2_2026091401_05807.jpg;val;type1a;medium;type1a/medium
images/synthetic/syn_v2_2026091401_05808.jpg;train;type1b;hard;type1b/hard
images/synthetic/syn_v2_2026091401_05809.jpg;train;type1b;easy;type1b/easy
images/synthetic/syn_v2_2026091401_05810.jpg;train;type1;hard;type1/hard
images/synthetic/syn_v2_2026091401_05811.jpg;train;type1b;hard;type1b/hard
images/synthetic/syn_v2_2026091401_05812.jpg;train;type1b;easy;type1b/easy
images/synthetic/syn_v2_2026091401_05813.jpg;train;type1a;hard;type1a/hard
images/synthetic/syn_v2_2026091401_05814.jpg;train;type1a;easy;type1a/easy
images/synthetic/syn_v2_2026091401_05815.jpg;train;type1b;easy;type1b/easy
images/synthetic/syn_v2_2026091401_05816.jpg;train;type1a;medium;type1a/medium
images/synthetic/syn_v2_2026091401_05817.jpg;train;type1b;easy;type1b/easy
images/synthetic/syn_v2_2026091401_05818.jpg;train;type1;easy;type1/easy
images/synthetic/syn_v2_2026091401_05819.jpg;train;type1a;medium;type1a/medium
images/synthetic/syn_v2_2026091401_05820.jpg;train;type1a;easy;type1a/easy
images/synthetic/syn_v2_2026091401_05821.jpg;train;type1a;easy;type1a/easy
images/synthetic/syn_v2_2026091401_05822.jpg;test;type1b;easy;type1b/easy
images/synthetic/syn_v2_2026091401_05823.jpg;train;type1b;medium;type1b/medium
images/synthetic/syn_v2_2026091401_05824.jpg;train;type1b;medium;type1b/medium
images/synthetic/syn_v2_2026091401_05825.jpg;train;type1a;easy;type1a/easy
images/synthetic/syn_v2_2026091401_05826.jpg;train;type1b;medium;type1b/medium
images/synthetic/syn_v2_2026091401_05827.jpg;train;type1;medium;type1/medium
images/synthetic/syn_v2_2026091401_05828.jpg;train;type1a;hard;type1a/hard
images/synthetic/syn_v2_2026091401_05829.jpg;train;type1;medium;type1/medium
images/synthetic/syn_v2_2026091401_05830.jpg;train;type1;easy;type1/easy
images/synthetic/syn_v2_2026091401_05831.jpg;test;type1b;hard;type1b/hard
images/synthetic/syn_v2_2026091401_05832.jpg;train;type1b;medium;type1b/medium
images/synthetic/syn_v2_2026091401_05833.jpg;train;type1b;easy;type1b/easy
images/synthetic/syn_v2_2026091401_05834.jpg;train;type1;medium;type1/medium
images/synthetic/syn_v2_2026091401_05835.jpg;train;type1;hard;type1/hard
images/synthetic/syn_v2_2026091401_05836.jpg;val;type1b;medium;type1b/medium
images/synthetic/syn_v2_2026091401_05837.jpg;train;type1b;medium;type1b/medium
images/synthetic/syn_v2_2026091401_05838.jpg;train;type1b;medium;type1b/medium
images/synthetic/syn_v2_2026091401_05839.jpg;train;type1b;easy;type1b/easy
images/synthetic/syn_v2_2026091401_05840.jpg;train;type1b;hard;type1b/hard
images/synthetic/syn_v2_2026091401_05841.jpg;val;type1b;medium;type1b/medium
images/synthetic/syn_v2_2026091401_05842.jpg;train;type1a;medium;type1a/medium
images/synthetic/syn_v2_2026091401_05843.jpg;train;type1b;medium;type1b/medium
images/synthetic/syn_v2_2026091401_05844.jpg;train;type1b;hard;type1b/hard
images/synthetic/syn_v2_2026091401_05845.jpg;train;type1a;easy;type1a/easy
images/synthetic/syn_v2_2026091401_05846.jpg;val;type1b;medium;type1b/medium
images/synthetic/syn_v2_2026091401_05847.jpg;val;type1b;medium;type1b/medium
images/synthetic/syn_v2_2026091401_05848.jpg;train;type1b;medium;type1b/medium
images/synthetic/syn_v2_2026091401_05849.jpg;train;type1b;easy;type1b/easy
images/synthetic/syn_v2_2026091401_05850.jpg;train;type1a;medium;type1a/medium
images/synthetic/syn_v2_2026091401_05851.jpg;train;type1b;medium;type1b/medium
images/synthetic/syn_v2_2026091401_05852.jpg;train;type1a;medium;type1a/medium
images/synthetic/syn_v2_2026091401_05853.jpg;train;type1;medium;type1/medium
images/synthetic/syn_v2_2026091401_05854.jpg;train;type1;easy;type1/easy
images/synthetic/syn_v2_2026091401_05855.jpg;train;type1a;easy;type1a/easy
images/synthetic/syn_v2_2026091401_05856.jpg;train;type1;medium;type1/medium
images/synthetic/syn_v2_2026091401_05857.jpg;train;type1a;easy;type1a/easy
images/synthetic/syn_v2_2026091401_05858.jpg;train;type1;hard;type1/hard
images/synthetic/syn_v2_2026091401_05859.jpg;train;type1a;easy;type1a/easy
images/synthetic/syn_v2_2026091401_05860.jpg;train;type1b;easy;type1b/easy
images/synthetic/syn_v2_2026091401_05861.jpg;train;type1a;hard;type1a/hard
images/synthetic/syn_v2_2026091401_05862.jpg;train;type1b;hard;type1b/hard
images/synthetic/syn_v2_2026091401_05863.jpg;train;type1a;medium;type1a/medium
images/synthetic/syn_v2_2026091401_05864.jpg;train;type1b;easy;type1b/easy
images/synthetic/syn_v2_2026091401_05865.jpg;train;type1b;easy;type1b/easy
images/synthetic/syn_v2_2026091401_05866.jpg;train;type1b;medium;type1b/medium
images/synthetic/syn_v2_2026091401_05867.jpg;train;type1a;medium;type1a/medium
images/synthetic/syn_v2_2026091401_05868.jpg;train;type1a;medium;type1a/medium
images/synthetic/syn_v2_2026091401_05869.jpg;train;type1;hard;type1/hard
images/synthetic/syn_v2_2026091401_05870.jpg;train;type1b;easy;type1b/easy
images/synthetic/syn_v2_2026091401_05871.jpg;train;type1;medium;type1/medium
images/synthetic/syn_v2_2026091401_05872.jpg;train;type1;hard;type1/hard
images/synthetic/syn_v2_2026091401_05873.jpg;train;type1a;medium;type1a/medium
images/synthetic/syn_v2_2026091401_05874.jpg;train;type1;medium;type1/medium
images/synthetic/syn_v2_2026091401_05875.jpg;train;type1a;hard;type1a/hard
images/synthetic/syn_v2_2026091401_05876.jpg;train;type1;medium;type1/medium
images/synthetic/syn_v2_2026091401_05877.jpg;train;type1a;medium;type1a/medium
images/synthetic/syn_v2_2026091401_05878.jpg;val;type1a;medium;type1a/medium
images/synthetic/syn_v2_2026091401_05879.jpg;train;type1a;easy;type1a/easy
images/synthetic/syn_v2_2026091401_05880.jpg;train;type1b;medium;type1b/medium
images/synthetic/syn_v2_2026091401_05881.jpg;val;type1b;medium;type1b/medium
images/synthetic/syn_v2_2026091401_05882.jpg;train;type1b;hard;type1b/hard
images/synthetic/syn_v2_2026091401_05883.jpg;train;type1b;hard;type1b/hard
images/synthetic/syn_v2_2026091401_05884.jpg;val;type1a;medium;type1a/medium
images/synthetic/syn_v2_2026091401_05885.jpg;train;type1a;hard;type1a/hard
images/synthetic/syn_v2_2026091401_05886.jpg;train;type1a;easy;type1a/easy
images/synthetic/syn_v2_2026091401_05887.jpg;train;type1b;easy;type1b/easy
images/synthetic/syn_v2_2026091401_05888.jpg;train;type1b;easy;type1b/easy
images/synthetic/syn_v2_2026091401_05889.jpg;train;type1b;easy;type1b/easy
images/synthetic/syn_v2_2026091401_05890.jpg;train;type1a;medium;type1a/medium
images/synthetic/syn_v2_2026091401_05891.jpg;train;type1a;medium;type1a/medium
images/synthetic/syn_v2_2026091401_05892.jpg;train;type1;hard;type1/hard
images/synthetic/syn_v2_2026091401_05893.jpg;train;type1b;hard;type1b/hard
images/synthetic/syn_v2_2026091401_05894.jpg;train;type1a;hard;type1a/hard
images/synthetic/syn_v2_2026091401_05895.jpg;val;type1b;medium;type1b/medium
images/synthetic/syn_v2_2026091401_05896.jpg;train;type1b;medium;type1b/medium
images/synthetic/syn_v2_2026091401_05897.jpg;test;type1;medium;type1/medium
images/synthetic/syn_v2_2026091401_05898.jpg;train;type1b;hard;type1b/hard
images/synthetic/syn_v2_2026091401_05899.jpg;train;type1;hard;type1/hard
images/synthetic/syn_v2_2026091401_05900.jpg;train;type1;hard;type1/hard
images/synthetic/syn_v2_2026091401_05901.jpg;train;type1a;medium;type1a/medium
images/synthetic/syn_v2_2026091401_05902.jpg;train;type1a;easy;type1a/easy
images/synthetic/syn_v2_2026091401_05903.jpg;train;type1a;easy;type1a/easy
images/synthetic/syn_v2_2026091401_05904.jpg;train;type1a;easy;type1a/easy
images/synthetic/syn_v2_2026091401_05905.jpg;train;type1b;hard;type1b/hard
images/synthetic/syn_v2_2026091401_05906.jpg;test;type1b;easy;type1b/easy
images/synthetic/syn_v2_2026091401_05907.jpg;train;type1a;medium;type1a/medium
images/synthetic/syn_v2_2026091401_05908.jpg;test;type1;easy;type1/easy
images/synthetic/syn_v2_2026091401_05909.jpg;test;type1;medium;type1/medium
images/synthetic/syn_v2_2026091401_05910.jpg;train;type1b;easy;type1b/easy
images/synthetic/syn_v2_2026091401_05911.jpg;train;type1a;medium;type1a/medium
images/synthetic/syn_v2_2026091401_05912.jpg;train;type1b;hard;type1b/hard
images/synthetic/syn_v2_2026091401_05913.jpg;train;type1b;hard;type1b/hard
images/synthetic/syn_v2_2026091401_05914.jpg;train;type1b;medium;type1b/medium
images/synthetic/syn_v2_2026091401_05915.jpg;train;type1a;hard;type1a/hard
images/synthetic/syn_v2_2026091401_05916.jpg;train;type1b;easy;type1b/easy
images/synthetic/syn_v2_2026091401_05917.jpg;train;type1b;easy;type1b/easy
images/synthetic/syn_v2_2026091401_05918.jpg;train;type1b;medium;type1b/medium
images/synthetic/syn_v2_2026091401_05919.jpg;train;type1b;hard;type1b/hard
images/synthetic/syn_v2_2026091401_05920.jpg;train;type1b;medium;type1b/medium
images/synthetic/syn_v2_2026091401_05921.jpg;train;type1b;hard;type1b/hard
images/synthetic/syn_v2_2026091401_05922.jpg;train;type1a;hard;type1a/hard
images/synthetic/syn_v2_2026091401_05923.jpg;train;type1b;hard;type1b/hard
images/synthetic/syn_v2_2026091401_05924.jpg;train;type1;easy;type1/easy
images/synthetic/syn_v2_2026091401_05925.jpg;train;type1a;medium;type1a/medium
images/synthetic/syn_v2_2026091401_05926.jpg;train;type1b;medium;type1b/medium
images/synthetic/syn_v2_2026091401_05927.jpg;train;type1b;medium;type1b/medium
images/synthetic/syn_v2_2026091401_05928.jpg;train;type1a;medium;type1a/medium
images/synthetic/syn_v2_2026091401_05929.jpg;val;type1b;hard;type1b/hard
images/synthetic/syn_v2_2026091401_05930.jpg;train;type1;hard;type1/hard
images/synthetic/syn_v2_2026091401_05931.jpg;train;type1b;hard;type1b/hard
images/synthetic/syn_v2_2026091401_05932.jpg;train;type1b;hard;type1b/hard
images/synthetic/syn_v2_2026091401_05933.jpg;train;type1b;medium;type1b/medium
images/synthetic/syn_v2_2026091401_05934.jpg;train;type1b;medium;type1b/medium
images/synthetic/syn_v2_2026091401_05935.jpg;train;type1a;medium;type1a/medium
images/synthetic/syn_v2_2026091401_05936.jpg;train;type1b;medium;type1b/medium
images/synthetic/syn_v2_2026091401_05937.jpg;train;type1b;medium;type1b/medium
images/synthetic/syn_v2_2026091401_05938.jpg;train;type1b;medium;type1b/medium
images/synthetic/syn_v2_2026091401_05939.jpg;train;type1b;hard;type1b/hard
images/synthetic/syn_v2_2026091401_05940.jpg;train;type1b;medium;type1b/medium
images/synthetic/syn_v2_2026091401_05941.jpg;train;type1b;easy;type1b/easy
images/synthetic/syn_v2_2026091401_05942.jpg;train;type1;medium;type1/medium
images/synthetic/syn_v2_2026091401_05943.jpg;val;type1a;hard;type1a/hard
images/synthetic/syn_v2_2026091401_05944.jpg;train;type1b;medium;type1b/medium
images/synthetic/syn_v2_2026091401_05945.jpg;train;type1a;hard;type1a/hard
images/synthetic/syn_v2_2026091401_05946.jpg;train;type1;easy;type1/easy
images/synthetic/syn_v2_2026091401_05947.jpg;train;type1b;medium;type1b/medium
images/synthetic/syn_v2_2026091401_05948.jpg;train;type1b;medium;type1b/medium
images/synthetic/syn_v2_2026091401_05949.jpg;train;type1b;hard;type1b/hard
images/synthetic/syn_v2_2026091401_05950.jpg;train;type1b;easy;type1b/easy
images/synthetic/syn_v2_2026091401_05951.jpg;train;type1b;hard;type1b/hard
images/synthetic/syn_v2_2026091401_05952.jpg;train;type1a;medium;type1a/medium
images/synthetic/syn_v2_2026091401_05953.jpg;train;type1a;easy;type1a/easy
images/synthetic/syn_v2_2026091401_05954.jpg;train;type1a;medium;type1a/medium
images/synthetic/syn_v2_2026091401_05955.jpg;train;type1b;medium;type1b/medium
images/synthetic/syn_v2_2026091401_05956.jpg;train;type1b;hard;type1b/hard
images/synthetic/syn_v2_2026091401_05957.jpg;train;type1b;medium;type1b/medium
images/synthetic/syn_v2_2026091401_05958.jpg;train;type1b;medium;type1b/medium
images/synthetic/syn_v2_2026091401_05959.jpg;train;type1;easy;type1/easy
images/synthetic/syn_v2_2026091401_05960.jpg;train;type1a;medium;type1a/medium
images/synthetic/syn_v2_2026091401_05961.jpg;train;type1;easy;type1/easy
images/synthetic/syn_v2_2026091401_05962.jpg;train;type1b;medium;type1b/medium
images/synthetic/syn_v2_2026091401_05963.jpg;train;type1a;medium;type1a/medium
images/synthetic/syn_v2_2026091401_05964.jpg;train;type1a;medium;type1a/medium
images/synthetic/syn_v2_2026091401_05965.jpg;train;type1a;hard;type1a/hard
images/synthetic/syn_v2_2026091401_05966.jpg;train;type1;medium;type1/medium
images/synthetic/syn_v2_2026091401_05967.jpg;train;type1b;medium;type1b/medium
images/synthetic/syn_v2_2026091401_05968.jpg;train;type1b;hard;type1b/hard
images/synthetic/syn_v2_2026091401_05969.jpg;train;type1a;medium;type1a/medium
images/synthetic/syn_v2_2026091401_05970.jpg;train;type1;medium;type1/medium
images/synthetic/syn_v2_2026091401_05971.jpg;train;type1b;hard;type1b/hard
images/synthetic/syn_v2_2026091401_05972.jpg;train;type1a;medium;type1a/medium
images/synthetic/syn_v2_2026091401_05973.jpg;train;type1a;easy;type1a/easy
images/synthetic/syn_v2_2026091401_05974.jpg;val;type1b;easy;type1b/easy
images/synthetic/syn_v2_2026091401_05975.jpg;train;type1b;medium;type1b/medium
images/synthetic/syn_v2_2026091401_05976.jpg;train;type1a;easy;type1a/easy
images/synthetic/syn_v2_2026091401_05977.jpg;train;type1a;easy;type1a/easy
images/synthetic/syn_v2_2026091401_05978.jpg;train;type1a;easy;type1a/easy
images/synthetic/syn_v2_2026091401_05979.jpg;test;type1a;hard;type1a/hard
images/synthetic/syn_v2_2026091401_05980.jpg;train;type1b;medium;type1b/medium
images/synthetic/syn_v2_2026091401_05981.jpg;train;type1b;easy;type1b/easy
images/synthetic/syn_v2_2026091401_05982.jpg;train;type1b;medium;type1b/medium
images/synthetic/syn_v2_2026091401_05983.jpg;val;type1;medium;type1/medium
images/synthetic/syn_v2_2026091401_05984.jpg;train;type1a;medium;type1a/medium
images/synthetic/syn_v2_2026091401_05985.jpg;train;type1b;hard;type1b/hard
images/synthetic/syn_v2_2026091401_05986.jpg;train;type1b;easy;type1b/easy
images/synthetic/syn_v2_2026091401_05987.jpg;val;type1;medium;type1/medium
images/synthetic/syn_v2_2026091401_05988.jpg;train;type1;easy;type1/easy
images/synthetic/syn_v2_2026091401_05989.jpg;train;type1b;easy;type1b/easy
images/synthetic/syn_v2_2026091401_05990.jpg;train;type1a;easy;type1a/easy
images/synthetic/syn_v2_2026091401_05991.jpg;train;type1b;easy;type1b/easy
images/synthetic/syn_v2_2026091401_05992.jpg;val;type1b;easy;type1b/easy
images/synthetic/syn_v2_2026091401_05993.jpg;train;type1a;easy;type1a/easy
images/synthetic/syn_v2_2026091401_05994.jpg;train;type1;medium;type1/medium
images/synthetic/syn_v2_2026091401_05995.jpg;train;type1b;medium;type1b/medium
images/synthetic/syn_v2_2026091401_05996.jpg;train;type1b;medium;type1b/medium
images/synthetic/syn_v2_2026091401_05997.jpg;val;type1a;medium;type1a/medium
images/synthetic/syn_v2_2026091401_05998.jpg;train;type1a;easy;type1a/easy
images/synthetic/syn_v2_2026091401_05999.jpg;train;type1a;easy;type1a/easy
images/synthetic/syn_v2_2026091401_06000.jpg;train;type1;hard;type1/hard
images/synthetic/syn_v2_2026091401_06001.jpg;train;type1b;medium;type1b/medium
images/synthetic/syn_v2_2026091401_06002.jpg;val;type1a;medium;type1a/medium
images/synthetic/syn_v2_2026091401_06003.jpg;val;type1b;easy;type1b/easy
images/synthetic/syn_v2_2026091401_06004.jpg;train;type1b;easy;type1b/easy
images/synthetic/syn_v2_2026091401_06005.jpg;train;type1a;easy;type1a/easy
images/synthetic/syn_v2_2026091401_06006.jpg;train;type1b;medium;type1b/medium
images/synthetic/syn_v2_2026091401_06007.jpg;test;type1a;easy;type1a/easy
images/synthetic/syn_v2_2026091401_06008.jpg;train;type1a;medium;type1a/medium
images/synthetic/syn_v2_2026091401_06009.jpg;train;type1a;medium;type1a/medium
images/synthetic/syn_v2_2026091401_06010.jpg;train;type1a;easy;type1a/easy
images/synthetic/syn_v2_2026091401_06011.jpg;train;type1b;easy;type1b/easy
images/synthetic/syn_v2_2026091401_06012.jpg;train;type1b;hard;type1b/hard
images/synthetic/syn_v2_2026091401_06013.jpg;train;type1a;easy;type1a/easy
images/synthetic/syn_v2_2026091401_06014.jpg;train;type1a;medium;type1a/medium
images/synthetic/syn_v2_2026091401_06015.jpg;train;type1b;easy;type1b/easy
images/synthetic/syn_v2_2026091401_06016.jpg;train;type1;hard;type1/hard
images/synthetic/syn_v2_2026091401_06017.jpg;train;type1a;easy;type1a/easy
images/synthetic/syn_v2_2026091401_06018.jpg;train;type1b;hard;type1b/hard
images/synthetic/syn_v2_2026091401_06019.jpg;train;type1a;easy;type1a/easy
images/synthetic/syn_v2_2026091401_06020.jpg;train;type1a;medium;type1a/medium
images/synthetic/syn_v2_2026091401_06021.jpg;val;type1;medium;type1/medium
images/synthetic/syn_v2_2026091401_06022.jpg;train;type1b;medium;type1b/medium
images/synthetic/syn_v2_2026091401_06023.jpg;train;type1;easy;type1/easy
images/synthetic/syn_v2_2026091401_06024.jpg;train;type1;medium;type1/medium
images/synthetic/syn_v2_2026091401_06025.jpg;train;type1b;medium;type1b/medium
images/synthetic/syn_v2_2026091401_06026.jpg;train;type1;medium;type1/medium
images/synthetic/syn_v2_2026091401_06027.jpg;train;type1b;easy;type1b/easy
images/synthetic/syn_v2_2026091401_06028.jpg;train;type1b;medium;type1b/medium
images/synthetic/syn_v2_2026091401_06029.jpg;train;type1b;easy;type1b/easy
images/synthetic/syn_v2_2026091401_06030.jpg;train;type1b;medium;type1b/medium
images/synthetic/syn_v2_2026091401_06031.jpg;train;type1a;easy;type1a/easy
images/synthetic/syn_v2_2026091401_06032.jpg;train;type1a;medium;type1a/medium
images/synthetic/syn_v2_2026091401_06033.jpg;val;type1a;hard;type1a/hard
images/synthetic/syn_v2_2026091401_06034.jpg;train;type1b;medium;type1b/medium
images/synthetic/syn_v2_2026091401_06035.jpg;train;type1b;medium;type1b/medium
images/synthetic/syn_v2_2026091401_06036.jpg;train;type1a;medium;type1a/medium
images/synthetic/syn_v2_2026091401_06037.jpg;train;type1b;medium;type1b/medium
images/synthetic/syn_v2_2026091401_06038.jpg;train;type1a;easy;type1a/easy
images/synthetic/syn_v2_2026091401_06039.jpg;train;type1b;medium;type1b/medium
images/synthetic/syn_v2_2026091401_06040.jpg;train;type1;medium;type1/medium
images/synthetic/syn_v2_2026091401_06041.jpg;val;type1b;medium;type1b/medium
images/synthetic/syn_v2_2026091401_06042.jpg;train;type1a;easy;type1a/easy
images/synthetic/syn_v2_2026091401_06043.jpg;train;type1a;hard;type1a/hard
images/synthetic/syn_v2_2026091401_06044.jpg;train;type1;medium;type1/medium
images/synthetic/syn_v2_2026091401_06045.jpg;train;type1b;easy;type1b/easy
images/synthetic/syn_v2_2026091401_06046.jpg;train;type1b;medium;type1b/medium
images/synthetic/syn_v2_2026091401_06047.jpg;train;type1b;hard;type1b/hard
images/synthetic/syn_v2_2026091401_06048.jpg;train;type1a;hard;type1a/hard
images/synthetic/syn_v2_2026091401_06049.jpg;train;type1;easy;type1/easy
images/synthetic/syn_v2_2026091401_06050.jpg;train;type1b;medium;type1b/medium
images/synthetic/syn_v2_2026091401_06051.jpg;train;type1a;medium;type1a/medium
images/synthetic/syn_v2_2026091401_06052.jpg;train;type1b;medium;type1b/medium
images/synthetic/syn_v2_2026091401_06053.jpg;train;type1b;easy;type1b/easy
images/synthetic/syn_v2_2026091401_06054.jpg;train;type1b;medium;type1b/medium
images/synthetic/syn_v2_2026091401_06055.jpg;train;type1a;easy;type1a/easy
images/synthetic/syn_v2_2026091401_06056.jpg;train;type1b;medium;type1b/medium
images/synthetic/syn_v2_2026091401_06057.jpg;train;type1a;hard;type1a/hard
images/synthetic/syn_v2_2026091401_06058.jpg;train;type1b;hard;type1b/hard
images/synthetic/syn_v2_2026091401_06059.jpg;val;type1a;medium;type1a/medium
images/synthetic/syn_v2_2026091401_06060.jpg;train;type1b;medium;type1b/medium
images/synthetic/syn_v2_2026091401_06061.jpg;train;type1b;medium;type1b/medium
images/synthetic/syn_v2_2026091401_06062.jpg;val;type1b;hard;type1b/hard
images/synthetic/syn_v2_2026091401_06063.jpg;val;type1;hard;type1/hard
images/synthetic/syn_v2_2026091401_06064.jpg;train;type1b;medium;type1b/medium
images/synthetic/syn_v2_2026091401_06065.jpg;train;type1;medium;type1/medium
images/synthetic/syn_v2_2026091401_06066.jpg;train;type1a;medium;type1a/medium
images/synthetic/syn_v2_2026091401_06067.jpg;val;type1b;medium;type1b/medium
images/synthetic/syn_v2_2026091401_06068.jpg;train;type1b;hard;type1b/hard
images/synthetic/syn_v2_2026091401_06069.jpg;val;type1b;hard;type1b/hard
images/synthetic/syn_v2_2026091401_06070.jpg;train;type1a;medium;type1a/medium
images/synthetic/syn_v2_2026091401_06071.jpg;train;type1a;medium;type1a/medium
images/synthetic/syn_v2_2026091401_06072.jpg;train;type1a;easy;type1a/easy
images/synthetic/syn_v2_2026091401_06073.jpg;train;type1b;hard;type1b/hard
images/synthetic/syn_v2_2026091401_06074.jpg;train;type1a;medium;type1a/medium
images/synthetic/syn_v2_2026091401_06075.jpg;train;type1b;easy;type1b/easy
images/synthetic/syn_v2_2026091401_06076.jpg;train;type1a;medium;type1a/medium
images/synthetic/syn_v2_2026091401_06077.jpg;val;type1;easy;type1/easy
images/synthetic/syn_v2_2026091401_06078.jpg;val;type1b;hard;type1b/hard
images/synthetic/syn_v2_2026091401_06079.jpg;train;type1a;medium;type1a/medium
images/synthetic/syn_v2_2026091401_06080.jpg;test;type1b;medium;type1b/medium
images/synthetic/syn_v2_2026091401_06081.jpg;train;type1a;hard;type1a/hard
images/synthetic/syn_v2_2026091401_06082.jpg;train;type1a;easy;type1a/easy
images/synthetic/syn_v2_2026091401_06083.jpg;train;type1a;easy;type1a/easy
images/synthetic/syn_v2_2026091401_06084.jpg;train;type1b;easy;type1b/easy
images/synthetic/syn_v2_2026091401_06085.jpg;train;type1a;hard;type1a/hard
images/synthetic/syn_v2_2026091401_06086.jpg;train;type1;medium;type1/medium
images/synthetic/syn_v2_2026091401_06087.jpg;train;type1;medium;type1/medium
images/synthetic/syn_v2_2026091401_06088.jpg;train;type1;hard;type1/hard
images/synthetic/syn_v2_2026091401_06089.jpg;train;type1a;easy;type1a/easy
images/synthetic/syn_v2_2026091401_06090.jpg;train;type1a;hard;type1a/hard
images/synthetic/syn_v2_2026091401_06091.jpg;train;type1a;medium;type1a/medium
images/synthetic/syn_v2_2026091401_06092.jpg;train;type1b;medium;type1b/medium
images/synthetic/syn_v2_2026091401_06093.jpg;train;type1a;medium;type1a/medium
images/synthetic/syn_v2_2026091401_06094.jpg;train;type1b;medium;type1b/medium
images/synthetic/syn_v2_2026091401_06095.jpg;val;type1a;hard;type1a/hard
images/synthetic/syn_v2_2026091401_06096.jpg;train;type1;medium;type1/medium
images/synthetic/syn_v2_2026091401_06097.jpg;train;type1;easy;type1/easy
images/synthetic/syn_v2_2026091401_06098.jpg;val;type1b;medium;type1b/medium
images/synthetic/syn_v2_2026091401_06099.jpg;train;type1;medium;type1/medium
images/synthetic/syn_v2_2026091401_06100.jpg;train;type1b;medium;type1b/medium
images/synthetic/syn_v2_2026091401_06101.jpg;train;type1b;medium;type1b/medium
images/synthetic/syn_v2_2026091401_06102.jpg;val;type1a;easy;type1a/easy
images/synthetic/syn_v2_2026091401_06103.jpg;train;type1a;medium;type1a/medium
images/synthetic/syn_v2_2026091401_06104.jpg;train;type1a;hard;type1a/hard
images/synthetic/syn_v2_2026091401_06105.jpg;train;type1b;easy;type1b/easy
images/synthetic/syn_v2_2026091401_06106.jpg;train;type1b;hard;type1b/hard
images/synthetic/syn_v2_2026091401_06107.jpg;train;type1b;medium;type1b/medium
images/synthetic/syn_v2_2026091401_06108.jpg;train;type1a;medium;type1a/medium
images/synthetic/syn_v2_2026091401_06109.jpg;train;type1a;medium;type1a/medium
images/synthetic/syn_v2_2026091401_06110.jpg;train;type1b;medium;type1b/medium
images/synthetic/syn_v2_2026091401_06111.jpg;train;type1;easy;type1/easy
images/synthetic/syn_v2_2026091401_06112.jpg;val;type1a;easy;type1a/easy
images/synthetic/syn_v2_2026091401_06113.jpg;train;type1a;easy;type1a/easy
images/synthetic/syn_v2_2026091401_06114.jpg;val;type1a;hard;type1a/hard
images/synthetic/syn_v2_2026091401_06115.jpg;test;type1b;easy;type1b/easy
images/synthetic/syn_v2_2026091401_06116.jpg;val;type1a;medium;type1a/medium
images/synthetic/syn_v2_2026091401_06117.jpg;train;type1a;easy;type1a/easy
images/synthetic/syn_v2_2026091401_06118.jpg;val;type1a;easy;type1a/easy
images/synthetic/syn_v2_2026091401_06119.jpg;train;type1;medium;type1/medium
images/synthetic/syn_v2_2026091401_06120.jpg;train;type1a;easy;type1a/easy
images/synthetic/syn_v2_2026091401_06121.jpg;train;type1;hard;type1/hard
images/synthetic/syn_v2_2026091401_06122.jpg;val;type1a;medium;type1a/medium
images/synthetic/syn_v2_2026091401_06123.jpg;train;type1;hard;type1/hard
images/synthetic/syn_v2_2026091401_06124.jpg;train;type1b;medium;type1b/medium
images/synthetic/syn_v2_2026091401_06125.jpg;test;type1a;medium;type1a/medium
images/synthetic/syn_v2_2026091401_06126.jpg;train;type1a;medium;type1a/medium
images/synthetic/syn_v2_2026091401_06127.jpg;train;type1;medium;type1/medium
images/synthetic/syn_v2_2026091401_06128.jpg;train;type1a;medium;type1a/medium
images/synthetic/syn_v2_2026091401_06129.jpg;train;type1b;medium;type1b/medium
images/synthetic/syn_v2_2026091401_06130.jpg;train;type1;medium;type1/medium
images/synthetic/syn_v2_2026091401_06131.jpg;train;type1;medium;type1/medium
images/synthetic/syn_v2_2026091401_06132.jpg;train;type1a;hard;type1a/hard
images/synthetic/syn_v2_2026091401_06133.jpg;train;type1a;medium;type1a/medium
images/synthetic/syn_v2_2026091401_06134.jpg;train;type1a;medium;type1a/medium
images/synthetic/syn_v2_2026091401_06135.jpg;train;type1a;medium;type1a/medium
images/synthetic/syn_v2_2026091401_06136.jpg;train;type1b;easy;type1b/easy
images/synthetic/syn_v2_2026091401_06137.jpg;train;type1a;medium;type1a/medium
images/synthetic/syn_v2_2026091401_06138.jpg;train;type1;easy;type1/easy
images/synthetic/syn_v2_2026091401_06139.jpg;train;type1b;hard;type1b/hard
images/synthetic/syn_v2_2026091401_06140.jpg;train;type1b;medium;type1b/medium
images/synthetic/syn_v2_2026091401_06141.jpg;train;type1;hard;type1/hard
images/synthetic/syn_v2_2026091401_06142.jpg;val;type1b;medium;type1b/medium
images/synthetic/syn_v2_2026091401_06143.jpg;train;type1a;medium;type1a/medium
images/synthetic/syn_v2_2026091401_06144.jpg;val;type1a;hard;type1a/hard
images/synthetic/syn_v2_2026091401_06145.jpg;train;type1b;medium;type1b/medium
images/synthetic/syn_v2_2026091401_06146.jpg;train;type1a;easy;type1a/easy
images/synthetic/syn_v2_2026091401_06147.jpg;val;type1;medium;type1/medium
images/synthetic/syn_v2_2026091401_06148.jpg;train;type1b;medium;type1b/medium
images/synthetic/syn_v2_2026091401_06149.jpg;train;type1b;medium;type1b/medium
images/synthetic/syn_v2_2026091401_06150.jpg;train;type1b;medium;type1b/medium
images/synthetic/syn_v2_2026091401_06151.jpg;train;type1b;medium;type1b/medium
images/synthetic/syn_v2_2026091401_06152.jpg;test;type1b;medium;type1b/medium
images/synthetic/syn_v2_2026091401_06153.jpg;val;type1b;medium;type1b/medium
images/synthetic/syn_v2_2026091401_06154.jpg;train;type1a;easy;type1a/easy
images/synthetic/syn_v2_2026091401_06155.jpg;train;type1b;easy;type1b/easy
images/synthetic/syn_v2_2026091401_06156.jpg;train;type1b;medium;type1b/medium
images/synthetic/syn_v2_2026091401_06157.jpg;train;type1a;easy;type1a/easy
images/synthetic/syn_v2_2026091401_06158.jpg;train;type1b;medium;type1b/medium
images/synthetic/syn_v2_2026091401_06159.jpg;train;type1a;medium;type1a/medium
images/synthetic/syn_v2_2026091401_06160.jpg;train;type1a;medium;type1a/medium
images/synthetic/syn_v2_2026091401_06161.jpg;train;type1b;medium;type1b/medium
images/synthetic/syn_v2_2026091401_06162.jpg;val;type1b;easy;type1b/easy
images/synthetic/syn_v2_2026091401_06163.jpg;train;type1b;medium;type1b/medium
images/synthetic/syn_v2_2026091401_06164.jpg;train;type1a;easy;type1a/easy
images/synthetic/syn_v2_2026091401_06165.jpg;train;type1b;hard;type1b/hard
images/synthetic/syn_v2_2026091401_06166.jpg;train;type1b;medium;type1b/medium
images/synthetic/syn_v2_2026091401_06167.jpg;train;type1a;medium;type1a/medium
images/synthetic/syn_v2_2026091401_06168.jpg;train;type1a;easy;type1a/easy
images/synthetic/syn_v2_2026091401_06169.jpg;train;type1b;easy;type1b/easy
images/synthetic/syn_v2_2026091401_06170.jpg;train;type1;easy;type1/easy
images/synthetic/syn_v2_2026091401_06171.jpg;train;type1b;medium;type1b/medium
images/synthetic/syn_v2_2026091401_06172.jpg;train;type1;medium;type1/medium
images/synthetic/syn_v2_2026091401_06173.jpg;train;type1b;medium;type1b/medium
images/synthetic/syn_v2_2026091401_06174.jpg;train;type1;medium;type1/medium
images/synthetic/syn_v2_2026091401_06175.jpg;train;type1;easy;type1/easy
images/synthetic/syn_v2_2026091401_06176.jpg;val;type1a;medium;type1a/medium
images/synthetic/syn_v2_2026091401_06177.jpg;train;type1b;hard;type1b/hard
images/synthetic/syn_v2_2026091401_06178.jpg;train;type1b;easy;type1b/easy
images/synthetic/syn_v2_2026091401_06179.jpg;train;type1b;hard;type1b/hard
images/synthetic/syn_v2_2026091401_06180.jpg;train;type1;medium;type1/medium
images/synthetic/syn_v2_2026091401_06181.jpg;train;type1;medium;type1/medium
images/synthetic/syn_v2_2026091401_06182.jpg;train;type1a;easy;type1a/easy
images/synthetic/syn_v2_2026091401_06183.jpg;train;type1b;easy;type1b/easy
images/synthetic/syn_v2_2026091401_06184.jpg;train;type1;medium;type1/medium
images/synthetic/syn_v2_2026091401_06185.jpg;train;type1b;medium;type1b/medium
images/synthetic/syn_v2_2026091401_06186.jpg;train;type1a;hard;type1a/hard
images/synthetic/syn_v2_2026091401_06187.jpg;train;type1b;hard;type1b/hard
images/synthetic/syn_v2_2026091401_06188.jpg;train;type1b;medium;type1b/medium
images/synthetic/syn_v2_2026091401_06189.jpg;train;type1a;hard;type1a/hard
images/synthetic/syn_v2_2026091401_06190.jpg;val;type1;hard;type1/hard
images/synthetic/syn_v2_2026091401_06191.jpg;train;type1b;easy;type1b/easy
images/synthetic/syn_v2_2026091401_06192.jpg;train;type1b;easy;type1b/easy
images/synthetic/syn_v2_2026091401_06193.jpg;train;type1a;easy;type1a/easy
images/synthetic/syn_v2_2026091401_06194.jpg;val;type1;easy;type1/easy
images/synthetic/syn_v2_2026091401_06195.jpg;train;type1b;medium;type1b/medium
images/synthetic/syn_v2_2026091401_06196.jpg;train;type1a;easy;type1a/easy
images/synthetic/syn_v2_2026091401_06197.jpg;train;type1;easy;type1/easy
images/synthetic/syn_v2_2026091401_06198.jpg;train;type1b;hard;type1b/hard
images/synthetic/syn_v2_2026091401_06199.jpg;val;type1a;easy;type1a/easy
images/synthetic/syn_v2_2026091401_06200.jpg;test;type1a;medium;type1a/medium
images/synthetic/syn_v2_2026091401_06201.jpg;train;type1b;medium;type1b/medium
images/synthetic/syn_v2_2026091401_06202.jpg;train;type1b;easy;type1b/easy
images/synthetic/syn_v2_2026091401_06203.jpg;train;type1a;hard;type1a/hard
images/synthetic/syn_v2_2026091401_06204.jpg;train;type1b;medium;type1b/medium
images/synthetic/syn_v2_2026091401_06205.jpg;train;type1b;medium;type1b/medium
images/synthetic/syn_v2_2026091401_06206.jpg;train;type1;medium;type1/medium
images/synthetic/syn_v2_2026091401_06207.jpg;train;type1;easy;type1/easy
images/synthetic/syn_v2_2026091401_06208.jpg;train;type1;easy;type1/easy
images/synthetic/syn_v2_2026091401_06209.jpg;train;type1b;hard;type1b/hard
images/synthetic/syn_v2_2026091401_06210.jpg;train;type1a;medium;type1a/medium
images/synthetic/syn_v2_2026091401_06211.jpg;train;type1a;hard;type1a/hard
images/synthetic/syn_v2_2026091401_06212.jpg;train;type1b;easy;type1b/easy
images/synthetic/syn_v2_2026091401_06213.jpg;train;type1a;medium;type1a/medium
images/synthetic/syn_v2_2026091401_06214.jpg;train;type1b;medium;type1b/medium
images/synthetic/syn_v2_2026091401_06215.jpg;train;type1a;hard;type1a/hard
images/synthetic/syn_v2_2026091401_06216.jpg;train;type1a;medium;type1a/medium
images/synthetic/syn_v2_2026091401_06217.jpg;val;type1b;medium;type1b/medium
images/synthetic/syn_v2_2026091401_06218.jpg;train;type1b;easy;type1b/easy
images/synthetic/syn_v2_2026091401_06219.jpg;train;type1a;medium;type1a/medium
images/synthetic/syn_v2_2026091401_06220.jpg;train;type1b;medium;type1b/medium
images/synthetic/syn_v2_2026091401_06221.jpg;train;type1b;easy;type1b/easy
images/synthetic/syn_v2_2026091401_06222.jpg;val;type1;easy;type1/easy
images/synthetic/syn_v2_2026091401_06223.jpg;train;type1a;hard;type1a/hard
images/synthetic/syn_v2_2026091401_06224.jpg;train;type1;medium;type1/medium
images/synthetic/syn_v2_2026091401_06225.jpg;train;type1b;easy;type1b/easy
images/synthetic/syn_v2_2026091401_06226.jpg;test;type1a;medium;type1a/medium
images/synthetic/syn_v2_2026091401_06227.jpg;train;type1a;easy;type1a/easy
images/synthetic/syn_v2_2026091401_06228.jpg;train;type1a;medium;type1a/medium
images/synthetic/syn_v2_2026091401_06229.jpg;train;type1b;easy;type1b/easy
images/synthetic/syn_v2_2026091401_06230.jpg;train;type1;easy;type1/easy
images/synthetic/syn_v2_2026091401_06231.jpg;train;type1;medium;type1/medium
images/synthetic/syn_v2_2026091401_06232.jpg;train;type1;medium;type1/medium
images/synthetic/syn_v2_2026091401_06233.jpg;train;type1;medium;type1/medium
images/synthetic/syn_v2_2026091401_06234.jpg;train;type1b;hard;type1b/hard
images/synthetic/syn_v2_2026091401_06235.jpg;train;type1a;easy;type1a/easy
images/synthetic/syn_v2_2026091401_06236.jpg;train;type1;medium;type1/medium
images/synthetic/syn_v2_2026091401_06237.jpg;train;type1a;easy;type1a/easy
images/synthetic/syn_v2_2026091401_06238.jpg;test;type1;easy;type1/easy
images/synthetic/syn_v2_2026091401_06239.jpg;train;type1a;hard;type1a/hard
images/synthetic/syn_v2_2026091401_06240.jpg;val;type1a;easy;type1a/easy
images/synthetic/syn_v2_2026091401_06241.jpg;train;type1b;medium;type1b/medium
images/synthetic/syn_v2_2026091401_06242.jpg;train;type1b;hard;type1b/hard
images/synthetic/syn_v2_2026091401_06243.jpg;train;type1b;medium;type1b/medium
images/synthetic/syn_v2_2026091401_06244.jpg;train;type1a;medium;type1a/medium
images/synthetic/syn_v2_2026091401_06245.jpg;train;type1b;hard;type1b/hard
images/synthetic/syn_v2_2026091401_06246.jpg;train;type1b;medium;type1b/medium
images/synthetic/syn_v2_2026091401_06247.jpg;train;type1a;easy;type1a/easy
images/synthetic/syn_v2_2026091401_06248.jpg;train;type1a;easy;type1a/easy
images/synthetic/syn_v2_2026091401_06249.jpg;train;type1;medium;type1/medium
images/synthetic/syn_v2_2026091401_06250.jpg;train;type1b;medium;type1b/medium
images/synthetic/syn_v2_2026091401_06251.jpg;train;type1b;easy;type1b/easy
images/synthetic/syn_v2_2026091401_06252.jpg;train;type1a;easy;type1a/easy
images/synthetic/syn_v2_2026091401_06253.jpg;train;type1b;easy;type1b/easy
images/synthetic/syn_v2_2026091401_06254.jpg;train;type1b;easy;type1b/easy
images/synthetic/syn_v2_2026091401_06255.jpg;train;type1b;hard;type1b/hard
images/synthetic/syn_v2_2026091401_06256.jpg;train;type1;medium;type1/medium
images/synthetic/syn_v2_2026091401_06257.jpg;train;type1b;hard;type1b/hard
images/synthetic/syn_v2_2026091401_06258.jpg;train;type1;medium;type1/medium
images/synthetic/syn_v2_2026091401_06259.jpg;test;type1;hard;type1/hard
images/synthetic/syn_v2_2026091401_06260.jpg;train;type1;easy;type1/easy
images/synthetic/syn_v2_2026091401_06261.jpg;train;type1b;hard;type1b/hard
images/synthetic/syn_v2_2026091401_06262.jpg;train;type1a;medium;type1a/medium
images/synthetic/syn_v2_2026091401_06263.jpg;train;type1a;medium;type1a/medium
images/synthetic/syn_v2_2026091401_06264.jpg;train;type1a;medium;type1a/medium
images/synthetic/syn_v2_2026091401_06265.jpg;train;type1a;medium;type1a/medium
images/synthetic/syn_v2_2026091401_06266.jpg;test;type1;hard;type1/hard
images/synthetic/syn_v2_2026091401_06267.jpg;train;type1b;easy;type1b/easy
images/synthetic/syn_v2_2026091401_06268.jpg;train;type1b;medium;type1b/medium
images/synthetic/syn_v2_2026091401_06269.jpg;test;type1a;medium;type1a/medium
images/synthetic/syn_v2_2026091401_06270.jpg;train;type1a;medium;type1a/medium
images/synthetic/syn_v2_2026091401_06271.jpg;train;type1b;medium;type1b/medium
images/synthetic/syn_v2_2026091401_06272.jpg;train;type1b;hard;type1b/hard
images/synthetic/syn_v2_2026091401_06273.jpg;train;type1;hard;type1/hard
images/synthetic/syn_v2_2026091401_06274.jpg;train;type1;easy;type1/easy
images/synthetic/syn_v2_2026091401_06275.jpg;train;type1;easy;type1/easy
images/synthetic/syn_v2_2026091401_06276.jpg;val;type1a;easy;type1a/easy
images/synthetic/syn_v2_2026091401_06277.jpg;train;type1a;medium;type1a/medium
images/synthetic/syn_v2_2026091401_06278.jpg;train;type1;hard;type1/hard
images/synthetic/syn_v2_2026091401_06279.jpg;train;type1b;medium;type1b/medium
images/synthetic/syn_v2_2026091401_06280.jpg;train;type1a;medium;type1a/medium
images/synthetic/syn_v2_2026091401_06281.jpg;train;type1a;easy;type1a/easy
images/synthetic/syn_v2_2026091401_06282.jpg;train;type1;easy;type1/easy
images/synthetic/syn_v2_2026091401_06283.jpg;train;type1b;easy;type1b/easy
images/synthetic/syn_v2_2026091401_06284.jpg;train;type1b;hard;type1b/hard
images/synthetic/syn_v2_2026091401_06285.jpg;train;type1a;hard;type1a/hard
images/synthetic/syn_v2_2026091401_06286.jpg;train;type1b;hard;type1b/hard
images/synthetic/syn_v2_2026091401_06287.jpg;train;type1b;easy;type1b/easy
images/synthetic/syn_v2_2026091401_06288.jpg;train;type1a;medium;type1a/medium
images/synthetic/syn_v2_2026091401_06289.jpg;train;type1b;medium;type1b/medium
images/synthetic/syn_v2_2026091401_06290.jpg;test;type1b;medium;type1b/medium
images/synthetic/syn_v2_2026091401_06291.jpg;train;type1a;medium;type1a/medium
images/synthetic/syn_v2_2026091401_06292.jpg;val;type1;easy;type1/easy
images/synthetic/syn_v2_2026091401_06293.jpg;train;type1;easy;type1/easy
images/synthetic/syn_v2_2026091401_06294.jpg;train;type1b;easy;type1b/easy
images/synthetic/syn_v2_2026091401_06295.jpg;train;type1b;easy;type1b/easy
images/synthetic/syn_v2_2026091401_06296.jpg;train;type1b;easy;type1b/easy
images/synthetic/syn_v2_2026091401_06297.jpg;train;type1;medium;type1/medium
images/synthetic/syn_v2_2026091401_06298.jpg;test;type1;medium;type1/medium
images/synthetic/syn_v2_2026091401_06299.jpg;train;type1;hard;type1/hard
images/synthetic/syn_v2_2026091401_06300.jpg;train;type1b;hard;type1b/hard
images/synthetic/syn_v2_2026091401_06301.jpg;train;type1a;easy;type1a/easy
images/synthetic/syn_v2_2026091401_06302.jpg;test;type1b;medium;type1b/medium
images/synthetic/syn_v2_2026091401_06303.jpg;train;type1b;medium;type1b/medium
images/synthetic/syn_v2_2026091401_06304.jpg;train;type1a;easy;type1a/easy
images/synthetic/syn_v2_2026091401_06305.jpg;train;type1b;medium;type1b/medium
images/synthetic/syn_v2_2026091401_06306.jpg;train;type1a;medium;type1a/medium
images/synthetic/syn_v2_2026091401_06307.jpg;train;type1b;medium;type1b/medium
images/synthetic/syn_v2_2026091401_06308.jpg;train;type1b;medium;type1b/medium
images/synthetic/syn_v2_2026091401_06309.jpg;val;type1a;medium;type1a/medium
images/synthetic/syn_v2_2026091401_06310.jpg;val;type1b;hard;type1b/hard
images/synthetic/syn_v2_2026091401_06311.jpg;train;type1b;medium;type1b/medium
images/synthetic/syn_v2_2026091401_06312.jpg;train;type1a;easy;type1a/easy
images/synthetic/syn_v2_2026091401_06313.jpg;train;type1b;easy;type1b/easy
images/synthetic/syn_v2_2026091401_06314.jpg;train;type1a;easy;type1a/easy
images/synthetic/syn_v2_2026091401_06315.jpg;train;type1;medium;type1/medium
images/synthetic/syn_v2_2026091401_06316.jpg;test;type1b;easy;type1b/easy
images/synthetic/syn_v2_2026091401_06317.jpg;train;type1b;hard;type1b/hard
images/synthetic/syn_v2_2026091401_06318.jpg;train;type1a;easy;type1a/easy
images/synthetic/syn_v2_2026091401_06319.jpg;train;type1a;medium;type1a/medium
images/synthetic/syn_v2_2026091401_06320.jpg;train;type1b;easy;type1b/easy
images/synthetic/syn_v2_2026091401_06321.jpg;train;type1a;medium;type1a/medium
images/synthetic/syn_v2_2026091401_06322.jpg;train;type1;easy;type1/easy
images/synthetic/syn_v2_2026091401_06323.jpg;train;type1b;easy;type1b/easy
images/synthetic/syn_v2_2026091401_06324.jpg;train;type1b;hard;type1b/hard
images/synthetic/syn_v2_2026091401_06325.jpg;train;type1a;medium;type1a/medium
images/synthetic/syn_v2_2026091401_06326.jpg;train;type1;easy;type1/easy
images/synthetic/syn_v2_2026091401_06327.jpg;train;type1a;easy;type1a/easy
images/synthetic/syn_v2_2026091401_06328.jpg;train;type1b;easy;type1b/easy
images/synthetic/syn_v2_2026091401_06329.jpg;train;type1a;medium;type1a/medium
images/synthetic/syn_v2_2026091401_06330.jpg;train;type1b;easy;type1b/easy
images/synthetic/syn_v2_2026091401_06331.jpg;val;type1a;medium;type1a/medium
images/synthetic/syn_v2_2026091401_06332.jpg;train;type1b;medium;type1b/medium
images/synthetic/syn_v2_2026091401_06333.jpg;train;type1;medium;type1/medium
images/synthetic/syn_v2_2026091401_06334.jpg;train;type1b;medium;type1b/medium
images/synthetic/syn_v2_2026091401_06335.jpg;train;type1;easy;type1/easy
images/synthetic/syn_v2_2026091401_06336.jpg;val;type1b;easy;type1b/easy
images/synthetic/syn_v2_2026091401_06337.jpg;train;type1b;medium;type1b/medium
images/synthetic/syn_v2_2026091401_06338.jpg;train;type1a;easy;type1a/easy
images/synthetic/syn_v2_2026091401_06339.jpg;train;type1;medium;type1/medium
images/synthetic/syn_v2_2026091401_06340.jpg;val;type1b;easy;type1b/easy
images/synthetic/syn_v2_2026091401_06341.jpg;val;type1b;hard;type1b/hard
images/synthetic/syn_v2_2026091401_06342.jpg;train;type1b;easy;type1b/easy
images/synthetic/syn_v2_2026091401_06343.jpg;train;type1a;easy;type1a/easy
images/synthetic/syn_v2_2026091401_06344.jpg;train;type1a;medium;type1a/medium
images/synthetic/syn_v2_2026091401_06345.jpg;train;type1b;hard;type1b/hard
images/synthetic/syn_v2_2026091401_06346.jpg;train;type1a;easy;type1a/easy
images/synthetic/syn_v2_2026091401_06347.jpg;train;type1a;medium;type1a/medium
images/synthetic/syn_v2_2026091401_06348.jpg;train;type1b;hard;type1b/hard
images/synthetic/syn_v2_2026091401_06349.jpg;train;type1b;medium;type1b/medium
images/synthetic/syn_v2_2026091401_06350.jpg;train;type1a;easy;type1a/easy
images/synthetic/syn_v2_2026091401_06351.jpg;train;type1a;medium;type1a/medium
images/synthetic/syn_v2_2026091401_06352.jpg;train;type1b;medium;type1b/medium
images/synthetic/syn_v2_2026091401_06353.jpg;train;type1b;easy;type1b/easy
images/synthetic/syn_v2_2026091401_06354.jpg;train;type1a;hard;type1a/hard
images/synthetic/syn_v2_2026091401_06355.jpg;train;type1b;easy;type1b/easy
images/synthetic/syn_v2_2026091401_06356.jpg;train;type1b;medium;type1b/medium
images/synthetic/syn_v2_2026091401_06357.jpg;train;type1b;easy;type1b/easy
images/synthetic/syn_v2_2026091401_06358.jpg;train;type1a;medium;type1a/medium
images/synthetic/syn_v2_2026091401_06359.jpg;train;type1b;medium;type1b/medium
images/synthetic/syn_v2_2026091401_06360.jpg;train;type1b;easy;type1b/easy
images/synthetic/syn_v2_2026091401_06361.jpg;train;type1b;easy;type1b/easy
images/synthetic/syn_v2_2026091401_06362.jpg;train;type1b;medium;type1b/medium
images/synthetic/syn_v2_2026091401_06363.jpg;val;type1;hard;type1/hard
images/synthetic/syn_v2_2026091401_06364.jpg;train;type1a;easy;type1a/easy
images/synthetic/syn_v2_2026091401_06365.jpg;train;type1a;easy;type1a/easy
images/synthetic/syn_v2_2026091401_06366.jpg;train;type1a;medium;type1a/medium
images/synthetic/syn_v2_2026091401_06367.jpg;train;type1b;hard;type1b/hard
images/synthetic/syn_v2_2026091401_06368.jpg;test;type1b;medium;type1b/medium
images/synthetic/syn_v2_2026091401_06369.jpg;train;type1;easy;type1/easy
images/synthetic/syn_v2_2026091401_06370.jpg;train;type1b;medium;type1b/medium
images/synthetic/syn_v2_2026091401_06371.jpg;train;type1;easy;type1/easy
images/synthetic/syn_v2_2026091401_06372.jpg;train;type1b;medium;type1b/medium
images/synthetic/syn_v2_2026091401_06373.jpg;val;type1b;hard;type1b/hard
images/synthetic/syn_v2_2026091401_06374.jpg;train;type1a;medium;type1a/medium
images/synthetic/syn_v2_2026091401_06375.jpg;train;type1b;easy;type1b/easy
images/synthetic/syn_v2_2026091401_06376.jpg;train;type1a;hard;type1a/hard
images/synthetic/syn_v2_2026091401_06377.jpg;val;type1b;hard;type1b/hard
images/synthetic/syn_v2_2026091401_06378.jpg;train;type1b;medium;type1b/medium
images/synthetic/syn_v2_2026091401_06379.jpg;train;type1b;medium;type1b/medium
images/synthetic/syn_v2_2026091401_06380.jpg;val;type1a;easy;type1a/easy
images/synthetic/syn_v2_2026091401_06381.jpg;train;type1a;medium;type1a/medium
images/synthetic/syn_v2_2026091401_06382.jpg;val;type1b;medium;type1b/medium
images/synthetic/syn_v2_2026091401_06383.jpg;train;type1a;easy;type1a/easy
images/synthetic/syn_v2_2026091401_06384.jpg;train;type1a;medium;type1a/medium
images/synthetic/syn_v2_2026091401_06385.jpg;train;type1b;hard;type1b/hard
images/synthetic/syn_v2_2026091401_06386.jpg;train;type1;easy;type1/easy
images/synthetic/syn_v2_2026091401_06387.jpg;train;type1b;medium;type1b/medium
images/synthetic/syn_v2_2026091401_06388.jpg;val;type1b;medium;type1b/medium
images/synthetic/syn_v2_2026091401_06389.jpg;train;type1b;medium;type1b/medium
images/synthetic/syn_v2_2026091401_06390.jpg;train;type1;easy;type1/easy
images/synthetic/syn_v2_2026091401_06391.jpg;train;type1a;easy;type1a/easy
images/synthetic/syn_v2_2026091401_06392.jpg;train;type1;easy;type1/easy
images/synthetic/syn_v2_2026091401_06393.jpg;train;type1b;hard;type1b/hard
images/synthetic/syn_v2_2026091401_06394.jpg;train;type1a;easy;type1a/easy
images/synthetic/syn_v2_2026091401_06395.jpg;train;type1a;medium;type1a/medium
images/synthetic/syn_v2_2026091401_06396.jpg;train;type1b;medium;type1b/medium
images/synthetic/syn_v2_2026091401_06397.jpg;train;type1b;medium;type1b/medium
images/synthetic/syn_v2_2026091401_06398.jpg;train;type1b;easy;type1b/easy
images/synthetic/syn_v2_2026091401_06399.jpg;train;type1;medium;type1/medium
images/synthetic/syn_v2_2026091401_06400.jpg;train;type1a;medium;type1a/medium
images/synthetic/syn_v2_2026091401_06401.jpg;train;type1a;medium;type1a/medium
images/synthetic/syn_v2_2026091401_06402.jpg;train;type1;medium;type1/medium
images/synthetic/syn_v2_2026091401_06403.jpg;train;type1a;hard;type1a/hard
images/synthetic/syn_v2_2026091401_06404.jpg;train;type1b;medium;type1b/medium
images/synthetic/syn_v2_2026091401_06405.jpg;train;type1b;easy;type1b/easy
images/synthetic/syn_v2_2026091401_06406.jpg;train;type1b;hard;type1b/hard
images/synthetic/syn_v2_2026091401_06407.jpg;train;type1a;easy;type1a/easy
images/synthetic/syn_v2_2026091401_06408.jpg;train;type1b;easy;type1b/easy
images/synthetic/syn_v2_2026091401_06409.jpg;val;type1;easy;type1/easy
images/synthetic/syn_v2_2026091401_06410.jpg;train;type1a;medium;type1a/medium
images/synthetic/syn_v2_2026091401_06411.jpg;train;type1a;medium;type1a/medium
images/synthetic/syn_v2_2026091401_06412.jpg;train;type1a;medium;type1a/medium
images/synthetic/syn_v2_2026091401_06413.jpg;train;type1b;easy;type1b/easy
images/synthetic/syn_v2_2026091401_06414.jpg;train;type1b;easy;type1b/easy
images/synthetic/syn_v2_2026091401_06415.jpg;train;type1a;medium;type1a/medium
images/synthetic/syn_v2_2026091401_06416.jpg;train;type1a;easy;type1a/easy
images/synthetic/syn_v2_2026091401_06417.jpg;train;type1a;medium;type1a/medium
images/synthetic/syn_v2_2026091401_06418.jpg;train;type1b;medium;type1b/medium
images/synthetic/syn_v2_2026091401_06419.jpg;train;type1;easy;type1/easy
images/synthetic/syn_v2_2026091401_06420.jpg;train;type1b;medium;type1b/medium
images/synthetic/syn_v2_2026091401_06421.jpg;train;type1b;medium;type1b/medium
images/synthetic/syn_v2_2026091401_06422.jpg;train;type1b;easy;type1b/easy
images/synthetic/syn_v2_2026091401_06423.jpg;train;type1a;hard;type1a/hard
images/synthetic/syn_v2_2026091401_06424.jpg;val;type1b;hard;type1b/hard
images/synthetic/syn_v2_2026091401_06425.jpg;val;type1b;easy;type1b/easy
images/synthetic/syn_v2_2026091401_06426.jpg;train;type1b;easy;type1b/easy
images/synthetic/syn_v2_2026091401_06427.jpg;train;type1b;medium;type1b/medium
images/synthetic/syn_v2_2026091401_06428.jpg;train;type1a;medium;type1a/medium
images/synthetic/syn_v2_2026091401_06429.jpg;train;type1a;medium;type1a/medium
images/synthetic/syn_v2_2026091401_06430.jpg;train;type1;medium;type1/medium
images/synthetic/syn_v2_2026091401_06431.jpg;train;type1a;easy;type1a/easy
images/synthetic/syn_v2_2026091401_06432.jpg;train;type1;medium;type1/medium
images/synthetic/syn_v2_2026091401_06433.jpg;train;type1b;medium;type1b/medium
images/synthetic/syn_v2_2026091401_06434.jpg;train;type1a;easy;type1a/easy
images/synthetic/syn_v2_2026091401_06435.jpg;train;type1b;medium;type1b/medium
images/synthetic/syn_v2_2026091401_06436.jpg;train;type1a;easy;type1a/easy
images/synthetic/syn_v2_2026091401_06437.jpg;train;type1b;medium;type1b/medium
images/synthetic/syn_v2_2026091401_06438.jpg;train;type1;easy;type1/easy
images/synthetic/syn_v2_2026091401_06439.jpg;train;type1b;medium;type1b/medium
images/synthetic/syn_v2_2026091401_06440.jpg;train;type1b;hard;type1b/hard
images/synthetic/syn_v2_2026091401_06441.jpg;train;type1;hard;type1/hard
images/synthetic/syn_v2_2026091401_06442.jpg;train;type1b;hard;type1b/hard
images/synthetic/syn_v2_2026091401_06443.jpg;train;type1a;medium;type1a/medium
images/synthetic/syn_v2_2026091401_06444.jpg;train;type1a;easy;type1a/easy
images/synthetic/syn_v2_2026091401_06445.jpg;val;type1;easy;type1/easy
images/synthetic/syn_v2_2026091401_06446.jpg;train;type1b;easy;type1b/easy
images/synthetic/syn_v2_2026091401_06447.jpg;train;type1a;easy;type1a/easy
images/synthetic/syn_v2_2026091401_06448.jpg;train;type1;medium;type1/medium
images/synthetic/syn_v2_2026091401_06449.jpg;train;type1a;easy;type1a/easy
images/synthetic/syn_v2_2026091401_06450.jpg;train;type1;medium;type1/medium
images/synthetic/syn_v2_2026091401_06451.jpg;train;type1b;medium;type1b/medium
images/synthetic/syn_v2_2026091401_06452.jpg;train;type1b;hard;type1b/hard
images/synthetic/syn_v2_2026091401_06453.jpg;train;type1b;medium;type1b/medium
images/synthetic/syn_v2_2026091401_06454.jpg;train;type1a;easy;type1a/easy
images/synthetic/syn_v2_2026091401_06455.jpg;train;type1;easy;type1/easy
images/synthetic/syn_v2_2026091401_06456.jpg;train;type1b;medium;type1b/medium
images/synthetic/syn_v2_2026091401_06457.jpg;train;type1a;easy;type1a/easy
images/synthetic/syn_v2_2026091401_06458.jpg;train;type1b;easy;type1b/easy
images/synthetic/syn_v2_2026091401_06459.jpg;train;type1a;hard;type1a/hard
images/synthetic/syn_v2_2026091401_06460.jpg;train;type1b;medium;type1b/medium
images/synthetic/syn_v2_2026091401_06461.jpg;test;type1;medium;type1/medium
images/synthetic/syn_v2_2026091401_06462.jpg;train;type1a;easy;type1a/easy
images/synthetic/syn_v2_2026091401_06463.jpg;train;type1a;medium;type1a/medium
images/synthetic/syn_v2_2026091401_06464.jpg;train;type1a;medium;type1a/medium
images/synthetic/syn_v2_2026091401_06465.jpg;train;type1b;easy;type1b/easy
images/synthetic/syn_v2_2026091401_06466.jpg;train;type1a;hard;type1a/hard
images/synthetic/syn_v2_2026091401_06467.jpg;train;type1b;hard;type1b/hard
images/synthetic/syn_v2_2026091401_06468.jpg;val;type1b;medium;type1b/medium
images/synthetic/syn_v2_2026091401_06469.jpg;train;type1a;easy;type1a/easy
images/synthetic/syn_v2_2026091401_06470.jpg;train;type1;medium;type1/medium
images/synthetic/syn_v2_2026091401_06471.jpg;train;type1b;easy;type1b/easy
images/synthetic/syn_v2_2026091401_06472.jpg;val;type1b;easy;type1b/easy
images/synthetic/syn_v2_2026091401_06473.jpg;train;type1b;medium;type1b/medium
images/synthetic/syn_v2_2026091401_06474.jpg;val;type1;easy;type1/easy
images/synthetic/syn_v2_2026091401_06475.jpg;train;type1b;easy;type1b/easy
images/synthetic/syn_v2_2026091401_06476.jpg;val;type1;medium;type1/medium
images/synthetic/syn_v2_2026091401_06477.jpg;train;type1a;medium;type1a/medium
images/synthetic/syn_v2_2026091401_06478.jpg;val;type1;easy;type1/easy
images/synthetic/syn_v2_2026091401_06479.jpg;train;type1b;easy;type1b/easy
images/synthetic/syn_v2_2026091401_06480.jpg;train;type1;medium;type1/medium
images/synthetic/syn_v2_2026091401_06481.jpg;train;type1b;medium;type1b/medium
images/synthetic/syn_v2_2026091401_06482.jpg;train;type1b;medium;type1b/medium
images/synthetic/syn_v2_2026091401_06483.jpg;train;type1;easy;type1/easy
images/synthetic/syn_v2_2026091401_06484.jpg;train;type1b;easy;type1b/easy
images/synthetic/syn_v2_2026091401_06485.jpg;train;type1b;easy;type1b/easy
images/synthetic/syn_v2_2026091401_06486.jpg;train;type1a;hard;type1a/hard
images/synthetic/syn_v2_2026091401_06487.jpg;train;type1;medium;type1/medium
images/synthetic/syn_v2_2026091401_06488.jpg;train;type1a;medium;type1a/medium
images/synthetic/syn_v2_2026091401_06489.jpg;train;type1b;easy;type1b/easy
images/synthetic/syn_v2_2026091401_06490.jpg;test;type1;medium;type1/medium
images/synthetic/syn_v2_2026091401_06491.jpg;train;type1;easy;type1/easy
images/synthetic/syn_v2_2026091401_06492.jpg;train;type1b;easy;type1b/easy
images/synthetic/syn_v2_2026091401_06493.jpg;train;type1;medium;type1/medium
images/synthetic/syn_v2_2026091401_06494.jpg;train;type1a;easy;type1a/easy
images/synthetic/syn_v2_2026091401_06495.jpg;train;type1;hard;type1/hard
images/synthetic/syn_v2_2026091401_06496.jpg;train;type1;medium;type1/medium
images/synthetic/syn_v2_2026091401_06497.jpg;train;type1;hard;type1/hard
images/synthetic/syn_v2_2026091401_06498.jpg;train;type1a;medium;type1a/medium
images/synthetic/syn_v2_2026091401_06499.jpg;train;type1b;medium;type1b/medium
images/synthetic/syn_v2_2026091401_06500.jpg;train;type1b;hard;type1b/hard
images/synthetic/syn_v2_2026091401_06501.jpg;train;type1a;easy;type1a/easy
images/synthetic/syn_v2_2026091401_06502.jpg;train;type1;easy;type1/easy
images/synthetic/syn_v2_2026091401_06503.jpg;train;type1;hard;type1/hard
images/synthetic/syn_v2_2026091401_06504.jpg;train;type1b;easy;type1b/easy
images/synthetic/syn_v2_2026091401_06505.jpg;val;type1;hard;type1/hard
images/synthetic/syn_v2_2026091401_06506.jpg;train;type1b;medium;type1b/medium
images/synthetic/syn_v2_2026091401_06507.jpg;train;type1a;medium;type1a/medium
images/synthetic/syn_v2_2026091401_06508.jpg;train;type1b;medium;type1b/medium
images/synthetic/syn_v2_2026091401_06509.jpg;train;type1;medium;type1/medium
images/synthetic/syn_v2_2026091401_06510.jpg;test;type1b;medium;type1b/medium
images/synthetic/syn_v2_2026091401_06511.jpg;train;type1b;medium;type1b/medium
images/synthetic/syn_v2_2026091401_06512.jpg;train;type1b;hard;type1b/hard
images/synthetic/syn_v2_2026091401_06513.jpg;train;type1a;medium;type1a/medium
images/synthetic/syn_v2_2026091401_06514.jpg;train;type1b;hard;type1b/hard
images/synthetic/syn_v2_2026091401_06515.jpg;train;type1b;medium;type1b/medium
images/synthetic/syn_v2_2026091401_06516.jpg;train;type1b;easy;type1b/easy
images/synthetic/syn_v2_2026091401_06517.jpg;train;type1b;easy;type1b/easy
images/synthetic/syn_v2_2026091401_06518.jpg;train;type1b;hard;type1b/hard
images/synthetic/syn_v2_2026091401_06519.jpg;train;type1b;medium;type1b/medium
images/synthetic/syn_v2_2026091401_06520.jpg;train;type1b;medium;type1b/medium
images/synthetic/syn_v2_2026091401_06521.jpg;train;type1;easy;type1/easy
images/synthetic/syn_v2_2026091401_06522.jpg;val;type1a;easy;type1a/easy
images/synthetic/syn_v2_2026091401_06523.jpg;train;type1a;hard;type1a/hard
images/synthetic/syn_v2_2026091401_06524.jpg;train;type1b;medium;type1b/medium
images/synthetic/syn_v2_2026091401_06525.jpg;train;type1b;medium;type1b/medium
images/synthetic/syn_v2_2026091401_06526.jpg;val;type1a;medium;type1a/medium
images/synthetic/syn_v2_2026091401_06527.jpg;train;type1a;easy;type1a/easy
images/synthetic/syn_v2_2026091401_06528.jpg;train;type1a;medium;type1a/medium
images/synthetic/syn_v2_2026091401_06529.jpg;test;type1a;hard;type1a/hard
images/synthetic/syn_v2_2026091401_06530.jpg;train;type1;easy;type1/easy
images/synthetic/syn_v2_2026091401_06531.jpg;train;type1b;easy;type1b/easy
images/synthetic/syn_v2_2026091401_06532.jpg;train;type1b;hard;type1b/hard
images/synthetic/syn_v2_2026091401_06533.jpg;train;type1;hard;type1/hard
images/synthetic/syn_v2_2026091401_06534.jpg;train;type1a;easy;type1a/easy
images/synthetic/syn_v2_2026091401_06535.jpg;train;type1;medium;type1/medium
images/synthetic/syn_v2_2026091401_06536.jpg;train;type1b;easy;type1b/easy
images/synthetic/syn_v2_2026091401_06537.jpg;train;type1b;medium;type1b/medium
images/synthetic/syn_v2_2026091401_06538.jpg;train;type1b;medium;type1b/medium
images/synthetic/syn_v2_2026091401_06539.jpg;train;type1a;medium;type1a/medium
images/synthetic/syn_v2_2026091401_06540.jpg;train;type1b;medium;type1b/medium
images/synthetic/syn_v2_2026091401_06541.jpg;train;type1b;easy;type1b/easy
images/synthetic/syn_v2_2026091401_06542.jpg;val;type1a;easy;type1a/easy
images/synthetic/syn_v2_2026091401_06543.jpg;train;type1b;medium;type1b/medium
images/synthetic/syn_v2_2026091401_06544.jpg;train;type1a;easy;type1a/easy
images/synthetic/syn_v2_2026091401_06545.jpg;val;type1a;easy;type1a/easy
images/synthetic/syn_v2_2026091401_06546.jpg;val;type1a;medium;type1a/medium
images/synthetic/syn_v2_2026091401_06547.jpg;train;type1b;medium;type1b/medium
images/synthetic/syn_v2_2026091401_06548.jpg;train;type1b;medium;type1b/medium
images/synthetic/syn_v2_2026091401_06549.jpg;train;type1;hard;type1/hard
images/synthetic/syn_v2_2026091401_06550.jpg;train;type1a;medium;type1a/medium
images/synthetic/syn_v2_2026091401_06551.jpg;train;type1a;medium;type1a/medium
images/synthetic/syn_v2_2026091401_06552.jpg;train;type1b;medium;type1b/medium
images/synthetic/syn_v2_2026091401_06553.jpg;train;type1a;easy;type1a/easy
images/synthetic/syn_v2_2026091401_06554.jpg;train;type1a;hard;type1a/hard
images/synthetic/syn_v2_2026091401_06555.jpg;train;type1;easy;type1/easy
images/synthetic/syn_v2_2026091401_06556.jpg;train;type1b;medium;type1b/medium
images/synthetic/syn_v2_2026091401_06557.jpg;train;type1b;hard;type1b/hard
images/synthetic/syn_v2_2026091401_06558.jpg;train;type1a;hard;type1a/hard
images/synthetic/syn_v2_2026091401_06559.jpg;test;type1a;hard;type1a/hard
images/synthetic/syn_v2_2026091401_06560.jpg;val;type1a;easy;type1a/easy
images/synthetic/syn_v2_2026091401_06561.jpg;train;type1b;easy;type1b/easy
images/synthetic/syn_v2_2026091401_06562.jpg;train;type1a;easy;type1a/easy
images/synthetic/syn_v2_2026091401_06563.jpg;train;type1a;medium;type1a/medium
images/synthetic/syn_v2_2026091401_06564.jpg;train;type1;easy;type1/easy
images/synthetic/syn_v2_2026091401_06565.jpg;train;type1b;medium;type1b/medium
images/synthetic/syn_v2_2026091401_06566.jpg;train;type1b;easy;type1b/easy
images/synthetic/syn_v2_2026091401_06567.jpg;train;type1;easy;type1/easy
images/synthetic/syn_v2_2026091401_06568.jpg;train;type1a;medium;type1a/medium
images/synthetic/syn_v2_2026091401_06569.jpg;train;type1a;hard;type1a/hard
images/synthetic/syn_v2_2026091401_06570.jpg;train;type1b;medium;type1b/medium
images/synthetic/syn_v2_2026091401_06571.jpg;train;type1;medium;type1/medium
images/synthetic/syn_v2_2026091401_06572.jpg;train;type1;medium;type1/medium
images/synthetic/syn_v2_2026091401_06573.jpg;train;type1a;easy;type1a/easy
images/synthetic/syn_v2_2026091401_06574.jpg;train;type1a;medium;type1a/medium
images/synthetic/syn_v2_2026091401_06575.jpg;train;type1a;medium;type1a/medium
images/synthetic/syn_v2_2026091401_06576.jpg;train;type1b;easy;type1b/easy
images/synthetic/syn_v2_2026091401_06577.jpg;test;type1;easy;type1/easy
images/synthetic/syn_v2_2026091401_06578.jpg;train;type1;hard;type1/hard
images/synthetic/syn_v2_2026091401_06579.jpg;train;type1b;hard;type1b/hard
images/synthetic/syn_v2_2026091401_06580.jpg;train;type1a;medium;type1a/medium
images/synthetic/syn_v2_2026091401_06581.jpg;train;type1b;easy;type1b/easy
images/synthetic/syn_v2_2026091401_06582.jpg;val;type1a;easy;type1a/easy
images/synthetic/syn_v2_2026091401_06583.jpg;train;type1;easy;type1/easy
images/synthetic/syn_v2_2026091401_06584.jpg;train;type1a;medium;type1a/medium
images/synthetic/syn_v2_2026091401_06585.jpg;train;type1a;medium;type1a/medium
images/synthetic/syn_v2_2026091401_06586.jpg;train;type1;medium;type1/medium
images/synthetic/syn_v2_2026091401_06587.jpg;train;type1;easy;type1/easy
images/synthetic/syn_v2_2026091401_06588.jpg;test;type1;hard;type1/hard
images/synthetic/syn_v2_2026091401_06589.jpg;val;type1a;medium;type1a/medium
images/synthetic/syn_v2_2026091401_06590.jpg;train;type1b;hard;type1b/hard
images/synthetic/syn_v2_2026091401_06591.jpg;train;type1;medium;type1/medium
images/synthetic/syn_v2_2026091401_06592.jpg;train;type1a;easy;type1a/easy
images/synthetic/syn_v2_2026091401_06593.jpg;train;type1b;medium;type1b/medium
images/synthetic/syn_v2_2026091401_06594.jpg;test;type1;medium;type1/medium
images/synthetic/syn_v2_2026091401_06595.jpg;train;type1b;easy;type1b/easy
images/synthetic/syn_v2_2026091401_06596.jpg;train;type1a;medium;type1a/medium
images/synthetic/syn_v2_2026091401_06597.jpg;train;type1a;medium;type1a/medium
images/synthetic/syn_v2_2026091401_06598.jpg;train;type1a;medium;type1a/medium
images/synthetic/syn_v2_2026091401_06599.jpg;train;type1;medium;type1/medium
images/synthetic/syn_v2_2026091401_06600.jpg;val;type1a;easy;type1a/easy
images/synthetic/syn_v2_2026091401_06601.jpg;train;type1;medium;type1/medium
images/synthetic/syn_v2_2026091401_06602.jpg;train;type1b;medium;type1b/medium
images/synthetic/syn_v2_2026091401_06603.jpg;train;type1a;medium;type1a/medium
images/synthetic/syn_v2_2026091401_06604.jpg;train;type1a;easy;type1a/easy
images/synthetic/syn_v2_2026091401_06605.jpg;train;type1b;medium;type1b/medium
images/synthetic/syn_v2_2026091401_06606.jpg;train;type1a;easy;type1a/easy
images/synthetic/syn_v2_2026091401_06607.jpg;train;type1;easy;type1/easy
images/synthetic/syn_v2_2026091401_06608.jpg;train;type1a;medium;type1a/medium
images/synthetic/syn_v2_2026091401_06609.jpg;val;type1b;easy;type1b/easy
images/synthetic/syn_v2_2026091401_06610.jpg;train;type1a;easy;type1a/easy
images/synthetic/syn_v2_2026091401_06611.jpg;train;type1a;hard;type1a/hard
images/synthetic/syn_v2_2026091401_06612.jpg;test;type1a;medium;type1a/medium
images/synthetic/syn_v2_2026091401_06613.jpg;train;type1a;easy;type1a/easy
images/synthetic/syn_v2_2026091401_06614.jpg;train;type1b;easy;type1b/easy
images/synthetic/syn_v2_2026091401_06615.jpg;train;type1b;hard;type1b/hard
images/synthetic/syn_v2_2026091401_06616.jpg;train;type1;medium;type1/medium
images/synthetic/syn_v2_2026091401_06617.jpg;train;type1a;easy;type1a/easy
images/synthetic/syn_v2_2026091401_06618.jpg;train;type1b;medium;type1b/medium
images/synthetic/syn_v2_2026091401_06619.jpg;train;type1b;easy;type1b/easy
images/synthetic/syn_v2_2026091401_06620.jpg;val;type1a;hard;type1a/hard
images/synthetic/syn_v2_2026091401_06621.jpg;train;type1;medium;type1/medium
images/synthetic/syn_v2_2026091401_06622.jpg;train;type1a;medium;type1a/medium
images/synthetic/syn_v2_2026091401_06623.jpg;train;type1b;medium;type1b/medium
images/synthetic/syn_v2_2026091401_06624.jpg;train;type1b;hard;type1b/hard
images/synthetic/syn_v2_2026091401_06625.jpg;train;type1b;easy;type1b/easy
images/synthetic/syn_v2_2026091401_06626.jpg;train;type1a;hard;type1a/hard
images/synthetic/syn_v2_2026091401_06627.jpg;train;type1a;hard;type1a/hard
images/synthetic/syn_v2_2026091401_06628.jpg;train;type1a;medium;type1a/medium
images/synthetic/syn_v2_2026091401_06629.jpg;train;type1a;hard;type1a/hard
images/synthetic/syn_v2_2026091401_06630.jpg;train;type1b;easy;type1b/easy
images/synthetic/syn_v2_2026091401_06631.jpg;train;type1b;medium;type1b/medium
images/synthetic/syn_v2_2026091401_06632.jpg;train;type1b;easy;type1b/easy
images/synthetic/syn_v2_2026091401_06633.jpg;train;type1a;easy;type1a/easy
images/synthetic/syn_v2_2026091401_06634.jpg;train;type1b;hard;type1b/hard
images/synthetic/syn_v2_2026091401_06635.jpg;train;type1;easy;type1/easy
images/synthetic/syn_v2_2026091401_06636.jpg;train;type1a;medium;type1a/medium
images/synthetic/syn_v2_2026091401_06637.jpg;train;type1b;hard;type1b/hard
images/synthetic/syn_v2_2026091401_06638.jpg;train;type1b;medium;type1b/medium
images/synthetic/syn_v2_2026091401_06639.jpg;train;type1a;easy;type1a/easy
images/synthetic/syn_v2_2026091401_06640.jpg;train;type1;easy;type1/easy
images/synthetic/syn_v2_2026091401_06641.jpg;train;type1a;easy;type1a/easy
images/synthetic/syn_v2_2026091401_06642.jpg;train;type1a;medium;type1a/medium
images/synthetic/syn_v2_2026091401_06643.jpg;train;type1;medium;type1/medium
images/synthetic/syn_v2_2026091401_06644.jpg;train;type1b;easy;type1b/easy
images/synthetic/syn_v2_2026091401_06645.jpg;val;type1;medium;type1/medium
images/synthetic/syn_v2_2026091401_06646.jpg;train;type1b;medium;type1b/medium
images/synthetic/syn_v2_2026091401_06647.jpg;val;type1;easy;type1/easy
images/synthetic/syn_v2_2026091401_06648.jpg;val;type1b;medium;type1b/medium
images/synthetic/syn_v2_2026091401_06649.jpg;test;type1a;hard;type1a/hard
images/synthetic/syn_v2_2026091401_06650.jpg;train;type1;easy;type1/easy
images/synthetic/syn_v2_2026091401_06651.jpg;train;type1;medium;type1/medium
images/synthetic/syn_v2_2026091401_06652.jpg;train;type1b;hard;type1b/hard
images/synthetic/syn_v2_2026091401_06653.jpg;train;type1b;medium;type1b/medium
images/synthetic/syn_v2_2026091401_06654.jpg;train;type1a;hard;type1a/hard
images/synthetic/syn_v2_2026091401_06655.jpg;train;type1b;hard;type1b/hard
images/synthetic/syn_v2_2026091401_06656.jpg;train;type1a;hard;type1a/hard
images/synthetic/syn_v2_2026091401_06657.jpg;train;type1b;medium;type1b/medium
images/synthetic/syn_v2_2026091401_06658.jpg;train;type1a;medium;type1a/medium
images/synthetic/syn_v2_2026091401_06659.jpg;train;type1b;medium;type1b/medium
images/synthetic/syn_v2_2026091401_06660.jpg;train;type1a;medium;type1a/medium
images/synthetic/syn_v2_2026091401_06661.jpg;train;type1;hard;type1/hard
images/synthetic/syn_v2_2026091401_06662.jpg;train;type1b;medium;type1b/medium
images/synthetic/syn_v2_2026091401_06663.jpg;test;type1b;medium;type1b/medium
images/synthetic/syn_v2_2026091401_06664.jpg;train;type1;easy;type1/easy
images/synthetic/syn_v2_2026091401_06665.jpg;train;type1;medium;type1/medium
images/synthetic/syn_v2_2026091401_06666.jpg;train;type1b;hard;type1b/hard
images/synthetic/syn_v2_2026091401_06667.jpg;train;type1;easy;type1/easy
images/synthetic/syn_v2_2026091401_06668.jpg;train;type1;medium;type1/medium
images/synthetic/syn_v2_2026091401_06669.jpg;test;type1b;easy;type1b/easy
images/synthetic/syn_v2_2026091401_06670.jpg;train;type1b;medium;type1b/medium
images/synthetic/syn_v2_2026091401_06671.jpg;val;type1b;easy;type1b/easy
images/synthetic/syn_v2_2026091401_06672.jpg;train;type1a;easy;type1a/easy
images/synthetic/syn_v2_2026091401_06673.jpg;train;type1a;easy;type1a/easy
images/synthetic/syn_v2_2026091401_06674.jpg;val;type1b;medium;type1b/medium
images/synthetic/syn_v2_2026091401_06675.jpg;train;type1a;medium;type1a/medium
images/synthetic/syn_v2_2026091401_06676.jpg;train;type1;easy;type1/easy
images/synthetic/syn_v2_2026091401_06677.jpg;train;type1a;medium;type1a/medium
images/synthetic/syn_v2_2026091401_06678.jpg;train;type1b;hard;type1b/hard
images/synthetic/syn_v2_2026091401_06679.jpg;val;type1b;medium;type1b/medium
images/synthetic/syn_v2_2026091401_06680.jpg;train;type1b;hard;type1b/hard
images/synthetic/syn_v2_2026091401_06681.jpg;train;type1a;hard;type1a/hard
images/synthetic/syn_v2_2026091401_06682.jpg;train;type1b;easy;type1b/easy
images/synthetic/syn_v2_2026091401_06683.jpg;train;type1a;medium;type1a/medium
images/synthetic/syn_v2_2026091401_06684.jpg;train;type1b;medium;type1b/medium
images/synthetic/syn_v2_2026091401_06685.jpg;train;type1b;easy;type1b/easy
images/synthetic/syn_v2_2026091401_06686.jpg;train;type1a;easy;type1a/easy
images/synthetic/syn_v2_2026091401_06687.jpg;train;type1a;hard;type1a/hard
images/synthetic/syn_v2_2026091401_06688.jpg;train;type1a;hard;type1a/hard
images/synthetic/syn_v2_2026091401_06689.jpg;train;type1;easy;type1/easy
images/synthetic/syn_v2_2026091401_06690.jpg;val;type1a;hard;type1a/hard
images/synthetic/syn_v2_2026091401_06691.jpg;train;type1a;hard;type1a/hard
images/synthetic/syn_v2_2026091401_06692.jpg;train;type1a;medium;type1a/medium
images/synthetic/syn_v2_2026091401_06693.jpg;test;type1;easy;type1/easy
images/synthetic/syn_v2_2026091401_06694.jpg;val;type1;medium;type1/medium
images/synthetic/syn_v2_2026091401_06695.jpg;train;type1b;easy;type1b/easy
images/synthetic/syn_v2_2026091401_06696.jpg;train;type1;medium;type1/medium
images/synthetic/syn_v2_2026091401_06697.jpg;train;type1a;medium;type1a/medium
images/synthetic/syn_v2_2026091401_06698.jpg;train;type1b;hard;type1b/hard
images/synthetic/syn_v2_2026091401_06699.jpg;train;type1;medium;type1/medium
images/synthetic/syn_v2_2026091401_06700.jpg;train;type1b;easy;type1b/easy
images/synthetic/syn_v2_2026091401_06701.jpg;train;type1a;easy;type1a/easy
images/synthetic/syn_v2_2026091401_06702.jpg;train;type1b;hard;type1b/hard
images/synthetic/syn_v2_2026091401_06703.jpg;train;type1a;medium;type1a/medium
images/synthetic/syn_v2_2026091401_06704.jpg;train;type1a;hard;type1a/hard
images/synthetic/syn_v2_2026091401_06705.jpg;train;type1b;hard;type1b/hard
images/synthetic/syn_v2_2026091401_06706.jpg;train;type1b;easy;type1b/easy
images/synthetic/syn_v2_2026091401_06707.jpg;train;type1;medium;type1/medium
images/synthetic/syn_v2_2026091401_06708.jpg;val;type1a;hard;type1a/hard
images/synthetic/syn_v2_2026091401_06709.jpg;val;type1a;easy;type1a/easy
images/synthetic/syn_v2_2026091401_06710.jpg;train;type1a;medium;type1a/medium
images/synthetic/syn_v2_2026091401_06711.jpg;train;type1b;medium;type1b/medium
images/synthetic/syn_v2_2026091401_06712.jpg;train;type1b;easy;type1b/easy
images/synthetic/syn_v2_2026091401_06713.jpg;train;type1;easy;type1/easy
images/synthetic/syn_v2_2026091401_06714.jpg;train;type1;easy;type1/easy
images/synthetic/syn_v2_2026091401_06715.jpg;train;type1b;hard;type1b/hard
images/synthetic/syn_v2_2026091401_06716.jpg;train;type1b;easy;type1b/easy
images/synthetic/syn_v2_2026091401_06717.jpg;train;type1;hard;type1/hard
images/synthetic/syn_v2_2026091401_06718.jpg;train;type1;medium;type1/medium
images/synthetic/syn_v2_2026091401_06719.jpg;train;type1a;easy;type1a/easy
images/synthetic/syn_v2_2026091401_06720.jpg;train;type1b;hard;type1b/hard
images/synthetic/syn_v2_2026091401_06721.jpg;train;type1b;easy;type1b/easy
images/synthetic/syn_v2_2026091401_06722.jpg;train;type1b;easy;type1b/easy
images/synthetic/syn_v2_2026091401_06723.jpg;val;type1b;easy;type1b/easy
images/synthetic/syn_v2_2026091401_06724.jpg;val;type1b;easy;type1b/easy
images/synthetic/syn_v2_2026091401_06725.jpg;train;type1;medium;type1/medium
images/synthetic/syn_v2_2026091401_06726.jpg;train;type1a;medium;type1a/medium
images/synthetic/syn_v2_2026091401_06727.jpg;train;type1b;easy;type1b/easy
images/synthetic/syn_v2_2026091401_06728.jpg;train;type1a;hard;type1a/hard
images/synthetic/syn_v2_2026091401_06729.jpg;train;type1;medium;type1/medium
images/synthetic/syn_v2_2026091401_06730.jpg;train;type1;easy;type1/easy
images/synthetic/syn_v2_2026091401_06731.jpg;train;type1b;easy;type1b/easy
images/synthetic/syn_v2_2026091401_06732.jpg;train;type1b;medium;type1b/medium
images/synthetic/syn_v2_2026091401_06733.jpg;train;type1a;hard;type1a/hard
images/synthetic/syn_v2_2026091401_06734.jpg;train;type1a;easy;type1a/easy
images/synthetic/syn_v2_2026091401_06735.jpg;train;type1b;hard;type1b/hard
images/synthetic/syn_v2_2026091401_06736.jpg;train;type1b;medium;type1b/medium
images/synthetic/syn_v2_2026091401_06737.jpg;train;type1;medium;type1/medium
images/synthetic/syn_v2_2026091401_06738.jpg;train;type1b;hard;type1b/hard
images/synthetic/syn_v2_2026091401_06739.jpg;train;type1;easy;type1/easy
images/synthetic/syn_v2_2026091401_06740.jpg;train;type1b;medium;type1b/medium
images/synthetic/syn_v2_2026091401_06741.jpg;train;type1a;medium;type1a/medium
images/synthetic/syn_v2_2026091401_06742.jpg;train;type1b;easy;type1b/easy
images/synthetic/syn_v2_2026091401_06743.jpg;train;type1;medium;type1/medium
images/synthetic/syn_v2_2026091401_06744.jpg;train;type1b;medium;type1b/medium
images/synthetic/syn_v2_2026091401_06745.jpg;train;type1b;medium;type1b/medium
images/synthetic/syn_v2_2026091401_06746.jpg;train;type1;medium;type1/medium
images/synthetic/syn_v2_2026091401_06747.jpg;train;type1b;medium;type1b/medium
images/synthetic/syn_v2_2026091401_06748.jpg;train;type1;easy;type1/easy
images/synthetic/syn_v2_2026091401_06749.jpg;train;type1;hard;type1/hard
images/synthetic/syn_v2_2026091401_06750.jpg;train;type1a;medium;type1a/medium
images/synthetic/syn_v2_2026091401_06751.jpg;val;type1b;easy;type1b/easy
images/synthetic/syn_v2_2026091401_06752.jpg;train;type1a;medium;type1a/medium
images/synthetic/syn_v2_2026091401_06753.jpg;train;type1a;medium;type1a/medium
images/synthetic/syn_v2_2026091401_06754.jpg;train;type1b;medium;type1b/medium
images/synthetic/syn_v2_2026091401_06755.jpg;train;type1;hard;type1/hard
images/synthetic/syn_v2_2026091401_06756.jpg;train;type1;easy;type1/easy
images/synthetic/syn_v2_2026091401_06757.jpg;train;type1b;medium;type1b/medium
images/synthetic/syn_v2_2026091401_06758.jpg;train;type1;easy;type1/easy
images/synthetic/syn_v2_2026091401_06759.jpg;train;type1a;medium;type1a/medium
images/synthetic/syn_v2_2026091401_06760.jpg;train;type1a;easy;type1a/easy
images/synthetic/syn_v2_2026091401_06761.jpg;val;type1a;easy;type1a/easy
images/synthetic/syn_v2_2026091401_06762.jpg;test;type1;easy;type1/easy
images/synthetic/syn_v2_2026091401_06763.jpg;train;type1b;hard;type1b/hard
images/synthetic/syn_v2_2026091401_06764.jpg;train;type1a;medium;type1a/medium
images/synthetic/syn_v2_2026091401_06765.jpg;train;type1b;medium;type1b/medium
images/synthetic/syn_v2_2026091401_06766.jpg;train;type1b;hard;type1b/hard
images/synthetic/syn_v2_2026091401_06767.jpg;train;type1b;easy;type1b/easy
images/synthetic/syn_v2_2026091401_06768.jpg;train;type1b;hard;type1b/hard
images/synthetic/syn_v2_2026091401_06769.jpg;train;type1a;easy;type1a/easy
images/synthetic/syn_v2_2026091401_06770.jpg;train;type1b;medium;type1b/medium
images/synthetic/syn_v2_2026091401_06771.jpg;train;type1a;hard;type1a/hard
images/synthetic/syn_v2_2026091401_06772.jpg;train;type1a;medium;type1a/medium
images/synthetic/syn_v2_2026091401_06773.jpg;train;type1a;medium;type1a/medium
images/synthetic/syn_v2_2026091401_06774.jpg;train;type1;medium;type1/medium
images/synthetic/syn_v2_2026091401_06775.jpg;train;type1;easy;type1/easy
images/synthetic/syn_v2_2026091401_06776.jpg;val;type1a;hard;type1a/hard
images/synthetic/syn_v2_2026091401_06777.jpg;train;type1b;easy;type1b/easy
images/synthetic/syn_v2_2026091401_06778.jpg;train;type1;medium;type1/medium
images/synthetic/syn_v2_2026091401_06779.jpg;val;type1b;easy;type1b/easy
images/synthetic/syn_v2_2026091401_06780.jpg;train;type1a;easy;type1a/easy
images/synthetic/syn_v2_2026091401_06781.jpg;train;type1b;easy;type1b/easy
images/synthetic/syn_v2_2026091401_06782.jpg;val;type1a;hard;type1a/hard
images/synthetic/syn_v2_2026091401_06783.jpg;train;type1a;medium;type1a/medium
images/synthetic/syn_v2_2026091401_06784.jpg;train;type1b;medium;type1b/medium
images/synthetic/syn_v2_2026091401_06785.jpg;train;type1a;easy;type1a/easy
images/synthetic/syn_v2_2026091401_06786.jpg;val;type1a;hard;type1a/hard
images/synthetic/syn_v2_2026091401_06787.jpg;train;type1a;medium;type1a/medium
images/synthetic/syn_v2_2026091401_06788.jpg;train;type1b;medium;type1b/medium
images/synthetic/syn_v2_2026091401_06789.jpg;train;type1a;medium;type1a/medium
images/synthetic/syn_v2_2026091401_06790.jpg;train;type1a;medium;type1a/medium
images/synthetic/syn_v2_2026091401_06791.jpg;train;type1b;easy;type1b/easy
images/synthetic/syn_v2_2026091401_06792.jpg;train;type1;easy;type1/easy
images/synthetic/syn_v2_2026091401_06793.jpg;train;type1a;hard;type1a/hard
images/synthetic/syn_v2_2026091401_06794.jpg;train;type1a;hard;type1a/hard
images/synthetic/syn_v2_2026091401_06795.jpg;train;type1a;easy;type1a/easy
images/synthetic/syn_v2_2026091401_06796.jpg;train;type1b;medium;type1b/medium
images/synthetic/syn_v2_2026091401_06797.jpg;train;type1a;medium;type1a/medium
images/synthetic/syn_v2_2026091401_06798.jpg;test;type1a;medium;type1a/medium
images/synthetic/syn_v2_2026091401_06799.jpg;train;type1;medium;type1/medium
images/synthetic/syn_v2_2026091401_06800.jpg;train;type1b;medium;type1b/medium
images/synthetic/syn_v2_2026091401_06801.jpg;train;type1b;medium;type1b/medium
images/synthetic/syn_v2_2026091401_06802.jpg;train;type1a;easy;type1a/easy
images/synthetic/syn_v2_2026091401_06803.jpg;val;type1b;medium;type1b/medium
images/synthetic/syn_v2_2026091401_06804.jpg;train;type1a;hard;type1a/hard
images/synthetic/syn_v2_2026091401_06805.jpg;train;type1a;medium;type1a/medium
images/synthetic/syn_v2_2026091401_06806.jpg;val;type1b;easy;type1b/easy
images/synthetic/syn_v2_2026091401_06807.jpg;val;type1b;medium;type1b/medium
images/synthetic/syn_v2_2026091401_06808.jpg;train;type1a;medium;type1a/medium
images/synthetic/syn_v2_2026091401_06809.jpg;train;type1;medium;type1/medium
images/synthetic/syn_v2_2026091401_06810.jpg;train;type1b;medium;type1b/medium
images/synthetic/syn_v2_2026091401_06811.jpg;train;type1;medium;type1/medium
images/synthetic/syn_v2_2026091401_06812.jpg;train;type1a;medium;type1a/medium
images/synthetic/syn_v2_2026091401_06813.jpg;train;type1b;medium;type1b/medium
images/synthetic/syn_v2_2026091401_06814.jpg;train;type1b;medium;type1b/medium
images/synthetic/syn_v2_2026091401_06815.jpg;train;type1;medium;type1/medium
images/synthetic/syn_v2_2026091401_06816.jpg;train;type1a;medium;type1a/medium
images/synthetic/syn_v2_2026091401_06817.jpg;train;type1;hard;type1/hard
images/synthetic/syn_v2_2026091401_06818.jpg;train;type1;hard;type1/hard
images/synthetic/syn_v2_2026091401_06819.jpg;test;type1a;medium;type1a/medium
images/synthetic/syn_v2_2026091401_06820.jpg;val;type1a;easy;type1a/easy
images/synthetic/syn_v2_2026091401_06821.jpg;train;type1b;easy;type1b/easy
images/synthetic/syn_v2_2026091401_06822.jpg;train;type1a;medium;type1a/medium
images/synthetic/syn_v2_2026091401_06823.jpg;train;type1;easy;type1/easy
images/synthetic/syn_v2_2026091401_06824.jpg;val;type1a;hard;type1a/hard
images/synthetic/syn_v2_2026091401_06825.jpg;train;type1b;medium;type1b/medium
images/synthetic/syn_v2_2026091401_06826.jpg;train;type1b;easy;type1b/easy
images/synthetic/syn_v2_2026091401_06827.jpg;train;type1;easy;type1/easy
images/synthetic/syn_v2_2026091401_06828.jpg;val;type1b;hard;type1b/hard
images/synthetic/syn_v2_2026091401_06829.jpg;train;type1b;medium;type1b/medium
images/synthetic/syn_v2_2026091401_06830.jpg;train;type1;medium;type1/medium
images/synthetic/syn_v2_2026091401_06831.jpg;train;type1a;medium;type1a/medium
images/synthetic/syn_v2_2026091401_06832.jpg;train;type1a;medium;type1a/medium
images/synthetic/syn_v2_2026091401_06833.jpg;train;type1a;medium;type1a/medium
images/synthetic/syn_v2_2026091401_06834.jpg;val;type1b;hard;type1b/hard
images/synthetic/syn_v2_2026091401_06835.jpg;train;type1a;easy;type1a/easy
images/synthetic/syn_v2_2026091401_06836.jpg;train;type1b;easy;type1b/easy
images/synthetic/syn_v2_2026091401_06837.jpg;train;type1b;medium;type1b/medium
images/synthetic/syn_v2_2026091401_06838.jpg;test;type1a;medium;type1a/medium
images/synthetic/syn_v2_2026091401_06839.jpg;train;type1a;medium;type1a/medium
images/synthetic/syn_v2_2026091401_06840.jpg;train;type1;medium;type1/medium
images/synthetic/syn_v2_2026091401_06841.jpg;train;type1;easy;type1/easy
images/synthetic/syn_v2_2026091401_06842.jpg;train;type1b;easy;type1b/easy
images/synthetic/syn_v2_2026091401_06843.jpg;train;type1a;medium;type1a/medium
images/synthetic/syn_v2_2026091401_06844.jpg;train;type1a;hard;type1a/hard
images/synthetic/syn_v2_2026091401_06845.jpg;test;type1b;hard;type1b/hard
images/synthetic/syn_v2_2026091401_06846.jpg;train;type1;medium;type1/medium
images/synthetic/syn_v2_2026091401_06847.jpg;train;type1a;medium;type1a/medium
images/synthetic/syn_v2_2026091401_06848.jpg;train;type1a;easy;type1a/easy
images/synthetic/syn_v2_2026091401_06849.jpg;val;type1a;easy;type1a/easy
images/synthetic/syn_v2_2026091401_06850.jpg;train;type1;medium;type1/medium
images/synthetic/syn_v2_2026091401_06851.jpg;train;type1a;easy;type1a/easy
images/synthetic/syn_v2_2026091401_06852.jpg;train;type1;hard;type1/hard
images/synthetic/syn_v2_2026091401_06853.jpg;train;type1;hard;type1/hard
images/synthetic/syn_v2_2026091401_06854.jpg;train;type1a;hard;type1a/hard
images/synthetic/syn_v2_2026091401_06855.jpg;train;type1a;easy;type1a/easy
images/synthetic/syn_v2_2026091401_06856.jpg;train;type1;medium;type1/medium
images/synthetic/syn_v2_2026091401_06857.jpg;train;type1a;medium;type1a/medium
images/synthetic/syn_v2_2026091401_06858.jpg;test;type1b;medium;type1b/medium
images/synthetic/syn_v2_2026091401_06859.jpg;train;type1;medium;type1/medium
images/synthetic/syn_v2_2026091401_06860.jpg;train;type1a;medium;type1a/medium
images/synthetic/syn_v2_2026091401_06861.jpg;test;type1b;easy;type1b/easy
images/synthetic/syn_v2_2026091401_06862.jpg;train;type1b;hard;type1b/hard
images/synthetic/syn_v2_2026091401_06863.jpg;train;type1b;hard;type1b/hard
images/synthetic/syn_v2_2026091401_06864.jpg;val;type1b;easy;type1b/easy
images/synthetic/syn_v2_2026091401_06865.jpg;train;type1a;hard;type1a/hard
images/synthetic/syn_v2_2026091401_06866.jpg;train;type1;medium;type1/medium
images/synthetic/syn_v2_2026091401_06867.jpg;train;type1a;easy;type1a/easy
images/synthetic/syn_v2_2026091401_06868.jpg;train;type1b;hard;type1b/hard
images/synthetic/syn_v2_2026091401_06869.jpg;train;type1b;medium;type1b/medium
images/synthetic/syn_v2_2026091401_06870.jpg;train;type1b;easy;type1b/easy
images/synthetic/syn_v2_2026091401_06871.jpg;train;type1;easy;type1/easy
images/synthetic/syn_v2_2026091401_06872.jpg;train;type1b;easy;type1b/easy
images/synthetic/syn_v2_2026091401_06873.jpg;train;type1a;easy;type1a/easy
images/synthetic/syn_v2_2026091401_06874.jpg;train;type1;medium;type1/medium
images/synthetic/syn_v2_2026091401_06875.jpg;test;type1;hard;type1/hard
images/synthetic/syn_v2_2026091401_06876.jpg;val;type1;medium;type1/medium
images/synthetic/syn_v2_2026091401_06877.jpg;train;type1b;easy;type1b/easy
images/synthetic/syn_v2_2026091401_06878.jpg;val;type1b;easy;type1b/easy
images/synthetic/syn_v2_2026091401_06879.jpg;train;type1a;medium;type1a/medium
images/synthetic/syn_v2_2026091401_06880.jpg;train;type1a;easy;type1a/easy
images/synthetic/syn_v2_2026091401_06881.jpg;train;type1b;easy;type1b/easy
images/synthetic/syn_v2_2026091401_06882.jpg;train;type1;medium;type1/medium
images/synthetic/syn_v2_2026091401_06883.jpg;train;type1b;easy;type1b/easy
images/synthetic/syn_v2_2026091401_06884.jpg;train;type1b;easy;type1b/easy
images/synthetic/syn_v2_2026091401_06885.jpg;train;type1a;easy;type1a/easy
images/synthetic/syn_v2_2026091401_06886.jpg;train;type1b;easy;type1b/easy
images/synthetic/syn_v2_2026091401_06887.jpg;train;type1b;medium;type1b/medium
images/synthetic/syn_v2_2026091401_06888.jpg;train;type1b;easy;type1b/easy
images/synthetic/syn_v2_2026091401_06889.jpg;train;type1a;easy;type1a/easy
images/synthetic/syn_v2_2026091401_06890.jpg;train;type1b;hard;type1b/hard
images/synthetic/syn_v2_2026091401_06891.jpg;train;type1b;medium;type1b/medium
images/synthetic/syn_v2_2026091401_06892.jpg;train;type1a;medium;type1a/medium
images/synthetic/syn_v2_2026091401_06893.jpg;train;type1a;easy;type1a/easy
images/synthetic/syn_v2_2026091401_06894.jpg;train;type1a;easy;type1a/easy
images/synthetic/syn_v2_2026091401_06895.jpg;train;type1b;hard;type1b/hard
images/synthetic/syn_v2_2026091401_06896.jpg;train;type1b;medium;type1b/medium
images/synthetic/syn_v2_2026091401_06897.jpg;train;type1;medium;type1/medium
images/synthetic/syn_v2_2026091401_06898.jpg;train;type1b;hard;type1b/hard
images/synthetic/syn_v2_2026091401_06899.jpg;train;type1a;easy;type1a/easy
images/synthetic/syn_v2_2026091401_06900.jpg;train;type1a;easy;type1a/easy
images/synthetic/syn_v2_2026091401_06901.jpg;train;type1a;hard;type1a/hard
images/synthetic/syn_v2_2026091401_06902.jpg;train;type1a;medium;type1a/medium
images/synthetic/syn_v2_2026091401_06903.jpg;train;type1b;medium;type1b/medium
images/synthetic/syn_v2_2026091401_06904.jpg;train;type1b;medium;type1b/medium
images/synthetic/syn_v2_2026091401_06905.jpg;test;type1b;easy;type1b/easy
images/synthetic/syn_v2_2026091401_06906.jpg;train;type1b;medium;type1b/medium
images/synthetic/syn_v2_2026091401_06907.jpg;train;type1a;medium;type1a/medium
images/synthetic/syn_v2_2026091401_06908.jpg;train;type1;medium;type1/medium
images/synthetic/syn_v2_2026091401_06909.jpg;train;type1b;easy;type1b/easy
images/synthetic/syn_v2_2026091401_06910.jpg;train;type1a;easy;type1a/easy
images/synthetic/syn_v2_2026091401_06911.jpg;train;type1;medium;type1/medium
images/synthetic/syn_v2_2026091401_06912.jpg;train;type1b;medium;type1b/medium
images/synthetic/syn_v2_2026091401_06913.jpg;train;type1a;medium;type1a/medium
images/synthetic/syn_v2_2026091401_06914.jpg;train;type1;medium;type1/medium
images/synthetic/syn_v2_2026091401_06915.jpg;val;type1b;easy;type1b/easy
images/synthetic/syn_v2_2026091401_06916.jpg;train;type1a;medium;type1a/medium
images/synthetic/syn_v2_2026091401_06917.jpg;train;type1a;medium;type1a/medium
images/synthetic/syn_v2_2026091401_06918.jpg;train;type1b;medium;type1b/medium
images/synthetic/syn_v2_2026091401_06919.jpg;train;type1b;medium;type1b/medium
images/synthetic/syn_v2_2026091401_06920.jpg;train;type1a;medium;type1a/medium
images/synthetic/syn_v2_2026091401_06921.jpg;train;type1b;hard;type1b/hard
images/synthetic/syn_v2_2026091401_06922.jpg;val;type1;medium;type1/medium
images/synthetic/syn_v2_2026091401_06923.jpg;train;type1a;medium;type1a/medium
images/synthetic/syn_v2_2026091401_06924.jpg;train;type1a;medium;type1a/medium
images/synthetic/syn_v2_2026091401_06925.jpg;train;type1b;medium;type1b/medium
images/synthetic/syn_v2_2026091401_06926.jpg;train;type1b;easy;type1b/easy
images/synthetic/syn_v2_2026091401_06927.jpg;train;type1a;hard;type1a/hard
images/synthetic/syn_v2_2026091401_06928.jpg;train;type1b;medium;type1b/medium
images/synthetic/syn_v2_2026091401_06929.jpg;train;type1;easy;type1/easy
images/synthetic/syn_v2_2026091401_06930.jpg;train;type1a;easy;type1a/easy
images/synthetic/syn_v2_2026091401_06931.jpg;train;type1;easy;type1/easy
images/synthetic/syn_v2_2026091401_06932.jpg;train;type1;medium;type1/medium
images/synthetic/syn_v2_2026091401_06933.jpg;train;type1b;easy;type1b/easy
images/synthetic/syn_v2_2026091401_06934.jpg;train;type1b;medium;type1b/medium
images/synthetic/syn_v2_2026091401_06935.jpg;train;type1a;hard;type1a/hard
images/synthetic/syn_v2_2026091401_06936.jpg;val;type1a;medium;type1a/medium
images/synthetic/syn_v2_2026091401_06937.jpg;val;type1a;medium;type1a/medium
images/synthetic/syn_v2_2026091401_06938.jpg;train;type1;easy;type1/easy
images/synthetic/syn_v2_2026091401_06939.jpg;train;type1a;easy;type1a/easy
images/synthetic/syn_v2_2026091401_06940.jpg;train;type1a;easy;type1a/easy
images/synthetic/syn_v2_2026091401_06941.jpg;train;type1a;hard;type1a/hard
images/synthetic/syn_v2_2026091401_06942.jpg;train;type1a;easy;type1a/easy
images/synthetic/syn_v2_2026091401_06943.jpg;train;type1;hard;type1/hard
images/synthetic/syn_v2_2026091401_06944.jpg;train;type1b;medium;type1b/medium
images/synthetic/syn_v2_2026091401_06945.jpg;train;type1b;hard;type1b/hard
images/synthetic/syn_v2_2026091401_06946.jpg;train;type1;easy;type1/easy
images/synthetic/syn_v2_2026091401_06947.jpg;train;type1a;hard;type1a/hard
images/synthetic/syn_v2_2026091401_06948.jpg;train;type1;hard;type1/hard
images/synthetic/syn_v2_2026091401_06949.jpg;train;type1;easy;type1/easy
images/synthetic/syn_v2_2026091401_06950.jpg;train;type1b;easy;type1b/easy
images/synthetic/syn_v2_2026091401_06951.jpg;train;type1a;medium;type1a/medium
images/synthetic/syn_v2_2026091401_06952.jpg;train;type1a;hard;type1a/hard
images/synthetic/syn_v2_2026091401_06953.jpg;train;type1a;easy;type1a/easy
images/synthetic/syn_v2_2026091401_06954.jpg;train;type1b;hard;type1b/hard
images/synthetic/syn_v2_2026091401_06955.jpg;train;type1;medium;type1/medium
images/synthetic/syn_v2_2026091401_06956.jpg;train;type1b;easy;type1b/easy
images/synthetic/syn_v2_2026091401_06957.jpg;test;type1a;medium;type1a/medium
images/synthetic/syn_v2_2026091401_06958.jpg;val;type1;hard;type1/hard
images/synthetic/syn_v2_2026091401_06959.jpg;train;type1;hard;type1/hard
images/synthetic/syn_v2_2026091401_06960.jpg;train;type1;medium;type1/medium
images/synthetic/syn_v2_2026091401_06961.jpg;train;type1a;medium;type1a/medium
images/synthetic/syn_v2_2026091401_06962.jpg;train;type1a;medium;type1a/medium
images/synthetic/syn_v2_2026091401_06963.jpg;train;type1a;medium;type1a/medium
images/synthetic/syn_v2_2026091401_06964.jpg;train;type1b;easy;type1b/easy
images/synthetic/syn_v2_2026091401_06965.jpg;val;type1b;easy;type1b/easy
images/synthetic/syn_v2_2026091401_06966.jpg;train;type1;medium;type1/medium
images/synthetic/syn_v2_2026091401_06967.jpg;train;type1b;hard;type1b/hard
images/synthetic/syn_v2_2026091401_06968.jpg;train;type1a;hard;type1a/hard
images/synthetic/syn_v2_2026091401_06969.jpg;train;type1b;easy;type1b/easy
images/synthetic/syn_v2_2026091401_06970.jpg;test;type1b;easy;type1b/easy
images/synthetic/syn_v2_2026091401_06971.jpg;train;type1b;medium;type1b/medium
images/synthetic/syn_v2_2026091401_06972.jpg;train;type1;hard;type1/hard
images/synthetic/syn_v2_2026091401_06973.jpg;train;type1b;medium;type1b/medium
images/synthetic/syn_v2_2026091401_06974.jpg;train;type1b;easy;type1b/easy
images/synthetic/syn_v2_2026091401_06975.jpg;train;type1b;hard;type1b/hard
images/synthetic/syn_v2_2026091401_06976.jpg;train;type1b;easy;type1b/easy
images/synthetic/syn_v2_2026091401_06977.jpg;train;type1a;easy;type1a/easy
images/synthetic/syn_v2_2026091401_06978.jpg;train;type1a;easy;type1a/easy
images/synthetic/syn_v2_2026091401_06979.jpg;train;type1b;easy;type1b/easy
images/synthetic/syn_v2_2026091401_06980.jpg;train;type1b;medium;type1b/medium
images/synthetic/syn_v2_2026091401_06981.jpg;val;type1b;easy;type1b/easy
images/synthetic/syn_v2_2026091401_06982.jpg;train;type1b;medium;type1b/medium
images/synthetic/syn_v2_2026091401_06983.jpg;train;type1;hard;type1/hard
images/synthetic/syn_v2_2026091401_06984.jpg;train;type1;medium;type1/medium
images/synthetic/syn_v2_2026091401_06985.jpg;train;type1b;hard;type1b/hard
images/synthetic/syn_v2_2026091401_06986.jpg;train;type1;medium;type1/medium
images/synthetic/syn_v2_2026091401_06987.jpg;train;type1b;medium;type1b/medium
images/synthetic/syn_v2_2026091401_06988.jpg;train;type1a;medium;type1a/medium
images/synthetic/syn_v2_2026091401_06989.jpg;train;type1b;hard;type1b/hard
images/synthetic/syn_v2_2026091401_06990.jpg;val;type1;medium;type1/medium
images/synthetic/syn_v2_2026091401_06991.jpg;val;type1b;easy;type1b/easy
images/synthetic/syn_v2_2026091401_06992.jpg;train;type1b;medium;type1b/medium
images/synthetic/syn_v2_2026091401_06993.jpg;train;type1b;hard;type1b/hard
images/synthetic/syn_v2_2026091401_06994.jpg;train;type1a;easy;type1a/easy
images/synthetic/syn_v2_2026091401_06995.jpg;train;type1;medium;type1/medium
images/synthetic/syn_v2_2026091401_06996.jpg;train;type1;medium;type1/medium
images/synthetic/syn_v2_2026091401_06997.jpg;train;type1b;easy;type1b/easy
images/synthetic/syn_v2_2026091401_06998.jpg;train;type1b;medium;type1b/medium
images/synthetic/syn_v2_2026091401_06999.jpg;train;type1;hard;type1/hard
images/synthetic/syn_v2_2026091401_07000.jpg;train;type1;easy;type1/easy
images/synthetic/syn_v2_2026091401_07001.jpg;train;type1b;easy;type1b/easy
images/synthetic/syn_v2_2026091401_07002.jpg;train;type1;medium;type1/medium
images/synthetic/syn_v2_2026091401_07003.jpg;train;type1;medium;type1/medium
images/synthetic/syn_v2_2026091401_07004.jpg;train;type1;medium;type1/medium
images/synthetic/syn_v2_2026091401_07005.jpg;train;type1b;medium;type1b/medium
images/synthetic/syn_v2_2026091401_07006.jpg;train;type1a;medium;type1a/medium
images/synthetic/syn_v2_2026091401_07007.jpg;train;type1a;easy;type1a/easy
images/synthetic/syn_v2_2026091401_07008.jpg;train;type1b;easy;type1b/easy
images/synthetic/syn_v2_2026091401_07009.jpg;train;type1b;medium;type1b/medium
images/synthetic/syn_v2_2026091401_07010.jpg;train;type1;medium;type1/medium
images/synthetic/syn_v2_2026091401_07011.jpg;train;type1a;medium;type1a/medium
images/synthetic/syn_v2_2026091401_07012.jpg;train;type1;medium;type1/medium
images/synthetic/syn_v2_2026091401_07013.jpg;test;type1a;easy;type1a/easy
images/synthetic/syn_v2_2026091401_07014.jpg;train;type1;easy;type1/easy
images/synthetic/syn_v2_2026091401_07015.jpg;train;type1b;medium;type1b/medium
images/synthetic/syn_v2_2026091401_07016.jpg;train;type1;easy;type1/easy
images/synthetic/syn_v2_2026091401_07017.jpg;train;type1a;hard;type1a/hard
images/synthetic/syn_v2_2026091401_07018.jpg;train;type1a;hard;type1a/hard
images/synthetic/syn_v2_2026091401_07019.jpg;val;type1;medium;type1/medium
images/synthetic/syn_v2_2026091401_07020.jpg;train;type1b;easy;type1b/easy
images/synthetic/syn_v2_2026091401_07021.jpg;train;type1b;medium;type1b/medium
images/synthetic/syn_v2_2026091401_07022.jpg;train;type1b;hard;type1b/hard
images/synthetic/syn_v2_2026091401_07023.jpg;train;type1b;easy;type1b/easy
images/synthetic/syn_v2_2026091401_07024.jpg;train;type1b;hard;type1b/hard
images/synthetic/syn_v2_2026091401_07025.jpg;train;type1a;medium;type1a/medium
images/synthetic/syn_v2_2026091401_07026.jpg;train;type1;medium;type1/medium
images/synthetic/syn_v2_2026091401_07027.jpg;train;type1b;medium;type1b/medium
images/synthetic/syn_v2_2026091401_07028.jpg;train;type1b;medium;type1b/medium
images/synthetic/syn_v2_2026091401_07029.jpg;train;type1b;easy;type1b/easy
images/synthetic/syn_v2_2026091401_07030.jpg;train;type1;hard;type1/hard
images/synthetic/syn_v2_2026091401_07031.jpg;train;type1b;medium;type1b/medium
images/synthetic/syn_v2_2026091401_07032.jpg;train;type1a;medium;type1a/medium
images/synthetic/syn_v2_2026091401_07033.jpg;train;type1a;medium;type1a/medium
images/synthetic/syn_v2_2026091401_07034.jpg;train;type1a;medium;type1a/medium
images/synthetic/syn_v2_2026091401_07035.jpg;val;type1;easy;type1/easy
images/synthetic/syn_v2_2026091401_07036.jpg;train;type1;easy;type1/easy
images/synthetic/syn_v2_2026091401_07037.jpg;val;type1a;easy;type1a/easy
images/synthetic/syn_v2_2026091401_07038.jpg;train;type1b;medium;type1b/medium
images/synthetic/syn_v2_2026091401_07039.jpg;test;type1a;medium;type1a/medium
images/synthetic/syn_v2_2026091401_07040.jpg;val;type1;easy;type1/easy
images/synthetic/syn_v2_2026091401_07041.jpg;train;type1a;medium;type1a/medium
images/synthetic/syn_v2_2026091401_07042.jpg;train;type1b;hard;type1b/hard
images/synthetic/syn_v2_2026091401_07043.jpg;val;type1a;medium;type1a/medium
images/synthetic/syn_v2_2026091401_07044.jpg;train;type1;hard;type1/hard
images/synthetic/syn_v2_2026091401_07045.jpg;train;type1a;easy;type1a/easy
images/synthetic/syn_v2_2026091401_07046.jpg;train;type1a;easy;type1a/easy
images/synthetic/syn_v2_2026091401_07047.jpg;val;type1;medium;type1/medium
images/synthetic/syn_v2_2026091401_07048.jpg;train;type1b;medium;type1b/medium
images/synthetic/syn_v2_2026091401_07049.jpg;train;type1;hard;type1/hard
images/synthetic/syn_v2_2026091401_07050.jpg;train;type1a;medium;type1a/medium
images/synthetic/syn_v2_2026091401_07051.jpg;train;type1a;medium;type1a/medium
images/synthetic/syn_v2_2026091401_07052.jpg;train;type1;hard;type1/hard
images/synthetic/syn_v2_2026091401_07053.jpg;train;type1b;easy;type1b/easy
images/synthetic/syn_v2_2026091401_07054.jpg;val;type1;hard;type1/hard
images/synthetic/syn_v2_2026091401_07055.jpg;val;type1;hard;type1/hard
images/synthetic/syn_v2_2026091401_07056.jpg;val;type1b;hard;type1b/hard
images/synthetic/syn_v2_2026091401_07057.jpg;train;type1a;medium;type1a/medium
images/synthetic/syn_v2_2026091401_07058.jpg;train;type1a;medium;type1a/medium
images/synthetic/syn_v2_2026091401_07059.jpg;test;type1b;medium;type1b/medium
images/synthetic/syn_v2_2026091401_07060.jpg;train;type1;medium;type1/medium
images/synthetic/syn_v2_2026091401_07061.jpg;train;type1b;hard;type1b/hard
images/synthetic/syn_v2_2026091401_07062.jpg;train;type1a;easy;type1a/easy
images/synthetic/syn_v2_2026091401_07063.jpg;train;type1;medium;type1/medium
images/synthetic/syn_v2_2026091401_07064.jpg;train;type1a;easy;type1a/easy
images/synthetic/syn_v2_2026091401_07065.jpg;train;type1b;easy;type1b/easy
images/synthetic/syn_v2_2026091401_07066.jpg;train;type1;easy;type1/easy
images/synthetic/syn_v2_2026091401_07067.jpg;train;type1b;medium;type1b/medium
images/synthetic/syn_v2_2026091401_07068.jpg;train;type1b;medium;type1b/medium
images/synthetic/syn_v2_2026091401_07069.jpg;test;type1b;hard;type1b/hard
images/synthetic/syn_v2_2026091401_07070.jpg;test;type1b;hard;type1b/hard
images/synthetic/syn_v2_2026091401_07071.jpg;val;type1;medium;type1/medium
images/synthetic/syn_v2_2026091401_07072.jpg;train;type1a;hard;type1a/hard
images/synthetic/syn_v2_2026091401_07073.jpg;val;type1a;medium;type1a/medium
images/synthetic/syn_v2_2026091401_07074.jpg;train;type1;easy;type1/easy
images/synthetic/syn_v2_2026091401_07075.jpg;train;type1a;easy;type1a/easy
images/synthetic/syn_v2_2026091401_07076.jpg;train;type1a;easy;type1a/easy
images/synthetic/syn_v2_2026091401_07077.jpg;train;type1b;easy;type1b/easy
images/synthetic/syn_v2_2026091401_07078.jpg;train;type1a;easy;type1a/easy
images/synthetic/syn_v2_2026091401_07079.jpg;train;type1b;easy;type1b/easy
images/synthetic/syn_v2_2026091401_07080.jpg;train;type1a;medium;type1a/medium
images/synthetic/syn_v2_2026091401_07081.jpg;train;type1;medium;type1/medium
images/synthetic/syn_v2_2026091401_07082.jpg;train;type1b;medium;type1b/medium
images/synthetic/syn_v2_2026091401_07083.jpg;train;type1b;medium;type1b/medium
images/synthetic/syn_v2_2026091401_07084.jpg;train;type1a;easy;type1a/easy
images/synthetic/syn_v2_2026091401_07085.jpg;train;type1;medium;type1/medium
images/synthetic/syn_v2_2026091401_07086.jpg;train;type1a;easy;type1a/easy
images/synthetic/syn_v2_2026091401_07087.jpg;train;type1b;easy;type1b/easy
images/synthetic/syn_v2_2026091401_07088.jpg;val;type1a;easy;type1a/easy
images/synthetic/syn_v2_2026091401_07089.jpg;train;type1a;medium;type1a/medium
images/synthetic/syn_v2_2026091401_07090.jpg;test;type1b;hard;type1b/hard
images/synthetic/syn_v2_2026091401_07091.jpg;train;type1a;medium;type1a/medium
images/synthetic/syn_v2_2026091401_07092.jpg;test;type1;medium;type1/medium
images/synthetic/syn_v2_2026091401_07093.jpg;train;type1a;medium;type1a/medium
images/synthetic/syn_v2_2026091401_07094.jpg;train;type1b;easy;type1b/easy
images/synthetic/syn_v2_2026091401_07095.jpg;train;type1a;easy;type1a/easy
images/synthetic/syn_v2_2026091401_07096.jpg;train;type1;medium;type1/medium
images/synthetic/syn_v2_2026091401_07097.jpg;test;type1a;easy;type1a/easy
images/synthetic/syn_v2_2026091401_07098.jpg;train;type1;easy;type1/easy
images/synthetic/syn_v2_2026091401_07099.jpg;test;type1b;easy;type1b/easy
images/synthetic/syn_v2_2026091401_07100.jpg;train;type1b;medium;type1b/medium
images/synthetic/syn_v2_2026091401_07101.jpg;val;type1a;hard;type1a/hard
images/synthetic/syn_v2_2026091401_07102.jpg;train;type1a;medium;type1a/medium
images/synthetic/syn_v2_2026091401_07103.jpg;train;type1b;easy;type1b/easy
images/synthetic/syn_v2_2026091401_07104.jpg;train;type1b;easy;type1b/easy
images/synthetic/syn_v2_2026091401_07105.jpg;train;type1a;easy;type1a/easy
images/synthetic/syn_v2_2026091401_07106.jpg;train;type1;medium;type1/medium
images/synthetic/syn_v2_2026091401_07107.jpg;train;type1b;easy;type1b/easy
images/synthetic/syn_v2_2026091401_07108.jpg;train;type1a;medium;type1a/medium
images/synthetic/syn_v2_2026091401_07109.jpg;train;type1a;hard;type1a/hard
images/synthetic/syn_v2_2026091401_07110.jpg;train;type1b;medium;type1b/medium
images/synthetic/syn_v2_2026091401_07111.jpg;train;type1b;medium;type1b/medium
images/synthetic/syn_v2_2026091401_07112.jpg;train;type1b;medium;type1b/medium
images/synthetic/syn_v2_2026091401_07113.jpg;train;type1;easy;type1/easy
images/synthetic/syn_v2_2026091401_07114.jpg;train;type1b;medium;type1b/medium
images/synthetic/syn_v2_2026091401_07115.jpg;train;type1b;medium;type1b/medium
images/synthetic/syn_v2_2026091401_07116.jpg;train;type1;hard;type1/hard
images/synthetic/syn_v2_2026091401_07117.jpg;train;type1;hard;type1/hard
images/synthetic/syn_v2_2026091401_07118.jpg;train;type1a;hard;type1a/hard
images/synthetic/syn_v2_2026091401_07119.jpg;train;type1a;easy;type1a/easy
images/synthetic/syn_v2_2026091401_07120.jpg;val;type1b;medium;type1b/medium
images/synthetic/syn_v2_2026091401_07121.jpg;train;type1;hard;type1/hard
images/synthetic/syn_v2_2026091401_07122.jpg;train;type1b;easy;type1b/easy
images/synthetic/syn_v2_2026091401_07123.jpg;train;type1b;easy;type1b/easy
images/synthetic/syn_v2_2026091401_07124.jpg;train;type1;easy;type1/easy
images/synthetic/syn_v2_2026091401_07125.jpg;train;type1;medium;type1/medium
images/synthetic/syn_v2_2026091401_07126.jpg;val;type1a;medium;type1a/medium
images/synthetic/syn_v2_2026091401_07127.jpg;train;type1;hard;type1/hard
images/synthetic/syn_v2_2026091401_07128.jpg;train;type1;medium;type1/medium
images/synthetic/syn_v2_2026091401_07129.jpg;train;type1b;easy;type1b/easy
images/synthetic/syn_v2_2026091401_07130.jpg;train;type1b;easy;type1b/easy
images/synthetic/syn_v2_2026091401_07131.jpg;train;type1b;medium;type1b/medium
images/synthetic/syn_v2_2026091401_07132.jpg;train;type1b;medium;type1b/medium
images/synthetic/syn_v2_2026091401_07133.jpg;train;type1b;hard;type1b/hard
images/synthetic/syn_v2_2026091401_07134.jpg;train;type1b;hard;type1b/hard
images/synthetic/syn_v2_2026091401_07135.jpg;train;type1a;hard;type1a/hard
images/synthetic/syn_v2_2026091401_07136.jpg;train;type1a;hard;type1a/hard
images/synthetic/syn_v2_2026091401_07137.jpg;train;type1;medium;type1/medium
images/synthetic/syn_v2_2026091401_07138.jpg;train;type1;easy;type1/easy
images/synthetic/syn_v2_2026091401_07139.jpg;val;type1b;medium;type1b/medium
images/synthetic/syn_v2_2026091401_07140.jpg;train;type1b;medium;type1b/medium
images/synthetic/syn_v2_2026091401_07141.jpg;train;type1b;easy;type1b/easy
images/synthetic/syn_v2_2026091401_07142.jpg;train;type1b;medium;type1b/medium
images/synthetic/syn_v2_2026091401_07143.jpg;train;type1b;medium;type1b/medium
images/synthetic/syn_v2_2026091401_07144.jpg;train;type1b;medium;type1b/medium
images/synthetic/syn_v2_2026091401_07145.jpg;train;type1b;medium;type1b/medium
images/synthetic/syn_v2_2026091401_07146.jpg;train;type1b;easy;type1b/easy
images/synthetic/syn_v2_2026091401_07147.jpg;train;type1b;easy;type1b/easy
images/synthetic/syn_v2_2026091401_07148.jpg;train;type1a;hard;type1a/hard
images/synthetic/syn_v2_2026091401_07149.jpg;train;type1;hard;type1/hard
images/synthetic/syn_v2_2026091401_07150.jpg;train;type1;medium;type1/medium
images/synthetic/syn_v2_2026091401_07151.jpg;train;type1a;medium;type1a/medium
images/synthetic/syn_v2_2026091401_07152.jpg;train;type1;hard;type1/hard
images/synthetic/syn_v2_2026091401_07153.jpg;train;type1;easy;type1/easy
images/synthetic/syn_v2_2026091401_07154.jpg;train;type1a;hard;type1a/hard
images/synthetic/syn_v2_2026091401_07155.jpg;train;type1b;medium;type1b/medium
images/synthetic/syn_v2_2026091401_07156.jpg;train;type1b;hard;type1b/hard
images/synthetic/syn_v2_2026091401_07157.jpg;train;type1;hard;type1/hard
images/synthetic/syn_v2_2026091401_07158.jpg;test;type1a;medium;type1a/medium
images/synthetic/syn_v2_2026091401_07159.jpg;train;type1b;easy;type1b/easy
images/synthetic/syn_v2_2026091401_07160.jpg;val;type1a;medium;type1a/medium
images/synthetic/syn_v2_2026091401_07161.jpg;train;type1b;hard;type1b/hard
images/synthetic/syn_v2_2026091401_07162.jpg;train;type1;medium;type1/medium
images/synthetic/syn_v2_2026091401_07163.jpg;train;type1b;medium;type1b/medium
images/synthetic/syn_v2_2026091401_07164.jpg;train;type1;easy;type1/easy
images/synthetic/syn_v2_2026091401_07165.jpg;train;type1b;easy;type1b/easy
images/synthetic/syn_v2_2026091401_07166.jpg;train;type1a;medium;type1a/medium
images/synthetic/syn_v2_2026091401_07167.jpg;train;type1a;medium;type1a/medium
images/synthetic/syn_v2_2026091401_07168.jpg;train;type1;easy;type1/easy
images/synthetic/syn_v2_2026091401_07169.jpg;train;type1b;easy;type1b/easy
images/synthetic/syn_v2_2026091401_07170.jpg;train;type1b;medium;type1b/medium
images/synthetic/syn_v2_2026091401_07171.jpg;train;type1;hard;type1/hard
images/synthetic/syn_v2_2026091401_07172.jpg;train;type1a;easy;type1a/easy
images/synthetic/syn_v2_2026091401_07173.jpg;train;type1a;medium;type1a/medium
images/synthetic/syn_v2_2026091401_07174.jpg;train;type1;medium;type1/medium
images/synthetic/syn_v2_2026091401_07175.jpg;train;type1a;easy;type1a/easy
images/synthetic/syn_v2_2026091401_07176.jpg;train;type1a;easy;type1a/easy
images/synthetic/syn_v2_2026091401_07177.jpg;train;type1;hard;type1/hard
images/synthetic/syn_v2_2026091401_07178.jpg;val;type1a;hard;type1a/hard
images/synthetic/syn_v2_2026091401_07179.jpg;train;type1b;hard;type1b/hard
images/synthetic/syn_v2_2026091401_07180.jpg;train;type1b;hard;type1b/hard
images/synthetic/syn_v2_2026091401_07181.jpg;val;type1b;hard;type1b/hard
images/synthetic/syn_v2_2026091401_07182.jpg;train;type1a;easy;type1a/easy
images/synthetic/syn_v2_2026091401_07183.jpg;train;type1b;easy;type1b/easy
images/synthetic/syn_v2_2026091401_07184.jpg;train;type1a;medium;type1a/medium
images/synthetic/syn_v2_2026091401_07185.jpg;train;type1;hard;type1/hard
images/synthetic/syn_v2_2026091401_07186.jpg;val;type1a;medium;type1a/medium
images/synthetic/syn_v2_2026091401_07187.jpg;train;type1a;medium;type1a/medium
images/synthetic/syn_v2_2026091401_07188.jpg;train;type1a;medium;type1a/medium
images/synthetic/syn_v2_2026091401_07189.jpg;train;type1b;hard;type1b/hard
images/synthetic/syn_v2_2026091401_07190.jpg;train;type1;easy;type1/easy
images/synthetic/syn_v2_2026091401_07191.jpg;train;type1a;hard;type1a/hard
images/synthetic/syn_v2_2026091401_07192.jpg;train;type1b;medium;type1b/medium
images/synthetic/syn_v2_2026091401_07193.jpg;train;type1a;easy;type1a/easy
images/synthetic/syn_v2_2026091401_07194.jpg;train;type1a;hard;type1a/hard
images/synthetic/syn_v2_2026091401_07195.jpg;train;type1a;easy;type1a/easy
images/synthetic/syn_v2_2026091401_07196.jpg;train;type1a;medium;type1a/medium
images/synthetic/syn_v2_2026091401_07197.jpg;train;type1;hard;type1/hard
images/synthetic/syn_v2_2026091401_07198.jpg;train;type1b;medium;type1b/medium
images/synthetic/syn_v2_2026091401_07199.jpg;train;type1b;easy;type1b/easy
images/synthetic/syn_v2_2026091401_07200.jpg;val;type1a;easy;type1a/easy
images/synthetic/syn_v2_2026091401_07201.jpg;train;type1b;easy;type1b/easy
images/synthetic/syn_v2_2026091401_07202.jpg;val;type1a;hard;type1a/hard
images/synthetic/syn_v2_2026091401_07203.jpg;train;type1b;easy;type1b/easy
images/synthetic/syn_v2_2026091401_07204.jpg;train;type1a;hard;type1a/hard
images/synthetic/syn_v2_2026091401_07205.jpg;val;type1a;easy;type1a/easy
images/synthetic/syn_v2_2026091401_07206.jpg;train;type1b;medium;type1b/medium
images/synthetic/syn_v2_2026091401_07207.jpg;train;type1a;medium;type1a/medium
images/synthetic/syn_v2_2026091401_07208.jpg;train;type1;medium;type1/medium
images/synthetic/syn_v2_2026091401_07209.jpg;train;type1b;medium;type1b/medium
images/synthetic/syn_v2_2026091401_07210.jpg;val;type1a;easy;type1a/easy
images/synthetic/syn_v2_2026091401_07211.jpg;train;type1a;medium;type1a/medium
images/synthetic/syn_v2_2026091401_07212.jpg;train;type1b;easy;type1b/easy
images/synthetic/syn_v2_2026091401_07213.jpg;train;type1a;medium;type1a/medium
images/synthetic/syn_v2_2026091401_07214.jpg;train;type1a;medium;type1a/medium
images/synthetic/syn_v2_2026091401_07215.jpg;train;type1a;medium;type1a/medium
images/synthetic/syn_v2_2026091401_07216.jpg;train;type1b;easy;type1b/easy
images/synthetic/syn_v2_2026091401_07217.jpg;train;type1;hard;type1/hard
images/synthetic/syn_v2_2026091401_07218.jpg;train;type1b;medium;type1b/medium
images/synthetic/syn_v2_2026091401_07219.jpg;val;type1b;medium;type1b/medium
images/synthetic/syn_v2_2026091401_07220.jpg;train;type1b;medium;type1b/medium
images/synthetic/syn_v2_2026091401_07221.jpg;train;type1b;hard;type1b/hard
images/synthetic/syn_v2_2026091401_07222.jpg;test;type1a;medium;type1a/medium
images/synthetic/syn_v2_2026091401_07223.jpg;test;type1a;medium;type1a/medium
images/synthetic/syn_v2_2026091401_07224.jpg;train;type1;medium;type1/medium
images/synthetic/syn_v2_2026091401_07225.jpg;train;type1b;medium;type1b/medium
images/synthetic/syn_v2_2026091401_07226.jpg;train;type1b;medium;type1b/medium
images/synthetic/syn_v2_2026091401_07227.jpg;train;type1b;medium;type1b/medium
images/synthetic/syn_v2_2026091401_07228.jpg;train;type1a;medium;type1a/medium
images/synthetic/syn_v2_2026091401_07229.jpg;train;type1b;medium;type1b/medium
images/synthetic/syn_v2_2026091401_07230.jpg;train;type1a;easy;type1a/easy
images/synthetic/syn_v2_2026091401_07231.jpg;train;type1b;hard;type1b/hard
images/synthetic/syn_v2_2026091401_07232.jpg;train;type1b;medium;type1b/medium
images/synthetic/syn_v2_2026091401_07233.jpg;train;type1b;hard;type1b/hard
images/synthetic/syn_v2_2026091401_07234.jpg;train;type1;hard;type1/hard
images/synthetic/syn_v2_2026091401_07235.jpg;train;type1;easy;type1/easy
images/synthetic/syn_v2_2026091401_07236.jpg;val;type1b;easy;type1b/easy
images/synthetic/syn_v2_2026091401_07237.jpg;train;type1b;easy;type1b/easy
images/synthetic/syn_v2_2026091401_07238.jpg;train;type1b;easy;type1b/easy
images/synthetic/syn_v2_2026091401_07239.jpg;train;type1b;medium;type1b/medium
images/synthetic/syn_v2_2026091401_07240.jpg;train;type1b;easy;type1b/easy
images/synthetic/syn_v2_2026091401_07241.jpg;train;type1;hard;type1/hard
images/synthetic/syn_v2_2026091401_07242.jpg;train;type1a;easy;type1a/easy
images/synthetic/syn_v2_2026091401_07243.jpg;train;type1a;medium;type1a/medium
images/synthetic/syn_v2_2026091401_07244.jpg;train;type1a;hard;type1a/hard
images/synthetic/syn_v2_2026091401_07245.jpg;val;type1a;easy;type1a/easy
images/synthetic/syn_v2_2026091401_07246.jpg;train;type1a;hard;type1a/hard
images/synthetic/syn_v2_2026091401_07247.jpg;train;type1a;easy;type1a/easy
images/synthetic/syn_v2_2026091401_07248.jpg;val;type1;hard;type1/hard
images/synthetic/syn_v2_2026091401_07249.jpg;test;type1b;easy;type1b/easy
images/synthetic/syn_v2_2026091401_07250.jpg;train;type1b;easy;type1b/easy
images/synthetic/syn_v2_2026091401_07251.jpg;train;type1;easy;type1/easy
images/synthetic/syn_v2_2026091401_07252.jpg;train;type1;hard;type1/hard
images/synthetic/syn_v2_2026091401_07253.jpg;train;type1b;medium;type1b/medium
images/synthetic/syn_v2_2026091401_07254.jpg;val;type1a;medium;type1a/medium
images/synthetic/syn_v2_2026091401_07255.jpg;train;type1a;easy;type1a/easy
images/synthetic/syn_v2_2026091401_07256.jpg;train;type1b;medium;type1b/medium
images/synthetic/syn_v2_2026091401_07257.jpg;train;type1;easy;type1/easy
images/synthetic/syn_v2_2026091401_07258.jpg;train;type1a;medium;type1a/medium
images/synthetic/syn_v2_2026091401_07259.jpg;train;type1a;medium;type1a/medium
images/synthetic/syn_v2_2026091401_07260.jpg;train;type1b;medium;type1b/medium
images/synthetic/syn_v2_2026091401_07261.jpg;train;type1a;medium;type1a/medium
images/synthetic/syn_v2_2026091401_07262.jpg;train;type1b;easy;type1b/easy
images/synthetic/syn_v2_2026091401_07263.jpg;train;type1b;medium;type1b/medium
images/synthetic/syn_v2_2026091401_07264.jpg;train;type1;medium;type1/medium
images/synthetic/syn_v2_2026091401_07265.jpg;train;type1b;easy;type1b/easy
images/synthetic/syn_v2_2026091401_07266.jpg;train;type1a;medium;type1a/medium
images/synthetic/syn_v2_2026091401_07267.jpg;train;type1b;easy;type1b/easy
images/synthetic/syn_v2_2026091401_07268.jpg;train;type1b;medium;type1b/medium
images/synthetic/syn_v2_2026091401_07269.jpg;train;type1b;medium;type1b/medium
images/synthetic/syn_v2_2026091401_07270.jpg;train;type1a;medium;type1a/medium
images/synthetic/syn_v2_2026091401_07271.jpg;train;type1b;easy;type1b/easy
images/synthetic/syn_v2_2026091401_07272.jpg;train;type1a;easy;type1a/easy
images/synthetic/syn_v2_2026091401_07273.jpg;train;type1a;easy;type1a/easy
images/synthetic/syn_v2_2026091401_07274.jpg;train;type1b;medium;type1b/medium
images/synthetic/syn_v2_2026091401_07275.jpg;train;type1;medium;type1/medium
images/synthetic/syn_v2_2026091401_07276.jpg;train;type1;medium;type1/medium
images/synthetic/syn_v2_2026091401_07277.jpg;val;type1a;medium;type1a/medium
images/synthetic/syn_v2_2026091401_07278.jpg;train;type1;medium;type1/medium
images/synthetic/syn_v2_2026091401_07279.jpg;train;type1b;easy;type1b/easy
images/synthetic/syn_v2_2026091401_07280.jpg;train;type1a;medium;type1a/medium
images/synthetic/syn_v2_2026091401_07281.jpg;train;type1a;medium;type1a/medium
images/synthetic/syn_v2_2026091401_07282.jpg;val;type1a;hard;type1a/hard
images/synthetic/syn_v2_2026091401_07283.jpg;train;type1b;medium;type1b/medium
images/synthetic/syn_v2_2026091401_07284.jpg;train;type1a;easy;type1a/easy
images/synthetic/syn_v2_2026091401_07285.jpg;train;type1b;easy;type1b/easy
images/synthetic/syn_v2_2026091401_07286.jpg;train;type1;medium;type1/medium
images/synthetic/syn_v2_2026091401_07287.jpg;train;type1b;medium;type1b/medium
images/synthetic/syn_v2_2026091401_07288.jpg;train;type1b;easy;type1b/easy
images/synthetic/syn_v2_2026091401_07289.jpg;train;type1a;easy;type1a/easy
images/synthetic/syn_v2_2026091401_07290.jpg;train;type1a;easy;type1a/easy
images/synthetic/syn_v2_2026091401_07291.jpg;train;type1a;easy;type1a/easy
images/synthetic/syn_v2_2026091401_07292.jpg;train;type1a;medium;type1a/medium
images/synthetic/syn_v2_2026091401_07293.jpg;val;type1a;hard;type1a/hard
images/synthetic/syn_v2_2026091401_07294.jpg;val;type1;medium;type1/medium
images/synthetic/syn_v2_2026091401_07295.jpg;train;type1a;easy;type1a/easy
images/synthetic/syn_v2_2026091401_07296.jpg;train;type1a;easy;type1a/easy
images/synthetic/syn_v2_2026091401_07297.jpg;train;type1b;medium;type1b/medium
images/synthetic/syn_v2_2026091401_07298.jpg;train;type1;hard;type1/hard
images/synthetic/syn_v2_2026091401_07299.jpg;train;type1b;easy;type1b/easy
images/synthetic/syn_v2_2026091401_07300.jpg;test;type1b;hard;type1b/hard
images/synthetic/syn_v2_2026091401_07301.jpg;train;type1;medium;type1/medium
images/synthetic/syn_v2_2026091401_07302.jpg;val;type1a;easy;type1a/easy
images/synthetic/syn_v2_2026091401_07303.jpg;test;type1a;medium;type1a/medium
images/synthetic/syn_v2_2026091401_07304.jpg;train;type1b;medium;type1b/medium
images/synthetic/syn_v2_2026091401_07305.jpg;train;type1;medium;type1/medium
images/synthetic/syn_v2_2026091401_07306.jpg;train;type1b;easy;type1b/easy
images/synthetic/syn_v2_2026091401_07307.jpg;train;type1b;easy;type1b/easy
images/synthetic/syn_v2_2026091401_07308.jpg;train;type1b;medium;type1b/medium
images/synthetic/syn_v2_2026091401_07309.jpg;val;type1a;hard;type1a/hard
images/synthetic/syn_v2_2026091401_07310.jpg;train;type1a;easy;type1a/easy
images/synthetic/syn_v2_2026091401_07311.jpg;train;type1b;hard;type1b/hard
images/synthetic/syn_v2_2026091401_07312.jpg;train;type1b;medium;type1b/medium
images/synthetic/syn_v2_2026091401_07313.jpg;train;type1b;easy;type1b/easy
images/synthetic/syn_v2_2026091401_07314.jpg;train;type1b;medium;type1b/medium
images/synthetic/syn_v2_2026091401_07315.jpg;train;type1b;medium;type1b/medium
images/synthetic/syn_v2_2026091401_07316.jpg;train;type1a;medium;type1a/medium
images/synthetic/syn_v2_2026091401_07317.jpg;val;type1a;easy;type1a/easy
images/synthetic/syn_v2_2026091401_07318.jpg;train;type1b;easy;type1b/easy
images/synthetic/syn_v2_2026091401_07319.jpg;train;type1;medium;type1/medium
images/synthetic/syn_v2_2026091401_07320.jpg;val;type1;easy;type1/easy
images/synthetic/syn_v2_2026091401_07321.jpg;train;type1b;medium;type1b/medium
images/synthetic/syn_v2_2026091401_07322.jpg;train;type1a;easy;type1a/easy
images/synthetic/syn_v2_2026091401_07323.jpg;train;type1;medium;type1/medium
images/synthetic/syn_v2_2026091401_07324.jpg;train;type1b;medium;type1b/medium
images/synthetic/syn_v2_2026091401_07325.jpg;train;type1a;hard;type1a/hard
images/synthetic/syn_v2_2026091401_07326.jpg;train;type1b;hard;type1b/hard
images/synthetic/syn_v2_2026091401_07327.jpg;train;type1;hard;type1/hard
images/synthetic/syn_v2_2026091401_07328.jpg;train;type1b;easy;type1b/easy
images/synthetic/syn_v2_2026091401_07329.jpg;train;type1a;easy;type1a/easy
images/synthetic/syn_v2_2026091401_07330.jpg;train;type1b;medium;type1b/medium
images/synthetic/syn_v2_2026091401_07331.jpg;train;type1b;medium;type1b/medium
images/synthetic/syn_v2_2026091401_07332.jpg;train;type1b;hard;type1b/hard
images/synthetic/syn_v2_2026091401_07333.jpg;train;type1a;medium;type1a/medium
images/synthetic/syn_v2_2026091401_07334.jpg;train;type1a;easy;type1a/easy
images/synthetic/syn_v2_2026091401_07335.jpg;train;type1;hard;type1/hard
images/synthetic/syn_v2_2026091401_07336.jpg;train;type1;easy;type1/easy
images/synthetic/syn_v2_2026091401_07337.jpg;train;type1b;hard;type1b/hard
images/synthetic/syn_v2_2026091401_07338.jpg;train;type1b;medium;type1b/medium
images/synthetic/syn_v2_2026091401_07339.jpg;train;type1a;medium;type1a/medium
images/synthetic/syn_v2_2026091401_07340.jpg;train;type1;medium;type1/medium
images/synthetic/syn_v2_2026091401_07341.jpg;train;type1b;easy;type1b/easy
images/synthetic/syn_v2_2026091401_07342.jpg;train;type1b;hard;type1b/hard
images/synthetic/syn_v2_2026091401_07343.jpg;train;type1a;hard;type1a/hard
images/synthetic/syn_v2_2026091401_07344.jpg;train;type1a;easy;type1a/easy
images/synthetic/syn_v2_2026091401_07345.jpg;train;type1a;hard;type1a/hard
images/synthetic/syn_v2_2026091401_07346.jpg;train;type1b;medium;type1b/medium
images/synthetic/syn_v2_2026091401_07347.jpg;val;type1a;easy;type1a/easy
images/synthetic/syn_v2_2026091401_07348.jpg;train;type1b;easy;type1b/easy
images/synthetic/syn_v2_2026091401_07349.jpg;train;type1b;easy;type1b/easy
images/synthetic/syn_v2_2026091401_07350.jpg;train;type1b;easy;type1b/easy
images/synthetic/syn_v2_2026091401_07351.jpg;train;type1a;easy;type1a/easy
images/synthetic/syn_v2_2026091401_07352.jpg;test;type1b;easy;type1b/easy
images/synthetic/syn_v2_2026091401_07353.jpg;train;type1b;easy;type1b/easy
images/synthetic/syn_v2_2026091401_07354.jpg;train;type1a;hard;type1a/hard
images/synthetic/syn_v2_2026091401_07355.jpg;train;type1a;hard;type1a/hard
images/synthetic/syn_v2_2026091401_07356.jpg;train;type1;easy;type1/easy
images/synthetic/syn_v2_2026091401_07357.jpg;train;type1;hard;type1/hard
images/synthetic/syn_v2_2026091401_07358.jpg;train;type1;easy;type1/easy
images/synthetic/syn_v2_2026091401_07359.jpg;train;type1a;easy;type1a/easy
images/synthetic/syn_v2_2026091401_07360.jpg;train;type1b;hard;type1b/hard
images/synthetic/syn_v2_2026091401_07361.jpg;val;type1a;easy;type1a/easy
images/synthetic/syn_v2_2026091401_07362.jpg;train;type1b;easy;type1b/easy
images/synthetic/syn_v2_2026091401_07363.jpg;train;type1b;medium;type1b/medium
images/synthetic/syn_v2_2026091401_07364.jpg;test;type1a;hard;type1a/hard
images/synthetic/syn_v2_2026091401_07365.jpg;train;type1b;medium;type1b/medium
images/synthetic/syn_v2_2026091401_07366.jpg;test;type1a;medium;type1a/medium
images/synthetic/syn_v2_2026091401_07367.jpg;train;type1a;hard;type1a/hard
images/synthetic/syn_v2_2026091401_07368.jpg;train;type1a;easy;type1a/easy
images/synthetic/syn_v2_2026091401_07369.jpg;train;type1a;medium;type1a/medium
images/synthetic/syn_v2_2026091401_07370.jpg;train;type1b;medium;type1b/medium
images/synthetic/syn_v2_2026091401_07371.jpg;train;type1b;hard;type1b/hard
images/synthetic/syn_v2_2026091401_07372.jpg;test;type1b;easy;type1b/easy
images/synthetic/syn_v2_2026091401_07373.jpg;train;type1b;easy;type1b/easy
images/synthetic/syn_v2_2026091401_07374.jpg;train;type1a;medium;type1a/medium
images/synthetic/syn_v2_2026091401_07375.jpg;train;type1b;easy;type1b/easy
images/synthetic/syn_v2_2026091401_07376.jpg;train;type1a;easy;type1a/easy
images/synthetic/syn_v2_2026091401_07377.jpg;val;type1a;medium;type1a/medium
images/synthetic/syn_v2_2026091401_07378.jpg;val;type1;medium;type1/medium
images/synthetic/syn_v2_2026091401_07379.jpg;train;type1b;hard;type1b/hard
images/synthetic/syn_v2_2026091401_07380.jpg;train;type1b;medium;type1b/medium
images/synthetic/syn_v2_2026091401_07381.jpg;train;type1a;easy;type1a/easy
images/synthetic/syn_v2_2026091401_07382.jpg;train;type1;easy;type1/easy
images/synthetic/syn_v2_2026091401_07383.jpg;train;type1;medium;type1/medium
images/synthetic/syn_v2_2026091401_07384.jpg;train;type1b;medium;type1b/medium
images/synthetic/syn_v2_2026091401_07385.jpg;train;type1;medium;type1/medium
images/synthetic/syn_v2_2026091401_07386.jpg;train;type1a;medium;type1a/medium
images/synthetic/syn_v2_2026091401_07387.jpg;train;type1a;medium;type1a/medium
images/synthetic/syn_v2_2026091401_07388.jpg;train;type1;medium;type1/medium
images/synthetic/syn_v2_2026091401_07389.jpg;train;type1a;easy;type1a/easy
images/synthetic/syn_v2_2026091401_07390.jpg;train;type1;hard;type1/hard
images/synthetic/syn_v2_2026091401_07391.jpg;train;type1b;hard;type1b/hard
images/synthetic/syn_v2_2026091401_07392.jpg;train;type1;easy;type1/easy
images/synthetic/syn_v2_2026091401_07393.jpg;train;type1a;medium;type1a/medium
images/synthetic/syn_v2_2026091401_07394.jpg;train;type1a;medium;type1a/medium
images/synthetic/syn_v2_2026091401_07395.jpg;train;type1b;easy;type1b/easy
images/synthetic/syn_v2_2026091401_07396.jpg;train;type1a;medium;type1a/medium
images/synthetic/syn_v2_2026091401_07397.jpg;train;type1a;medium;type1a/medium
images/synthetic/syn_v2_2026091401_07398.jpg;train;type1b;medium;type1b/medium
images/synthetic/syn_v2_2026091401_07399.jpg;test;type1a;easy;type1a/easy
images/synthetic/syn_v2_2026091401_07400.jpg;test;type1b;medium;type1b/medium
images/synthetic/syn_v2_2026091401_07401.jpg;train;type1;hard;type1/hard
images/synthetic/syn_v2_2026091401_07402.jpg;train;type1a;medium;type1a/medium
images/synthetic/syn_v2_2026091401_07403.jpg;test;type1b;hard;type1b/hard
images/synthetic/syn_v2_2026091401_07404.jpg;train;type1b;easy;type1b/easy
images/synthetic/syn_v2_2026091401_07405.jpg;train;type1;hard;type1/hard
images/synthetic/syn_v2_2026091401_07406.jpg;train;type1a;medium;type1a/medium
images/synthetic/syn_v2_2026091401_07407.jpg;train;type1a;hard;type1a/hard
images/synthetic/syn_v2_2026091401_07408.jpg;val;type1a;easy;type1a/easy
images/synthetic/syn_v2_2026091401_07409.jpg;train;type1a;medium;type1a/medium
images/synthetic/syn_v2_2026091401_07410.jpg;train;type1;medium;type1/medium
images/synthetic/syn_v2_2026091401_07411.jpg;train;type1a;medium;type1a/medium
images/synthetic/syn_v2_2026091401_07412.jpg;train;type1b;easy;type1b/easy
images/synthetic/syn_v2_2026091401_07413.jpg;train;type1;easy;type1/easy
images/synthetic/syn_v2_2026091401_07414.jpg;train;type1b;medium;type1b/medium
images/synthetic/syn_v2_2026091401_07415.jpg;train;type1a;medium;type1a/medium
images/synthetic/syn_v2_2026091401_07416.jpg;train;type1a;medium;type1a/medium
images/synthetic/syn_v2_2026091401_07417.jpg;train;type1b;medium;type1b/medium
images/synthetic/syn_v2_2026091401_07418.jpg;train;type1b;medium;type1b/medium
images/synthetic/syn_v2_2026091401_07419.jpg;train;type1b;hard;type1b/hard
images/synthetic/syn_v2_2026091401_07420.jpg;train;type1;medium;type1/medium
images/synthetic/syn_v2_2026091401_07421.jpg;train;type1a;hard;type1a/hard
images/synthetic/syn_v2_2026091401_07422.jpg;train;type1b;easy;type1b/easy
images/synthetic/syn_v2_2026091401_07423.jpg;train;type1b;medium;type1b/medium
images/synthetic/syn_v2_2026091401_07424.jpg;train;type1b;easy;type1b/easy
images/synthetic/syn_v2_2026091401_07425.jpg;train;type1;hard;type1/hard
images/synthetic/syn_v2_2026091401_07426.jpg;train;type1a;medium;type1a/medium
images/synthetic/syn_v2_2026091401_07427.jpg;train;type1a;medium;type1a/medium
images/synthetic/syn_v2_2026091401_07428.jpg;train;type1b;medium;type1b/medium
images/synthetic/syn_v2_2026091401_07429.jpg;val;type1a;easy;type1a/easy
images/synthetic/syn_v2_2026091401_07430.jpg;train;type1b;easy;type1b/easy
images/synthetic/syn_v2_2026091401_07431.jpg;train;type1;hard;type1/hard
images/synthetic/syn_v2_2026091401_07432.jpg;train;type1b;easy;type1b/easy
images/synthetic/syn_v2_2026091401_07433.jpg;train;type1b;easy;type1b/easy
images/synthetic/syn_v2_2026091401_07434.jpg;train;type1b;hard;type1b/hard
images/synthetic/syn_v2_2026091401_07435.jpg;train;type1;easy;type1/easy
images/synthetic/syn_v2_2026091401_07436.jpg;train;type1a;easy;type1a/easy
images/synthetic/syn_v2_2026091401_07437.jpg;train;type1;easy;type1/easy
images/synthetic/syn_v2_2026091401_07438.jpg;train;type1b;hard;type1b/hard
images/synthetic/syn_v2_2026091401_07439.jpg;train;type1a;easy;type1a/easy
images/synthetic/syn_v2_2026091401_07440.jpg;train;type1a;easy;type1a/easy
images/synthetic/syn_v2_2026091401_07441.jpg;val;type1b;medium;type1b/medium
images/synthetic/syn_v2_2026091401_07442.jpg;train;type1b;easy;type1b/easy
images/synthetic/syn_v2_2026091401_07443.jpg;train;type1a;medium;type1a/medium
images/synthetic/syn_v2_2026091401_07444.jpg;train;type1a;hard;type1a/hard
images/synthetic/syn_v2_2026091401_07445.jpg;train;type1a;medium;type1a/medium
images/synthetic/syn_v2_2026091401_07446.jpg;train;type1a;medium;type1a/medium
images/synthetic/syn_v2_2026091401_07447.jpg;train;type1b;medium;type1b/medium
images/synthetic/syn_v2_2026091401_07448.jpg;val;type1a;medium;type1a/medium
images/synthetic/syn_v2_2026091401_07449.jpg;train;type1;hard;type1/hard
images/synthetic/syn_v2_2026091401_07450.jpg;train;type1;easy;type1/easy
images/synthetic/syn_v2_2026091401_07451.jpg;train;type1b;easy;type1b/easy
images/synthetic/syn_v2_2026091401_07452.jpg;train;type1b;medium;type1b/medium
images/synthetic/syn_v2_2026091401_07453.jpg;train;type1b;medium;type1b/medium
images/synthetic/syn_v2_2026091401_07454.jpg;val;type1a;hard;type1a/hard
images/synthetic/syn_v2_2026091401_07455.jpg;train;type1a;easy;type1a/easy
images/synthetic/syn_v2_2026091401_07456.jpg;train;type1a;easy;type1a/easy
images/synthetic/syn_v2_2026091401_07457.jpg;train;type1a;hard;type1a/hard
images/synthetic/syn_v2_2026091401_07458.jpg;train;type1b;medium;type1b/medium
images/synthetic/syn_v2_2026091401_07459.jpg;train;type1a;hard;type1a/hard
images/synthetic/syn_v2_2026091401_07460.jpg;val;type1a;medium;type1a/medium
images/synthetic/syn_v2_2026091401_07461.jpg;train;type1b;easy;type1b/easy
images/synthetic/syn_v2_2026091401_07462.jpg;test;type1a;easy;type1a/easy
images/synthetic/syn_v2_2026091401_07463.jpg;train;type1a;easy;type1a/easy
images/synthetic/syn_v2_2026091401_07464.jpg;train;type1b;easy;type1b/easy
images/synthetic/syn_v2_2026091401_07465.jpg;train;type1b;easy;type1b/easy
images/synthetic/syn_v2_2026091401_07466.jpg;train;type1;easy;type1/easy
images/synthetic/syn_v2_2026091401_07467.jpg;train;type1a;medium;type1a/medium
images/synthetic/syn_v2_2026091401_07468.jpg;train;type1a;medium;type1a/medium
images/synthetic/syn_v2_2026091401_07469.jpg;train;type1b;medium;type1b/medium
images/synthetic/syn_v2_2026091401_07470.jpg;train;type1b;medium;type1b/medium
images/synthetic/syn_v2_2026091401_07471.jpg;train;type1b;medium;type1b/medium
images/synthetic/syn_v2_2026091401_07472.jpg;train;type1a;medium;type1a/medium
images/synthetic/syn_v2_2026091401_07473.jpg;train;type1a;medium;type1a/medium
images/synthetic/syn_v2_2026091401_07474.jpg;train;type1b;hard;type1b/hard
images/synthetic/syn_v2_2026091401_07475.jpg;train;type1a;easy;type1a/easy
images/synthetic/syn_v2_2026091401_07476.jpg;train;type1;easy;type1/easy
images/synthetic/syn_v2_2026091401_07477.jpg;train;type1b;medium;type1b/medium
images/synthetic/syn_v2_2026091401_07478.jpg;train;type1a;easy;type1a/easy
images/synthetic/syn_v2_2026091401_07479.jpg;val;type1a;medium;type1a/medium
images/synthetic/syn_v2_2026091401_07480.jpg;train;type1a;easy;type1a/easy
images/synthetic/syn_v2_2026091401_07481.jpg;train;type1a;easy;type1a/easy
images/synthetic/syn_v2_2026091401_07482.jpg;train;type1;medium;type1/medium
images/synthetic/syn_v2_2026091401_07483.jpg;train;type1b;medium;type1b/medium
images/synthetic/syn_v2_2026091401_07484.jpg;train;type1b;easy;type1b/easy
images/synthetic/syn_v2_2026091401_07485.jpg;train;type1b;medium;type1b/medium
images/synthetic/syn_v2_2026091401_07486.jpg;val;type1a;hard;type1a/hard
images/synthetic/syn_v2_2026091401_07487.jpg;train;type1a;easy;type1a/easy
images/synthetic/syn_v2_2026091401_07488.jpg;val;type1;medium;type1/medium
images/synthetic/syn_v2_2026091401_07489.jpg;train;type1;medium;type1/medium
images/synthetic/syn_v2_2026091401_07490.jpg;train;type1a;hard;type1a/hard
images/synthetic/syn_v2_2026091401_07491.jpg;train;type1;medium;type1/medium
images/synthetic/syn_v2_2026091401_07492.jpg;val;type1a;medium;type1a/medium
images/synthetic/syn_v2_2026091401_07493.jpg;train;type1b;medium;type1b/medium
images/synthetic/syn_v2_2026091401_07494.jpg;train;type1a;medium;type1a/medium
images/synthetic/syn_v2_2026091401_07495.jpg;train;type1b;easy;type1b/easy
images/synthetic/syn_v2_2026091401_07496.jpg;val;type1b;medium;type1b/medium
images/synthetic/syn_v2_2026091401_07497.jpg;train;type1a;easy;type1a/easy
images/synthetic/syn_v2_2026091401_07498.jpg;train;type1b;medium;type1b/medium
images/synthetic/syn_v2_2026091401_07499.jpg;train;type1a;easy;type1a/easy
images/synthetic/syn_v2_2026091401_07500.jpg;test;type1b;hard;type1b/hard
images/synthetic/syn_v2_2026091401_07501.jpg;val;type1;easy;type1/easy
images/synthetic/syn_v2_2026091401_07502.jpg;train;type1;medium;type1/medium
images/synthetic/syn_v2_2026091401_07503.jpg;train;type1a;medium;type1a/medium
images/synthetic/syn_v2_2026091401_07504.jpg;train;type1;easy;type1/easy
images/synthetic/syn_v2_2026091401_07505.jpg;train;type1b;medium;type1b/medium
images/synthetic/syn_v2_2026091401_07506.jpg;train;type1a;hard;type1a/hard
images/synthetic/syn_v2_2026091401_07507.jpg;train;type1;medium;type1/medium
images/synthetic/syn_v2_2026091401_07508.jpg;train;type1b;medium;type1b/medium
images/synthetic/syn_v2_2026091401_07509.jpg;train;type1b;medium;type1b/medium
images/synthetic/syn_v2_2026091401_07510.jpg;train;type1b;easy;type1b/easy
images/synthetic/syn_v2_2026091401_07511.jpg;train;type1b;hard;type1b/hard
images/synthetic/syn_v2_2026091401_07512.jpg;train;type1b;easy;type1b/easy
images/synthetic/syn_v2_2026091401_07513.jpg;train;type1b;easy;type1b/easy
images/synthetic/syn_v2_2026091401_07514.jpg;train;type1b;medium;type1b/medium
images/synthetic/syn_v2_2026091401_07515.jpg;train;type1a;medium;type1a/medium
images/synthetic/syn_v2_2026091401_07516.jpg;train;type1b;hard;type1b/hard
images/synthetic/syn_v2_2026091401_07517.jpg;train;type1b;medium;type1b/medium
images/synthetic/syn_v2_2026091401_07518.jpg;train;type1b;hard;type1b/hard
images/synthetic/syn_v2_2026091401_07519.jpg;train;type1b;medium;type1b/medium
images/synthetic/syn_v2_2026091401_07520.jpg;train;type1b;medium;type1b/medium
images/synthetic/syn_v2_2026091401_07521.jpg;test;type1;medium;type1/medium
images/synthetic/syn_v2_2026091401_07522.jpg;train;type1;hard;type1/hard
images/synthetic/syn_v2_2026091401_07523.jpg;train;type1a;easy;type1a/easy
images/synthetic/syn_v2_2026091401_07524.jpg;train;type1;easy;type1/easy
images/synthetic/syn_v2_2026091401_07525.jpg;train;type1a;hard;type1a/hard
images/synthetic/syn_v2_2026091401_07526.jpg;train;type1;easy;type1/easy
images/synthetic/syn_v2_2026091401_07527.jpg;train;type1b;hard;type1b/hard
images/synthetic/syn_v2_2026091401_07528.jpg;train;type1b;easy;type1b/easy
images/synthetic/syn_v2_2026091401_07529.jpg;train;type1b;hard;type1b/hard
images/synthetic/syn_v2_2026091401_07530.jpg;train;type1;medium;type1/medium
images/synthetic/syn_v2_2026091401_07531.jpg;train;type1b;medium;type1b/medium
images/synthetic/syn_v2_2026091401_07532.jpg;train;type1b;medium;type1b/medium
images/synthetic/syn_v2_2026091401_07533.jpg;train;type1b;medium;type1b/medium
images/synthetic/syn_v2_2026091401_07534.jpg;train;type1b;easy;type1b/easy
images/synthetic/syn_v2_2026091401_07535.jpg;train;type1;medium;type1/medium
images/synthetic/syn_v2_2026091401_07536.jpg;test;type1b;easy;type1b/easy
images/synthetic/syn_v2_2026091401_07537.jpg;train;type1a;easy;type1a/easy
images/synthetic/syn_v2_2026091401_07538.jpg;train;type1b;easy;type1b/easy
images/synthetic/syn_v2_2026091401_07539.jpg;train;type1a;medium;type1a/medium
images/synthetic/syn_v2_2026091401_07540.jpg;train;type1b;medium;type1b/medium
images/synthetic/syn_v2_2026091401_07541.jpg;train;type1a;easy;type1a/easy
images/synthetic/syn_v2_2026091401_07542.jpg;val;type1b;medium;type1b/medium
images/synthetic/syn_v2_2026091401_07543.jpg;train;type1a;medium;type1a/medium
images/synthetic/syn_v2_2026091401_07544.jpg;train;type1b;medium;type1b/medium
images/synthetic/syn_v2_2026091401_07545.jpg;train;type1;hard;type1/hard
images/synthetic/syn_v2_2026091401_07546.jpg;train;type1a;hard;type1a/hard
images/synthetic/syn_v2_2026091401_07547.jpg;train;type1;medium;type1/medium
images/synthetic/syn_v2_2026091401_07548.jpg;train;type1a;medium;type1a/medium
images/synthetic/syn_v2_2026091401_07549.jpg;train;type1b;easy;type1b/easy
images/synthetic/syn_v2_2026091401_07550.jpg;train;type1;easy;type1/easy
images/synthetic/syn_v2_2026091401_07551.jpg;test;type1b;easy;type1b/easy
images/synthetic/syn_v2_2026091401_07552.jpg;train;type1a;medium;type1a/medium
images/synthetic/syn_v2_2026091401_07553.jpg;train;type1b;easy;type1b/easy
images/synthetic/syn_v2_2026091401_07554.jpg;train;type1b;medium;type1b/medium
images/synthetic/syn_v2_2026091401_07555.jpg;train;type1a;hard;type1a/hard
images/synthetic/syn_v2_2026091401_07556.jpg;val;type1a;easy;type1a/easy
images/synthetic/syn_v2_2026091401_07557.jpg;train;type1b;medium;type1b/medium
images/synthetic/syn_v2_2026091401_07558.jpg;train;type1b;easy;type1b/easy
images/synthetic/syn_v2_2026091401_07559.jpg;train;type1a;medium;type1a/medium
images/synthetic/syn_v2_2026091401_07560.jpg;test;type1a;easy;type1a/easy
images/synthetic/syn_v2_2026091401_07561.jpg;train;type1a;medium;type1a/medium
images/synthetic/syn_v2_2026091401_07562.jpg;train;type1;easy;type1/easy
images/synthetic/syn_v2_2026091401_07563.jpg;test;type1b;medium;type1b/medium
images/synthetic/syn_v2_2026091401_07564.jpg;train;type1a;hard;type1a/hard
images/synthetic/syn_v2_2026091401_07565.jpg;train;type1a;easy;type1a/easy
images/synthetic/syn_v2_2026091401_07566.jpg;train;type1;easy;type1/easy
images/synthetic/syn_v2_2026091401_07567.jpg;train;type1a;hard;type1a/hard
images/synthetic/syn_v2_2026091401_07568.jpg;train;type1;easy;type1/easy
images/synthetic/syn_v2_2026091401_07569.jpg;train;type1a;medium;type1a/medium
images/synthetic/syn_v2_2026091401_07570.jpg;train;type1a;medium;type1a/medium
images/synthetic/syn_v2_2026091401_07571.jpg;train;type1b;medium;type1b/medium
images/synthetic/syn_v2_2026091401_07572.jpg;train;type1a;medium;type1a/medium
images/synthetic/syn_v2_2026091401_07573.jpg;train;type1a;easy;type1a/easy
images/synthetic/syn_v2_2026091401_07574.jpg;train;type1a;medium;type1a/medium
images/synthetic/syn_v2_2026091401_07575.jpg;test;type1b;easy;type1b/easy
images/synthetic/syn_v2_2026091401_07576.jpg;val;type1b;hard;type1b/hard
images/synthetic/syn_v2_2026091401_07577.jpg;train;type1b;easy;type1b/easy
images/synthetic/syn_v2_2026091401_07578.jpg;train;type1b;medium;type1b/medium
images/synthetic/syn_v2_2026091401_07579.jpg;train;type1a;hard;type1a/hard
images/synthetic/syn_v2_2026091401_07580.jpg;train;type1a;hard;type1a/hard
images/synthetic/syn_v2_2026091401_07581.jpg;val;type1b;easy;type1b/easy
images/synthetic/syn_v2_2026091401_07582.jpg;train;type1a;medium;type1a/medium
images/synthetic/syn_v2_2026091401_07583.jpg;val;type1b;medium;type1b/medium
images/synthetic/syn_v2_2026091401_07584.jpg;train;type1a;easy;type1a/easy
images/synthetic/syn_v2_2026091401_07585.jpg;train;type1b;medium;type1b/medium
images/synthetic/syn_v2_2026091401_07586.jpg;val;type1a;medium;type1a/medium
images/synthetic/syn_v2_2026091401_07587.jpg;train;type1a;medium;type1a/medium
images/synthetic/syn_v2_2026091401_07588.jpg;train;type1;hard;type1/hard
images/synthetic/syn_v2_2026091401_07589.jpg;val;type1;medium;type1/medium
images/synthetic/syn_v2_2026091401_07590.jpg;train;type1b;easy;type1b/easy
images/synthetic/syn_v2_2026091401_07591.jpg;train;type1b;easy;type1b/easy
images/synthetic/syn_v2_2026091401_07592.jpg;train;type1b;hard;type1b/hard
images/synthetic/syn_v2_2026091401_07593.jpg;train;type1a;easy;type1a/easy
images/synthetic/syn_v2_2026091401_07594.jpg;train;type1a;medium;type1a/medium
images/synthetic/syn_v2_2026091401_07595.jpg;train;type1;easy;type1/easy
images/synthetic/syn_v2_2026091401_07596.jpg;val;type1a;medium;type1a/medium
images/synthetic/syn_v2_2026091401_07597.jpg;train;type1a;medium;type1a/medium
images/synthetic/syn_v2_2026091401_07598.jpg;train;type1b;easy;type1b/easy
images/synthetic/syn_v2_2026091401_07599.jpg;train;type1;medium;type1/medium
images/synthetic/syn_v2_2026091401_07600.jpg;train;type1a;medium;type1a/medium
images/synthetic/syn_v2_2026091401_07601.jpg;train;type1;hard;type1/hard
images/synthetic/syn_v2_2026091401_07602.jpg;train;type1b;hard;type1b/hard
images/synthetic/syn_v2_2026091401_07603.jpg;val;type1;medium;type1/medium
images/synthetic/syn_v2_2026091401_07604.jpg;train;type1;medium;type1/medium
images/synthetic/syn_v2_2026091401_07605.jpg;train;type1b;easy;type1b/easy
images/synthetic/syn_v2_2026091401_07606.jpg;val;type1b;easy;type1b/easy
images/synthetic/syn_v2_2026091401_07607.jpg;train;type1;easy;type1/easy
images/synthetic/syn_v2_2026091401_07608.jpg;train;type1a;hard;type1a/hard
images/synthetic/syn_v2_2026091401_07609.jpg;val;type1b;medium;type1b/medium
images/synthetic/syn_v2_2026091401_07610.jpg;val;type1a;medium;type1a/medium
images/synthetic/syn_v2_2026091401_07611.jpg;train;type1b;medium;type1b/medium
images/synthetic/syn_v2_2026091401_07612.jpg;val;type1;easy;type1/easy
images/synthetic/syn_v2_2026091401_07613.jpg;train;type1a;medium;type1a/medium
images/synthetic/syn_v2_2026091401_07614.jpg;train;type1a;easy;type1a/easy
images/synthetic/syn_v2_2026091401_07615.jpg;train;type1a;hard;type1a/hard
images/synthetic/syn_v2_2026091401_07616.jpg;train;type1a;medium;type1a/medium
images/synthetic/syn_v2_2026091401_07617.jpg;val;type1b;hard;type1b/hard
images/synthetic/syn_v2_2026091401_07618.jpg;train;type1a;medium;type1a/medium
images/synthetic/syn_v2_2026091401_07619.jpg;train;type1;medium;type1/medium
images/synthetic/syn_v2_2026091401_07620.jpg;train;type1b;medium;type1b/medium
images/synthetic/syn_v2_2026091401_07621.jpg;train;type1;medium;type1/medium
images/synthetic/syn_v2_2026091401_07622.jpg;val;type1b;easy;type1b/easy
images/synthetic/syn_v2_2026091401_07623.jpg;train;type1;hard;type1/hard
images/synthetic/syn_v2_2026091401_07624.jpg;train;type1;hard;type1/hard
images/synthetic/syn_v2_2026091401_07625.jpg;train;type1a;easy;type1a/easy
images/synthetic/syn_v2_2026091401_07626.jpg;train;type1b;medium;type1b/medium
images/synthetic/syn_v2_2026091401_07627.jpg;train;type1;easy;type1/easy
images/synthetic/syn_v2_2026091401_07628.jpg;train;type1b;hard;type1b/hard
images/synthetic/syn_v2_2026091401_07629.jpg;train;type1;hard;type1/hard
images/synthetic/syn_v2_2026091401_07630.jpg;train;type1b;hard;type1b/hard
images/synthetic/syn_v2_2026091401_07631.jpg;train;type1a;medium;type1a/medium
images/synthetic/syn_v2_2026091401_07632.jpg;train;type1;easy;type1/easy
images/synthetic/syn_v2_2026091401_07633.jpg;train;type1a;easy;type1a/easy
images/synthetic/syn_v2_2026091401_07634.jpg;train;type1b;easy;type1b/easy
images/synthetic/syn_v2_2026091401_07635.jpg;train;type1a;hard;type1a/hard
images/synthetic/syn_v2_2026091401_07636.jpg;train;type1a;hard;type1a/hard
images/synthetic/syn_v2_2026091401_07637.jpg;train;type1;easy;type1/easy
images/synthetic/syn_v2_2026091401_07638.jpg;train;type1a;hard;type1a/hard
images/synthetic/syn_v2_2026091401_07639.jpg;train;type1a;medium;type1a/medium
images/synthetic/syn_v2_2026091401_07640.jpg;train;type1;easy;type1/easy
images/synthetic/syn_v2_2026091401_07641.jpg;train;type1;medium;type1/medium
images/synthetic/syn_v2_2026091401_07642.jpg;train;type1b;hard;type1b/hard
images/synthetic/syn_v2_2026091401_07643.jpg;train;type1a;easy;type1a/easy
images/synthetic/syn_v2_2026091401_07644.jpg;train;type1a;medium;type1a/medium
images/synthetic/syn_v2_2026091401_07645.jpg;train;type1b;medium;type1b/medium
images/synthetic/syn_v2_2026091401_07646.jpg;train;type1b;hard;type1b/hard
images/synthetic/syn_v2_2026091401_07647.jpg;train;type1a;medium;type1a/medium
images/synthetic/syn_v2_2026091401_07648.jpg;train;type1a;medium;type1a/medium
images/synthetic/syn_v2_2026091401_07649.jpg;train;type1b;easy;type1b/easy
images/synthetic/syn_v2_2026091401_07650.jpg;val;type1b;hard;type1b/hard
images/synthetic/syn_v2_2026091401_07651.jpg;train;type1b;medium;type1b/medium
images/synthetic/syn_v2_2026091401_07652.jpg;train;type1b;easy;type1b/easy
images/synthetic/syn_v2_2026091401_07653.jpg;train;type1;medium;type1/medium
images/synthetic/syn_v2_2026091401_07654.jpg;val;type1a;easy;type1a/easy
images/synthetic/syn_v2_2026091401_07655.jpg;train;type1a;easy;type1a/easy
images/synthetic/syn_v2_2026091401_07656.jpg;train;type1b;hard;type1b/hard
images/synthetic/syn_v2_2026091401_07657.jpg;test;type1a;medium;type1a/medium
images/synthetic/syn_v2_2026091401_07658.jpg;train;type1a;hard;type1a/hard
images/synthetic/syn_v2_2026091401_07659.jpg;train;type1b;medium;type1b/medium
images/synthetic/syn_v2_2026091401_07660.jpg;test;type1a;hard;type1a/hard
images/synthetic/syn_v2_2026091401_07661.jpg;val;type1b;medium;type1b/medium
images/synthetic/syn_v2_2026091401_07662.jpg;train;type1b;hard;type1b/hard
images/synthetic/syn_v2_2026091401_07663.jpg;train;type1;medium;type1/medium
images/synthetic/syn_v2_2026091401_07664.jpg;train;type1b;medium;type1b/medium
images/synthetic/syn_v2_2026091401_07665.jpg;train;type1;hard;type1/hard
images/synthetic/syn_v2_2026091401_07666.jpg;val;type1;easy;type1/easy
images/synthetic/syn_v2_2026091401_07667.jpg;train;type1a;medium;type1a/medium
images/synthetic/syn_v2_2026091401_07668.jpg;train;type1a;easy;type1a/easy
images/synthetic/syn_v2_2026091401_07669.jpg;train;type1a;easy;type1a/easy
images/synthetic/syn_v2_2026091401_07670.jpg;train;type1b;easy;type1b/easy
images/synthetic/syn_v2_2026091401_07671.jpg;train;type1;hard;type1/hard
images/synthetic/syn_v2_2026091401_07672.jpg;train;type1;hard;type1/hard
images/synthetic/syn_v2_2026091401_07673.jpg;train;type1;hard;type1/hard
images/synthetic/syn_v2_2026091401_07674.jpg;train;type1;easy;type1/easy
images/synthetic/syn_v2_2026091401_07675.jpg;train;type1;medium;type1/medium
images/synthetic/syn_v2_2026091401_07676.jpg;train;type1b;medium;type1b/medium
images/synthetic/syn_v2_2026091401_07677.jpg;train;type1a;medium;type1a/medium
images/synthetic/syn_v2_2026091401_07678.jpg;val;type1b;medium;type1b/medium
images/synthetic/syn_v2_2026091401_07679.jpg;test;type1b;easy;type1b/easy
images/synthetic/syn_v2_2026091401_07680.jpg;train;type1b;medium;type1b/medium
images/synthetic/syn_v2_2026091401_07681.jpg;train;type1b;easy;type1b/easy
images/synthetic/syn_v2_2026091401_07682.jpg;train;type1a;medium;type1a/medium
images/synthetic/syn_v2_2026091401_07683.jpg;train;type1b;medium;type1b/medium
images/synthetic/syn_v2_2026091401_07684.jpg;train;type1b;medium;type1b/medium
images/synthetic/syn_v2_2026091401_07685.jpg;train;type1b;easy;type1b/easy
images/synthetic/syn_v2_2026091401_07686.jpg;train;type1b;medium;type1b/medium
images/synthetic/syn_v2_2026091401_07687.jpg;val;type1a;easy;type1a/easy
images/synthetic/syn_v2_2026091401_07688.jpg;train;type1b;medium;type1b/medium
images/synthetic/syn_v2_2026091401_07689.jpg;train;type1a;easy;type1a/easy
images/synthetic/syn_v2_2026091401_07690.jpg;train;type1a;easy;type1a/easy
images/synthetic/syn_v2_2026091401_07691.jpg;train;type1b;easy;type1b/easy
images/synthetic/syn_v2_2026091401_07692.jpg;test;type1b;medium;type1b/medium
images/synthetic/syn_v2_2026091401_07693.jpg;train;type1b;medium;type1b/medium
images/synthetic/syn_v2_2026091401_07694.jpg;val;type1a;medium;type1a/medium
images/synthetic/syn_v2_2026091401_07695.jpg;train;type1a;easy;type1a/easy
images/synthetic/syn_v2_2026091401_07696.jpg;train;type1a;medium;type1a/medium
images/synthetic/syn_v2_2026091401_07697.jpg;train;type1b;hard;type1b/hard
images/synthetic/syn_v2_2026091401_07698.jpg;train;type1;easy;type1/easy
images/synthetic/syn_v2_2026091401_07699.jpg;train;type1b;easy;type1b/easy
images/synthetic/syn_v2_2026091401_07700.jpg;train;type1a;easy;type1a/easy
images/synthetic/syn_v2_2026091401_07701.jpg;train;type1b;hard;type1b/hard
images/synthetic/syn_v2_2026091401_07702.jpg;train;type1b;easy;type1b/easy
images/synthetic/syn_v2_2026091401_07703.jpg;train;type1a;medium;type1a/medium
images/synthetic/syn_v2_2026091401_07704.jpg;train;type1a;easy;type1a/easy
images/synthetic/syn_v2_2026091401_07705.jpg;train;type1a;easy;type1a/easy
images/synthetic/syn_v2_2026091401_07706.jpg;train;type1a;hard;type1a/hard
images/synthetic/syn_v2_2026091401_07707.jpg;test;type1b;easy;type1b/easy
images/synthetic/syn_v2_2026091401_07708.jpg;train;type1a;easy;type1a/easy
images/synthetic/syn_v2_2026091401_07709.jpg;test;type1a;easy;type1a/easy
images/synthetic/syn_v2_2026091401_07710.jpg;train;type1b;hard;type1b/hard
images/synthetic/syn_v2_2026091401_07711.jpg;train;type1b;medium;type1b/medium
images/synthetic/syn_v2_2026091401_07712.jpg;train;type1b;medium;type1b/medium
images/synthetic/syn_v2_2026091401_07713.jpg;train;type1a;hard;type1a/hard
images/synthetic/syn_v2_2026091401_07714.jpg;train;type1b;medium;type1b/medium
images/synthetic/syn_v2_2026091401_07715.jpg;train;type1b;medium;type1b/medium
images/synthetic/syn_v2_2026091401_07716.jpg;train;type1b;easy;type1b/easy
images/synthetic/syn_v2_2026091401_07717.jpg;train;type1;medium;type1/medium
images/synthetic/syn_v2_2026091401_07718.jpg;train;type1a;hard;type1a/hard
images/synthetic/syn_v2_2026091401_07719.jpg;train;type1b;medium;type1b/medium
images/synthetic/syn_v2_2026091401_07720.jpg;train;type1b;medium;type1b/medium
images/synthetic/syn_v2_2026091401_07721.jpg;train;type1b;medium;type1b/medium
images/synthetic/syn_v2_2026091401_07722.jpg;train;type1a;medium;type1a/medium
images/synthetic/syn_v2_2026091401_07723.jpg;train;type1b;hard;type1b/hard
images/synthetic/syn_v2_2026091401_07724.jpg;train;type1b;medium;type1b/medium
images/synthetic/syn_v2_2026091401_07725.jpg;val;type1b;medium;type1b/medium
images/synthetic/syn_v2_2026091401_07726.jpg;train;type1b;easy;type1b/easy
images/synthetic/syn_v2_2026091401_07727.jpg;train;type1b;medium;type1b/medium
images/synthetic/syn_v2_2026091401_07728.jpg;train;type1;medium;type1/medium
images/synthetic/syn_v2_2026091401_07729.jpg;train;type1b;medium;type1b/medium
images/synthetic/syn_v2_2026091401_07730.jpg;train;type1;medium;type1/medium
images/synthetic/syn_v2_2026091401_07731.jpg;train;type1b;medium;type1b/medium
images/synthetic/syn_v2_2026091401_07732.jpg;train;type1b;hard;type1b/hard
images/synthetic/syn_v2_2026091401_07733.jpg;train;type1;easy;type1/easy
images/synthetic/syn_v2_2026091401_07734.jpg;train;type1b;medium;type1b/medium
images/synthetic/syn_v2_2026091401_07735.jpg;val;type1b;hard;type1b/hard
images/synthetic/syn_v2_2026091401_07736.jpg;train;type1b;easy;type1b/easy
images/synthetic/syn_v2_2026091401_07737.jpg;train;type1a;medium;type1a/medium
images/synthetic/syn_v2_2026091401_07738.jpg;train;type1a;medium;type1a/medium
images/synthetic/syn_v2_2026091401_07739.jpg;train;type1a;medium;type1a/medium
images/synthetic/syn_v2_2026091401_07740.jpg;train;type1a;medium;type1a/medium
images/synthetic/syn_v2_2026091401_07741.jpg;train;type1;hard;type1/hard
images/synthetic/syn_v2_2026091401_07742.jpg;train;type1b;medium;type1b/medium
images/synthetic/syn_v2_2026091401_07743.jpg;train;type1b;medium;type1b/medium
images/synthetic/syn_v2_2026091401_07744.jpg;train;type1b;medium;type1b/medium
images/synthetic/syn_v2_2026091401_07745.jpg;val;type1;easy;type1/easy
images/synthetic/syn_v2_2026091401_07746.jpg;train;type1a;medium;type1a/medium
images/synthetic/syn_v2_2026091401_07747.jpg;train;type1b;easy;type1b/easy
images/synthetic/syn_v2_2026091401_07748.jpg;train;type1b;hard;type1b/hard
images/synthetic/syn_v2_2026091401_07749.jpg;train;type1b;easy;type1b/easy
images/synthetic/syn_v2_2026091401_07750.jpg;val;type1b;medium;type1b/medium
images/synthetic/syn_v2_2026091401_07751.jpg;train;type1b;easy;type1b/easy
images/synthetic/syn_v2_2026091401_07752.jpg;train;type1b;hard;type1b/hard
images/synthetic/syn_v2_2026091401_07753.jpg;train;type1b;easy;type1b/easy
images/synthetic/syn_v2_2026091401_07754.jpg;test;type1;medium;type1/medium
images/synthetic/syn_v2_2026091401_07755.jpg;test;type1b;easy;type1b/easy
images/synthetic/syn_v2_2026091401_07756.jpg;train;type1;hard;type1/hard
images/synthetic/syn_v2_2026091401_07757.jpg;train;type1a;easy;type1a/easy
images/synthetic/syn_v2_2026091401_07758.jpg;train;type1b;easy;type1b/easy
images/synthetic/syn_v2_2026091401_07759.jpg;train;type1a;medium;type1a/medium
images/synthetic/syn_v2_2026091401_07760.jpg;train;type1b;easy;type1b/easy
images/synthetic/syn_v2_2026091401_07761.jpg;train;type1;hard;type1/hard
images/synthetic/syn_v2_2026091401_07762.jpg;train;type1b;hard;type1b/hard
images/synthetic/syn_v2_2026091401_07763.jpg;val;type1b;medium;type1b/medium
images/synthetic/syn_v2_2026091401_07764.jpg;train;type1a;hard;type1a/hard
images/synthetic/syn_v2_2026091401_07765.jpg;test;type1a;easy;type1a/easy
images/synthetic/syn_v2_2026091401_07766.jpg;train;type1b;medium;type1b/medium
images/synthetic/syn_v2_2026091401_07767.jpg;val;type1;medium;type1/medium
images/synthetic/syn_v2_2026091401_07768.jpg;train;type1a;medium;type1a/medium
images/synthetic/syn_v2_2026091401_07769.jpg;train;type1;medium;type1/medium
images/synthetic/syn_v2_2026091401_07770.jpg;val;type1a;medium;type1a/medium
images/synthetic/syn_v2_2026091401_07771.jpg;train;type1b;easy;type1b/easy
images/synthetic/syn_v2_2026091401_07772.jpg;train;type1a;hard;type1a/hard
images/synthetic/syn_v2_2026091401_07773.jpg;train;type1a;medium;type1a/medium
images/synthetic/syn_v2_2026091401_07774.jpg;val;type1a;medium;type1a/medium
images/synthetic/syn_v2_2026091401_07775.jpg;train;type1b;hard;type1b/hard
images/synthetic/syn_v2_2026091401_07776.jpg;train;type1b;hard;type1b/hard
images/synthetic/syn_v2_2026091401_07777.jpg;test;type1b;medium;type1b/medium
images/synthetic/syn_v2_2026091401_07778.jpg;train;type1;hard;type1/hard
images/synthetic/syn_v2_2026091401_07779.jpg;train;type1b;easy;type1b/easy
images/synthetic/syn_v2_2026091401_07780.jpg;train;type1;hard;type1/hard
images/synthetic/syn_v2_2026091401_07781.jpg;train;type1b;medium;type1b/medium
images/synthetic/syn_v2_2026091401_07782.jpg;train;type1b;medium;type1b/medium
images/synthetic/syn_v2_2026091401_07783.jpg;val;type1a;easy;type1a/easy
images/synthetic/syn_v2_2026091401_07784.jpg;train;type1;medium;type1/medium
images/synthetic/syn_v2_2026091401_07785.jpg;train;type1a;medium;type1a/medium
images/synthetic/syn_v2_2026091401_07786.jpg;train;type1;easy;type1/easy
images/synthetic/syn_v2_2026091401_07787.jpg;train;type1a;hard;type1a/hard
images/synthetic/syn_v2_2026091401_07788.jpg;train;type1a;easy;type1a/easy
images/synthetic/syn_v2_2026091401_07789.jpg;val;type1b;medium;type1b/medium
images/synthetic/syn_v2_2026091401_07790.jpg;train;type1b;easy;type1b/easy
images/synthetic/syn_v2_2026091401_07791.jpg;test;type1a;medium;type1a/medium
images/synthetic/syn_v2_2026091401_07792.jpg;train;type1a;medium;type1a/medium
images/synthetic/syn_v2_2026091401_07793.jpg;train;type1b;medium;type1b/medium
images/synthetic/syn_v2_2026091401_07794.jpg;train;type1b;medium;type1b/medium
images/synthetic/syn_v2_2026091401_07795.jpg;train;type1b;hard;type1b/hard
images/synthetic/syn_v2_2026091401_07796.jpg;train;type1b;medium;type1b/medium
images/synthetic/syn_v2_2026091401_07797.jpg;train;type1;medium;type1/medium
images/synthetic/syn_v2_2026091401_07798.jpg;train;type1b;easy;type1b/easy
images/synthetic/syn_v2_2026091401_07799.jpg;train;type1b;easy;type1b/easy
images/synthetic/syn_v2_2026091401_07800.jpg;train;type1b;hard;type1b/hard
images/synthetic/syn_v2_2026091401_07801.jpg;val;type1b;easy;type1b/easy
images/synthetic/syn_v2_2026091401_07802.jpg;train;type1b;easy;type1b/easy
images/synthetic/syn_v2_2026091401_07803.jpg;train;type1a;medium;type1a/medium
images/synthetic/syn_v2_2026091401_07804.jpg;train;type1b;easy;type1b/easy
images/synthetic/syn_v2_2026091401_07805.jpg;train;type1;medium;type1/medium
images/synthetic/syn_v2_2026091401_07806.jpg;train;type1b;hard;type1b/hard
images/synthetic/syn_v2_2026091401_07807.jpg;train;type1a;easy;type1a/easy
images/synthetic/syn_v2_2026091401_07808.jpg;train;type1b;easy;type1b/easy
images/synthetic/syn_v2_2026091401_07809.jpg;val;type1;medium;type1/medium
images/synthetic/syn_v2_2026091401_07810.jpg;train;type1b;easy;type1b/easy
images/synthetic/syn_v2_2026091401_07811.jpg;train;type1b;hard;type1b/hard
images/synthetic/syn_v2_2026091401_07812.jpg;train;type1a;medium;type1a/medium
images/synthetic/syn_v2_2026091401_07813.jpg;train;type1b;medium;type1b/medium
images/synthetic/syn_v2_2026091401_07814.jpg;train;type1b;hard;type1b/hard
images/synthetic/syn_v2_2026091401_07815.jpg;train;type1a;medium;type1a/medium
images/synthetic/syn_v2_2026091401_07816.jpg;train;type1b;easy;type1b/easy
images/synthetic/syn_v2_2026091401_07817.jpg;test;type1b;easy;type1b/easy
images/synthetic/syn_v2_2026091401_07818.jpg;train;type1a;easy;type1a/easy
images/synthetic/syn_v2_2026091401_07819.jpg;train;type1a;medium;type1a/medium
images/synthetic/syn_v2_2026091401_07820.jpg;train;type1a;medium;type1a/medium
images/synthetic/syn_v2_2026091401_07821.jpg;train;type1a;medium;type1a/medium
images/synthetic/syn_v2_2026091401_07822.jpg;train;type1b;medium;type1b/medium
images/synthetic/syn_v2_2026091401_07823.jpg;train;type1b;medium;type1b/medium
images/synthetic/syn_v2_2026091401_07824.jpg;train;type1b;hard;type1b/hard
images/synthetic/syn_v2_2026091401_07825.jpg;train;type1;medium;type1/medium
images/synthetic/syn_v2_2026091401_07826.jpg;train;type1b;easy;type1b/easy
images/synthetic/syn_v2_2026091401_07827.jpg;val;type1b;medium;type1b/medium
images/synthetic/syn_v2_2026091401_07828.jpg;train;type1;easy;type1/easy
images/synthetic/syn_v2_2026091401_07829.jpg;train;type1;medium;type1/medium
images/synthetic/syn_v2_2026091401_07830.jpg;train;type1b;hard;type1b/hard
images/synthetic/syn_v2_2026091401_07831.jpg;train;type1a;easy;type1a/easy
images/synthetic/syn_v2_2026091401_07832.jpg;train;type1a;hard;type1a/hard
images/synthetic/syn_v2_2026091401_07833.jpg;train;type1a;medium;type1a/medium
images/synthetic/syn_v2_2026091401_07834.jpg;train;type1b;hard;type1b/hard
images/synthetic/syn_v2_2026091401_07835.jpg;test;type1b;easy;type1b/easy
images/synthetic/syn_v2_2026091401_07836.jpg;train;type1a;medium;type1a/medium
images/synthetic/syn_v2_2026091401_07837.jpg;train;type1;medium;type1/medium
images/synthetic/syn_v2_2026091401_07838.jpg;train;type1a;easy;type1a/easy
images/synthetic/syn_v2_2026091401_07839.jpg;train;type1a;hard;type1a/hard
images/synthetic/syn_v2_2026091401_07840.jpg;train;type1b;easy;type1b/easy
images/synthetic/syn_v2_2026091401_07841.jpg;val;type1a;medium;type1a/medium
images/synthetic/syn_v2_2026091401_07842.jpg;train;type1a;medium;type1a/medium
images/synthetic/syn_v2_2026091401_07843.jpg;train;type1b;medium;type1b/medium
images/synthetic/syn_v2_2026091401_07844.jpg;train;type1a;medium;type1a/medium
images/synthetic/syn_v2_2026091401_07845.jpg;train;type1;medium;type1/medium
images/synthetic/syn_v2_2026091401_07846.jpg;train;type1b;easy;type1b/easy
images/synthetic/syn_v2_2026091401_07847.jpg;train;type1a;easy;type1a/easy
images/synthetic/syn_v2_2026091401_07848.jpg;train;type1a;medium;type1a/medium
images/synthetic/syn_v2_2026091401_07849.jpg;train;type1b;hard;type1b/hard
images/synthetic/syn_v2_2026091401_07850.jpg;train;type1b;medium;type1b/medium
images/synthetic/syn_v2_2026091401_07851.jpg;train;type1b;medium;type1b/medium
images/synthetic/syn_v2_2026091401_07852.jpg;train;type1;medium;type1/medium
images/synthetic/syn_v2_2026091401_07853.jpg;train;type1b;medium;type1b/medium
images/synthetic/syn_v2_2026091401_07854.jpg;val;type1;medium;type1/medium
images/synthetic/syn_v2_2026091401_07855.jpg;train;type1b;medium;type1b/medium
images/synthetic/syn_v2_2026091401_07856.jpg;train;type1;easy;type1/easy
images/synthetic/syn_v2_2026091401_07857.jpg;train;type1;easy;type1/easy
images/synthetic/syn_v2_2026091401_07858.jpg;train;type1b;easy;type1b/easy
images/synthetic/syn_v2_2026091401_07859.jpg;val;type1;medium;type1/medium
images/synthetic/syn_v2_2026091401_07860.jpg;train;type1b;hard;type1b/hard
images/synthetic/syn_v2_2026091401_07861.jpg;test;type1;hard;type1/hard
images/synthetic/syn_v2_2026091401_07862.jpg;test;type1a;easy;type1a/easy
images/synthetic/syn_v2_2026091401_07863.jpg;train;type1a;easy;type1a/easy
images/synthetic/syn_v2_2026091401_07864.jpg;train;type1b;medium;type1b/medium
images/synthetic/syn_v2_2026091401_07865.jpg;train;type1b;easy;type1b/easy
images/synthetic/syn_v2_2026091401_07866.jpg;train;type1b;easy;type1b/easy
images/synthetic/syn_v2_2026091401_07867.jpg;train;type1;easy;type1/easy
images/synthetic/syn_v2_2026091401_07868.jpg;train;type1b;medium;type1b/medium
images/synthetic/syn_v2_2026091401_07869.jpg;train;type1;hard;type1/hard
images/synthetic/syn_v2_2026091401_07870.jpg;train;type1b;medium;type1b/medium
images/synthetic/syn_v2_2026091401_07871.jpg;train;type1b;hard;type1b/hard
images/synthetic/syn_v2_2026091401_07872.jpg;val;type1b;medium;type1b/medium
images/synthetic/syn_v2_2026091401_07873.jpg;train;type1b;medium;type1b/medium
images/synthetic/syn_v2_2026091401_07874.jpg;train;type1a;easy;type1a/easy
images/synthetic/syn_v2_2026091401_07875.jpg;train;type1a;medium;type1a/medium
images/synthetic/syn_v2_2026091401_07876.jpg;train;type1a;easy;type1a/easy
images/synthetic/syn_v2_2026091401_07877.jpg;train;type1a;easy;type1a/easy
images/synthetic/syn_v2_2026091401_07878.jpg;val;type1a;easy;type1a/easy
images/synthetic/syn_v2_2026091401_07879.jpg;train;type1;medium;type1/medium
images/synthetic/syn_v2_2026091401_07880.jpg;train;type1b;easy;type1b/easy
images/synthetic/syn_v2_2026091401_07881.jpg;val;type1b;hard;type1b/hard
images/synthetic/syn_v2_2026091401_07882.jpg;test;type1a;hard;type1a/hard
images/synthetic/syn_v2_2026091401_07883.jpg;train;type1b;hard;type1b/hard
images/synthetic/syn_v2_2026091401_07884.jpg;train;type1b;medium;type1b/medium
images/synthetic/syn_v2_2026091401_07885.jpg;train;type1a;medium;type1a/medium
images/synthetic/syn_v2_2026091401_07886.jpg;train;type1b;medium;type1b/medium
images/synthetic/syn_v2_2026091401_07887.jpg;train;type1a;medium;type1a/medium
images/synthetic/syn_v2_2026091401_07888.jpg;train;type1a;easy;type1a/easy
images/synthetic/syn_v2_2026091401_07889.jpg;val;type1b;easy;type1b/easy
images/synthetic/syn_v2_2026091401_07890.jpg;val;type1b;medium;type1b/medium
images/synthetic/syn_v2_2026091401_07891.jpg;train;type1;easy;type1/easy
images/synthetic/syn_v2_2026091401_07892.jpg;train;type1;medium;type1/medium
images/synthetic/syn_v2_2026091401_07893.jpg;train;type1;hard;type1/hard
images/synthetic/syn_v2_2026091401_07894.jpg;test;type1b;easy;type1b/easy
images/synthetic/syn_v2_2026091401_07895.jpg;test;type1;hard;type1/hard
images/synthetic/syn_v2_2026091401_07896.jpg;val;type1b;easy;type1b/easy
images/synthetic/syn_v2_2026091401_07897.jpg;test;type1a;medium;type1a/medium
images/synthetic/syn_v2_2026091401_07898.jpg;train;type1b;easy;type1b/easy
images/synthetic/syn_v2_2026091401_07899.jpg;train;type1a;medium;type1a/medium
images/synthetic/syn_v2_2026091401_07900.jpg;train;type1a;hard;type1a/hard
images/synthetic/syn_v2_2026091401_07901.jpg;train;type1b;hard;type1b/hard
images/synthetic/syn_v2_2026091401_07902.jpg;val;type1;easy;type1/easy
images/synthetic/syn_v2_2026091401_07903.jpg;test;type1;easy;type1/easy
images/synthetic/syn_v2_2026091401_07904.jpg;val;type1b;easy;type1b/easy
images/synthetic/syn_v2_2026091401_07905.jpg;train;type1b;medium;type1b/medium
images/synthetic/syn_v2_2026091401_07906.jpg;train;type1a;easy;type1a/easy
images/synthetic/syn_v2_2026091401_07907.jpg;train;type1b;hard;type1b/hard
images/synthetic/syn_v2_2026091401_07908.jpg;train;type1;medium;type1/medium
images/synthetic/syn_v2_2026091401_07909.jpg;train;type1b;medium;type1b/medium
images/synthetic/syn_v2_2026091401_07910.jpg;train;type1a;hard;type1a/hard
images/synthetic/syn_v2_2026091401_07911.jpg;train;type1;hard;type1/hard
images/synthetic/syn_v2_2026091401_07912.jpg;train;type1;hard;type1/hard
images/synthetic/syn_v2_2026091401_07913.jpg;train;type1b;easy;type1b/easy
images/synthetic/syn_v2_2026091401_07914.jpg;test;type1b;medium;type1b/medium
images/synthetic/syn_v2_2026091401_07915.jpg;train;type1a;easy;type1a/easy
images/synthetic/syn_v2_2026091401_07916.jpg;val;type1b;easy;type1b/easy
images/synthetic/syn_v2_2026091401_07917.jpg;train;type1b;medium;type1b/medium
images/synthetic/syn_v2_2026091401_07918.jpg;train;type1a;hard;type1a/hard
images/synthetic/syn_v2_2026091401_07919.jpg;train;type1a;easy;type1a/easy
images/synthetic/syn_v2_2026091401_07920.jpg;val;type1b;medium;type1b/medium
images/synthetic/syn_v2_2026091401_07921.jpg;val;type1a;easy;type1a/easy
images/synthetic/syn_v2_2026091401_07922.jpg;train;type1a;easy;type1a/easy
images/synthetic/syn_v2_2026091401_07923.jpg;train;type1a;medium;type1a/medium
images/synthetic/syn_v2_2026091401_07924.jpg;train;type1b;medium;type1b/medium
images/synthetic/syn_v2_2026091401_07925.jpg;train;type1b;medium;type1b/medium
images/synthetic/syn_v2_2026091401_07926.jpg;train;type1b;easy;type1b/easy
images/synthetic/syn_v2_2026091401_07927.jpg;train;type1b;hard;type1b/hard
images/synthetic/syn_v2_2026091401_07928.jpg;train;type1b;medium;type1b/medium
images/synthetic/syn_v2_2026091401_07929.jpg;train;type1b;easy;type1b/easy
images/synthetic/syn_v2_2026091401_07930.jpg;train;type1a;medium;type1a/medium
images/synthetic/syn_v2_2026091401_07931.jpg;train;type1b;hard;type1b/hard
images/synthetic/syn_v2_2026091401_07932.jpg;train;type1a;medium;type1a/medium
images/synthetic/syn_v2_2026091401_07933.jpg;val;type1a;easy;type1a/easy
images/synthetic/syn_v2_2026091401_07934.jpg;train;type1a;medium;type1a/medium
images/synthetic/syn_v2_2026091401_07935.jpg;train;type1b;medium;type1b/medium
images/synthetic/syn_v2_2026091401_07936.jpg;train;type1;hard;type1/hard
images/synthetic/syn_v2_2026091401_07937.jpg;train;type1b;easy;type1b/easy
images/synthetic/syn_v2_2026091401_07938.jpg;train;type1;hard;type1/hard
images/synthetic/syn_v2_2026091401_07939.jpg;train;type1b;medium;type1b/medium
images/synthetic/syn_v2_2026091401_07940.jpg;train;type1a;medium;type1a/medium
images/synthetic/syn_v2_2026091401_07941.jpg;train;type1b;hard;type1b/hard
images/synthetic/syn_v2_2026091401_07942.jpg;train;type1b;medium;type1b/medium
images/synthetic/syn_v2_2026091401_07943.jpg;train;type1b;hard;type1b/hard
images/synthetic/syn_v2_2026091401_07944.jpg;train;type1a;hard;type1a/hard
images/synthetic/syn_v2_2026091401_07945.jpg;train;type1b;easy;type1b/easy
images/synthetic/syn_v2_2026091401_07946.jpg;val;type1a;hard;type1a/hard
images/synthetic/syn_v2_2026091401_07947.jpg;train;type1b;easy;type1b/easy
images/synthetic/syn_v2_2026091401_07948.jpg;train;type1a;medium;type1a/medium
images/synthetic/syn_v2_2026091401_07949.jpg;train;type1b;easy;type1b/easy
images/synthetic/syn_v2_2026091401_07950.jpg;train;type1;easy;type1/easy
images/synthetic/syn_v2_2026091401_07951.jpg;train;type1;easy;type1/easy
images/synthetic/syn_v2_2026091401_07952.jpg;train;type1b;easy;type1b/easy
images/synthetic/syn_v2_2026091401_07953.jpg;val;type1b;medium;type1b/medium
images/synthetic/syn_v2_2026091401_07954.jpg;train;type1a;medium;type1a/medium
images/synthetic/syn_v2_2026091401_07955.jpg;val;type1a;hard;type1a/hard
images/synthetic/syn_v2_2026091401_07956.jpg;train;type1b;medium;type1b/medium
images/synthetic/syn_v2_2026091401_07957.jpg;train;type1;medium;type1/medium
images/synthetic/syn_v2_2026091401_07958.jpg;train;type1b;medium;type1b/medium
images/synthetic/syn_v2_2026091401_07959.jpg;train;type1a;medium;type1a/medium
images/synthetic/syn_v2_2026091401_07960.jpg;val;type1a;hard;type1a/hard
images/synthetic/syn_v2_2026091401_07961.jpg;train;type1a;medium;type1a/medium
images/synthetic/syn_v2_2026091401_07962.jpg;train;type1b;easy;type1b/easy
images/synthetic/syn_v2_2026091401_07963.jpg;val;type1b;easy;type1b/easy
images/synthetic/syn_v2_2026091401_07964.jpg;train;type1a;medium;type1a/medium
images/synthetic/syn_v2_2026091401_07965.jpg;train;type1b;medium;type1b/medium
images/synthetic/syn_v2_2026091401_07966.jpg;train;type1a;medium;type1a/medium
images/synthetic/syn_v2_2026091401_07967.jpg;train;type1;hard;type1/hard
images/synthetic/syn_v2_2026091401_07968.jpg;train;type1;hard;type1/hard
images/synthetic/syn_v2_2026091401_07969.jpg;train;type1a;medium;type1a/medium
images/synthetic/syn_v2_2026091401_07970.jpg;train;type1b;easy;type1b/easy
images/synthetic/syn_v2_2026091401_07971.jpg;train;type1;easy;type1/easy
images/synthetic/syn_v2_2026091401_07972.jpg;train;type1a;medium;type1a/medium
images/synthetic/syn_v2_2026091401_07973.jpg;train;type1;easy;type1/easy
images/synthetic/syn_v2_2026091401_07974.jpg;train;type1;easy;type1/easy
images/synthetic/syn_v2_2026091401_07975.jpg;val;type1b;hard;type1b/hard
images/synthetic/syn_v2_2026091401_07976.jpg;train;type1;medium;type1/medium
images/synthetic/syn_v2_2026091401_07977.jpg;train;type1a;easy;type1a/easy
images/synthetic/syn_v2_2026091401_07978.jpg;train;type1;medium;type1/medium
images/synthetic/syn_v2_2026091401_07979.jpg;train;type1a;hard;type1a/hard
images/synthetic/syn_v2_2026091401_07980.jpg;train;type1b;medium;type1b/medium
images/synthetic/syn_v2_2026091401_07981.jpg;val;type1b;easy;type1b/easy
images/synthetic/syn_v2_2026091401_07982.jpg;train;type1a;medium;type1a/medium
images/synthetic/syn_v2_2026091401_07983.jpg;train;type1b;easy;type1b/easy
images/synthetic/syn_v2_2026091401_07984.jpg;train;type1a;hard;type1a/hard
images/synthetic/syn_v2_2026091401_07985.jpg;train;type1a;medium;type1a/medium
images/synthetic/syn_v2_2026091401_07986.jpg;train;type1b;easy;type1b/easy
images/synthetic/syn_v2_2026091401_07987.jpg;train;type1a;medium;type1a/medium
images/synthetic/syn_v2_2026091401_07988.jpg;train;type1a;hard;type1a/hard
images/synthetic/syn_v2_2026091401_07989.jpg;train;type1;easy;type1/easy
images/synthetic/syn_v2_2026091401_07990.jpg;val;type1b;hard;type1b/hard
images/synthetic/syn_v2_2026091401_07991.jpg;train;type1b;medium;type1b/medium
images/synthetic/syn_v2_2026091401_07992.jpg;val;type1b;easy;type1b/easy
images/synthetic/syn_v2_2026091401_07993.jpg;test;type1b;easy;type1b/easy
images/synthetic/syn_v2_2026091401_07994.jpg;train;type1b;easy;type1b/easy
images/synthetic/syn_v2_2026091401_07995.jpg;train;type1b;easy;type1b/easy
images/synthetic/syn_v2_2026091401_07996.jpg;train;type1b;hard;type1b/hard
images/synthetic/syn_v2_2026091401_07997.jpg;train;type1;medium;type1/medium
images/synthetic/syn_v2_2026091401_07998.jpg;train;type1b;easy;type1b/easy
images/synthetic/syn_v2_2026091401_07999.jpg;train;type1b;hard;type1b/hard
images/synthetic/syn_v2_2026091401_08000.jpg;train;type1b;hard;type1b/hard
images/synthetic/syn_v2_2026091401_08001.jpg;train;type1;medium;type1/medium
images/synthetic/syn_v2_2026091401_08002.jpg;train;type1a;easy;type1a/easy
images/synthetic/syn_v2_2026091401_08003.jpg;train;type1a;hard;type1a/hard
images/synthetic/syn_v2_2026091401_08004.jpg;train;type1a;medium;type1a/medium
images/synthetic/syn_v2_2026091401_08005.jpg;train;type1b;medium;type1b/medium
images/synthetic/syn_v2_2026091401_08006.jpg;train;type1b;easy;type1b/easy
images/synthetic/syn_v2_2026091401_08007.jpg;val;type1b;easy;type1b/easy
images/synthetic/syn_v2_2026091401_08008.jpg;train;type1b;medium;type1b/medium
images/synthetic/syn_v2_2026091401_08009.jpg;train;type1a;hard;type1a/hard
images/synthetic/syn_v2_2026091401_08010.jpg;train;type1a;hard;type1a/hard
images/synthetic/syn_v2_2026091401_08011.jpg;train;type1;hard;type1/hard
images/synthetic/syn_v2_2026091401_08012.jpg;train;type1a;medium;type1a/medium
images/synthetic/syn_v2_2026091401_08013.jpg;train;type1;medium;type1/medium
images/synthetic/syn_v2_2026091401_08014.jpg;train;type1;medium;type1/medium
images/synthetic/syn_v2_2026091401_08015.jpg;train;type1a;medium;type1a/medium
images/synthetic/syn_v2_2026091401_08016.jpg;train;type1b;hard;type1b/hard
images/synthetic/syn_v2_2026091401_08017.jpg;train;type1;easy;type1/easy
images/synthetic/syn_v2_2026091401_08018.jpg;train;type1b;medium;type1b/medium
images/synthetic/syn_v2_2026091401_08019.jpg;train;type1b;easy;type1b/easy
images/synthetic/syn_v2_2026091401_08020.jpg;train;type1a;hard;type1a/hard
images/synthetic/syn_v2_2026091401_08021.jpg;train;type1b;hard;type1b/hard
images/synthetic/syn_v2_2026091401_08022.jpg;train;type1;medium;type1/medium
images/synthetic/syn_v2_2026091401_08023.jpg;train;type1a;medium;type1a/medium
images/synthetic/syn_v2_2026091401_08024.jpg;train;type1b;medium;type1b/medium
images/synthetic/syn_v2_2026091401_08025.jpg;train;type1b;medium;type1b/medium
images/synthetic/syn_v2_2026091401_08026.jpg;train;type1b;medium;type1b/medium
images/synthetic/syn_v2_2026091401_08027.jpg;train;type1b;medium;type1b/medium
images/synthetic/syn_v2_2026091401_08028.jpg;train;type1a;medium;type1a/medium
images/synthetic/syn_v2_2026091401_08029.jpg;train;type1;medium;type1/medium
images/synthetic/syn_v2_2026091401_08030.jpg;train;type1a;medium;type1a/medium
images/synthetic/syn_v2_2026091401_08031.jpg;train;type1b;medium;type1b/medium
images/synthetic/syn_v2_2026091401_08032.jpg;train;type1a;easy;type1a/easy
images/synthetic/syn_v2_2026091401_08033.jpg;train;type1a;medium;type1a/medium
images/synthetic/syn_v2_2026091401_08034.jpg;train;type1b;easy;type1b/easy
images/synthetic/syn_v2_2026091401_08035.jpg;train;type1b;hard;type1b/hard
images/synthetic/syn_v2_2026091401_08036.jpg;train;type1b;easy;type1b/easy
images/synthetic/syn_v2_2026091401_08037.jpg;val;type1b;hard;type1b/hard
images/synthetic/syn_v2_2026091401_08038.jpg;train;type1b;medium;type1b/medium
images/synthetic/syn_v2_2026091401_08039.jpg;val;type1a;easy;type1a/easy
images/synthetic/syn_v2_2026091401_08040.jpg;train;type1b;hard;type1b/hard
images/synthetic/syn_v2_2026091401_08041.jpg;train;type1;medium;type1/medium
images/synthetic/syn_v2_2026091401_08042.jpg;train;type1;easy;type1/easy
images/synthetic/syn_v2_2026091401_08043.jpg;train;type1b;easy;type1b/easy
images/synthetic/syn_v2_2026091401_08044.jpg;train;type1b;medium;type1b/medium
images/synthetic/syn_v2_2026091401_08045.jpg;train;type1a;hard;type1a/hard
images/synthetic/syn_v2_2026091401_08046.jpg;val;type1;easy;type1/easy
images/synthetic/syn_v2_2026091401_08047.jpg;val;type1;hard;type1/hard
images/synthetic/syn_v2_2026091401_08048.jpg;train;type1a;hard;type1a/hard
images/synthetic/syn_v2_2026091401_08049.jpg;train;type1b;easy;type1b/easy
images/synthetic/syn_v2_2026091401_08050.jpg;train;type1;medium;type1/medium
images/synthetic/syn_v2_2026091401_08051.jpg;train;type1a;easy;type1a/easy
images/synthetic/syn_v2_2026091401_08052.jpg;train;type1a;hard;type1a/hard
images/synthetic/syn_v2_2026091401_08053.jpg;train;type1a;easy;type1a/easy
images/synthetic/syn_v2_2026091401_08054.jpg;train;type1a;medium;type1a/medium
images/synthetic/syn_v2_2026091401_08055.jpg;train;type1b;hard;type1b/hard
images/synthetic/syn_v2_2026091401_08056.jpg;val;type1b;easy;type1b/easy
images/synthetic/syn_v2_2026091401_08057.jpg;train;type1b;easy;type1b/easy
images/synthetic/syn_v2_2026091401_08058.jpg;train;type1a;easy;type1a/easy
images/synthetic/syn_v2_2026091401_08059.jpg;train;type1b;easy;type1b/easy
images/synthetic/syn_v2_2026091401_08060.jpg;train;type1a;easy;type1a/easy
images/synthetic/syn_v2_2026091401_08061.jpg;val;type1b;medium;type1b/medium
images/synthetic/syn_v2_2026091401_08062.jpg;train;type1b;medium;type1b/medium
images/synthetic/syn_v2_2026091401_08063.jpg;train;type1b;medium;type1b/medium
images/synthetic/syn_v2_2026091401_08064.jpg;train;type1;medium;type1/medium
images/synthetic/syn_v2_2026091401_08065.jpg;train;type1a;medium;type1a/medium
images/synthetic/syn_v2_2026091401_08066.jpg;train;type1;medium;type1/medium
images/synthetic/syn_v2_2026091401_08067.jpg;train;type1a;easy;type1a/easy
images/synthetic/syn_v2_2026091401_08068.jpg;train;type1b;medium;type1b/medium
images/synthetic/syn_v2_2026091401_08069.jpg;test;type1a;easy;type1a/easy
images/synthetic/syn_v2_2026091401_08070.jpg;train;type1b;medium;type1b/medium
images/synthetic/syn_v2_2026091401_08071.jpg;train;type1;hard;type1/hard
images/synthetic/syn_v2_2026091401_08072.jpg;test;type1a;hard;type1a/hard
images/synthetic/syn_v2_2026091401_08073.jpg;train;type1;easy;type1/easy
images/synthetic/syn_v2_2026091401_08074.jpg;train;type1a;easy;type1a/easy
images/synthetic/syn_v2_2026091401_08075.jpg;val;type1;medium;type1/medium
images/synthetic/syn_v2_2026091401_08076.jpg;train;type1a;easy;type1a/easy
images/synthetic/syn_v2_2026091401_08077.jpg;test;type1a;easy;type1a/easy
images/synthetic/syn_v2_2026091401_08078.jpg;train;type1a;medium;type1a/medium
images/synthetic/syn_v2_2026091401_08079.jpg;val;type1;hard;type1/hard
images/synthetic/syn_v2_2026091401_08080.jpg;test;type1a;hard;type1a/hard
images/synthetic/syn_v2_2026091401_08081.jpg;train;type1b;hard;type1b/hard
images/synthetic/syn_v2_2026091401_08082.jpg;train;type1;hard;type1/hard
images/synthetic/syn_v2_2026091401_08083.jpg;train;type1;easy;type1/easy
images/synthetic/syn_v2_2026091401_08084.jpg;train;type1a;hard;type1a/hard
images/synthetic/syn_v2_2026091401_08085.jpg;train;type1;easy;type1/easy
images/synthetic/syn_v2_2026091401_08086.jpg;val;type1a;easy;type1a/easy
images/synthetic/syn_v2_2026091401_08087.jpg;train;type1b;medium;type1b/medium
images/synthetic/syn_v2_2026091401_08088.jpg;train;type1;medium;type1/medium
images/synthetic/syn_v2_2026091401_08089.jpg;train;type1a;easy;type1a/easy
images/synthetic/syn_v2_2026091401_08090.jpg;val;type1a;easy;type1a/easy
images/synthetic/syn_v2_2026091401_08091.jpg;train;type1a;medium;type1a/medium
images/synthetic/syn_v2_2026091401_08092.jpg;train;type1a;medium;type1a/medium
images/synthetic/syn_v2_2026091401_08093.jpg;train;type1b;hard;type1b/hard
images/synthetic/syn_v2_2026091401_08094.jpg;test;type1b;medium;type1b/medium
images/synthetic/syn_v2_2026091401_08095.jpg;train;type1a;medium;type1a/medium
images/synthetic/syn_v2_2026091401_08096.jpg;train;type1a;hard;type1a/hard
images/synthetic/syn_v2_2026091401_08097.jpg;train;type1;easy;type1/easy
images/synthetic/syn_v2_2026091401_08098.jpg;train;type1;medium;type1/medium
images/synthetic/syn_v2_2026091401_08099.jpg;train;type1b;easy;type1b/easy
images/synthetic/syn_v2_2026091401_08100.jpg;train;type1b;medium;type1b/medium
images/synthetic/syn_v2_2026091401_08101.jpg;train;type1a;medium;type1a/medium
images/synthetic/syn_v2_2026091401_08102.jpg;train;type1b;easy;type1b/easy
images/synthetic/syn_v2_2026091401_08103.jpg;train;type1b;hard;type1b/hard
images/synthetic/syn_v2_2026091401_08104.jpg;train;type1b;hard;type1b/hard
images/synthetic/syn_v2_2026091401_08105.jpg;val;type1a;hard;type1a/hard
images/synthetic/syn_v2_2026091401_08106.jpg;train;type1b;medium;type1b/medium
images/synthetic/syn_v2_2026091401_08107.jpg;train;type1b;hard;type1b/hard
images/synthetic/syn_v2_2026091401_08108.jpg;val;type1;easy;type1/easy
images/synthetic/syn_v2_2026091401_08109.jpg;train;type1;medium;type1/medium
images/synthetic/syn_v2_2026091401_08110.jpg;train;type1b;medium;type1b/medium
images/synthetic/syn_v2_2026091401_08111.jpg;train;type1a;medium;type1a/medium
images/synthetic/syn_v2_2026091401_08112.jpg;val;type1a;medium;type1a/medium
images/synthetic/syn_v2_2026091401_08113.jpg;train;type1a;easy;type1a/easy
images/synthetic/syn_v2_2026091401_08114.jpg;train;type1b;easy;type1b/easy
images/synthetic/syn_v2_2026091401_08115.jpg;train;type1b;easy;type1b/easy
images/synthetic/syn_v2_2026091401_08116.jpg;val;type1b;medium;type1b/medium
images/synthetic/syn_v2_2026091401_08117.jpg;train;type1a;hard;type1a/hard
images/synthetic/syn_v2_2026091401_08118.jpg;train;type1b;easy;type1b/easy
images/synthetic/syn_v2_2026091401_08119.jpg;test;type1b;medium;type1b/medium
images/synthetic/syn_v2_2026091401_08120.jpg;train;type1;hard;type1/hard
images/synthetic/syn_v2_2026091401_08121.jpg;test;type1b;hard;type1b/hard
images/synthetic/syn_v2_2026091401_08122.jpg;train;type1a;hard;type1a/hard
images/synthetic/syn_v2_2026091401_08123.jpg;train;type1;medium;type1/medium
images/synthetic/syn_v2_2026091401_08124.jpg;train;type1;medium;type1/medium
images/synthetic/syn_v2_2026091401_08125.jpg;train;type1b;easy;type1b/easy
images/synthetic/syn_v2_2026091401_08126.jpg;train;type1;medium;type1/medium
images/synthetic/syn_v2_2026091401_08127.jpg;train;type1b;medium;type1b/medium
images/synthetic/syn_v2_2026091401_08128.jpg;train;type1b;medium;type1b/medium
images/synthetic/syn_v2_2026091401_08129.jpg;train;type1a;hard;type1a/hard
images/synthetic/syn_v2_2026091401_08130.jpg;train;type1;easy;type1/easy
images/synthetic/syn_v2_2026091401_08131.jpg;train;type1;hard;type1/hard
images/synthetic/syn_v2_2026091401_08132.jpg;train;type1;hard;type1/hard
images/synthetic/syn_v2_2026091401_08133.jpg;train;type1b;hard;type1b/hard
images/synthetic/syn_v2_2026091401_08134.jpg;train;type1b;easy;type1b/easy
images/synthetic/syn_v2_2026091401_08135.jpg;train;type1a;medium;type1a/medium
images/synthetic/syn_v2_2026091401_08136.jpg;train;type1a;medium;type1a/medium
images/synthetic/syn_v2_2026091401_08137.jpg;train;type1b;medium;type1b/medium
images/synthetic/syn_v2_2026091401_08138.jpg;train;type1b;medium;type1b/medium
images/synthetic/syn_v2_2026091401_08139.jpg;train;type1b;easy;type1b/easy
images/synthetic/syn_v2_2026091401_08140.jpg;train;type1a;medium;type1a/medium
images/synthetic/syn_v2_2026091401_08141.jpg;train;type1a;easy;type1a/easy
images/synthetic/syn_v2_2026091401_08142.jpg;train;type1b;easy;type1b/easy
images/synthetic/syn_v2_2026091401_08143.jpg;train;type1a;hard;type1a/hard
images/synthetic/syn_v2_2026091401_08144.jpg;train;type1b;medium;type1b/medium
images/synthetic/syn_v2_2026091401_08145.jpg;train;type1a;hard;type1a/hard
images/synthetic/syn_v2_2026091401_08146.jpg;val;type1b;medium;type1b/medium
images/synthetic/syn_v2_2026091401_08147.jpg;train;type1b;medium;type1b/medium
images/synthetic/syn_v2_2026091401_08148.jpg;train;type1b;hard;type1b/hard
images/synthetic/syn_v2_2026091401_08149.jpg;train;type1a;hard;type1a/hard
images/synthetic/syn_v2_2026091401_08150.jpg;train;type1b;hard;type1b/hard
images/synthetic/syn_v2_2026091401_08151.jpg;train;type1b;medium;type1b/medium
images/synthetic/syn_v2_2026091401_08152.jpg;train;type1b;medium;type1b/medium
images/synthetic/syn_v2_2026091401_08153.jpg;train;type1b;hard;type1b/hard
images/synthetic/syn_v2_2026091401_08154.jpg;val;type1a;easy;type1a/easy
images/synthetic/syn_v2_2026091401_08155.jpg;val;type1b;medium;type1b/medium
images/synthetic/syn_v2_2026091401_08156.jpg;train;type1b;hard;type1b/hard
images/synthetic/syn_v2_2026091401_08157.jpg;train;type1b;medium;type1b/medium
images/synthetic/syn_v2_2026091401_08158.jpg;train;type1a;easy;type1a/easy
images/synthetic/syn_v2_2026091401_08159.jpg;train;type1a;medium;type1a/medium
images/synthetic/syn_v2_2026091401_08160.jpg;train;type1a;hard;type1a/hard
images/synthetic/syn_v2_2026091401_08161.jpg;train;type1b;easy;type1b/easy
images/synthetic/syn_v2_2026091401_08162.jpg;train;type1b;easy;type1b/easy
images/synthetic/syn_v2_2026091401_08163.jpg;train;type1;hard;type1/hard
images/synthetic/syn_v2_2026091401_08164.jpg;train;type1b;medium;type1b/medium
images/synthetic/syn_v2_2026091401_08165.jpg;train;type1b;easy;type1b/easy
images/synthetic/syn_v2_2026091401_08166.jpg;val;type1a;easy;type1a/easy
images/synthetic/syn_v2_2026091401_08167.jpg;test;type1;medium;type1/medium
images/synthetic/syn_v2_2026091401_08168.jpg;train;type1a;medium;type1a/medium
images/synthetic/syn_v2_2026091401_08169.jpg;train;type1b;medium;type1b/medium
images/synthetic/syn_v2_2026091401_08170.jpg;val;type1;easy;type1/easy
images/synthetic/syn_v2_2026091401_08171.jpg;train;type1;medium;type1/medium
images/synthetic/syn_v2_2026091401_08172.jpg;train;type1a;easy;type1a/easy
images/synthetic/syn_v2_2026091401_08173.jpg;train;type1;hard;type1/hard
images/synthetic/syn_v2_2026091401_08174.jpg;test;type1b;easy;type1b/easy
images/synthetic/syn_v2_2026091401_08175.jpg;train;type1a;medium;type1a/medium
images/synthetic/syn_v2_2026091401_08176.jpg;train;type1a;medium;type1a/medium
images/synthetic/syn_v2_2026091401_08177.jpg;train;type1a;medium;type1a/medium
images/synthetic/syn_v2_2026091401_08178.jpg;train;type1;easy;type1/easy
images/synthetic/syn_v2_2026091401_08179.jpg;train;type1b;medium;type1b/medium
images/synthetic/syn_v2_2026091401_08180.jpg;train;type1b;hard;type1b/hard
images/synthetic/syn_v2_2026091401_08181.jpg;train;type1b;medium;type1b/medium
images/synthetic/syn_v2_2026091401_08182.jpg;train;type1a;medium;type1a/medium
images/synthetic/syn_v2_2026091401_08183.jpg;train;type1;easy;type1/easy
images/synthetic/syn_v2_2026091401_08184.jpg;train;type1;hard;type1/hard
images/synthetic/syn_v2_2026091401_08185.jpg;train;type1;medium;type1/medium
images/synthetic/syn_v2_2026091401_08186.jpg;train;type1a;hard;type1a/hard
images/synthetic/syn_v2_2026091401_08187.jpg;train;type1a;medium;type1a/medium
images/synthetic/syn_v2_2026091401_08188.jpg;train;type1;easy;type1/easy
images/synthetic/syn_v2_2026091401_08189.jpg;train;type1a;easy;type1a/easy
images/synthetic/syn_v2_2026091401_08190.jpg;train;type1b;hard;type1b/hard
images/synthetic/syn_v2_2026091401_08191.jpg;train;type1a;easy;type1a/easy
images/synthetic/syn_v2_2026091401_08192.jpg;train;type1a;easy;type1a/easy
images/synthetic/syn_v2_2026091401_08193.jpg;train;type1b;medium;type1b/medium
images/synthetic/syn_v2_2026091401_08194.jpg;train;type1b;medium;type1b/medium
images/synthetic/syn_v2_2026091401_08195.jpg;val;type1;easy;type1/easy
images/synthetic/syn_v2_2026091401_08196.jpg;train;type1b;easy;type1b/easy
images/synthetic/syn_v2_2026091401_08197.jpg;val;type1a;medium;type1a/medium
images/synthetic/syn_v2_2026091401_08198.jpg;train;type1b;medium;type1b/medium
images/synthetic/syn_v2_2026091401_08199.jpg;train;type1a;medium;type1a/medium
images/synthetic/syn_v2_2026091401_08200.jpg;train;type1b;medium;type1b/medium
images/synthetic/syn_v2_2026091401_08201.jpg;train;type1;hard;type1/hard
images/synthetic/syn_v2_2026091401_08202.jpg;train;type1b;medium;type1b/medium
images/synthetic/syn_v2_2026091401_08203.jpg;train;type1;medium;type1/medium
images/synthetic/syn_v2_2026091401_08204.jpg;train;type1;medium;type1/medium
images/synthetic/syn_v2_2026091401_08205.jpg;train;type1b;hard;type1b/hard
images/synthetic/syn_v2_2026091401_08206.jpg;train;type1b;medium;type1b/medium
images/synthetic/syn_v2_2026091401_08207.jpg;train;type1a;medium;type1a/medium
images/synthetic/syn_v2_2026091401_08208.jpg;train;type1a;easy;type1a/easy
images/synthetic/syn_v2_2026091401_08209.jpg;train;type1a;medium;type1a/medium
images/synthetic/syn_v2_2026091401_08210.jpg;train;type1b;easy;type1b/easy
images/synthetic/syn_v2_2026091401_08211.jpg;train;type1b;easy;type1b/easy
images/synthetic/syn_v2_2026091401_08212.jpg;train;type1;hard;type1/hard
images/synthetic/syn_v2_2026091401_08213.jpg;train;type1b;medium;type1b/medium
images/synthetic/syn_v2_2026091401_08214.jpg;train;type1a;medium;type1a/medium
images/synthetic/syn_v2_2026091401_08215.jpg;train;type1b;medium;type1b/medium
images/synthetic/syn_v2_2026091401_08216.jpg;train;type1b;medium;type1b/medium
images/synthetic/syn_v2_2026091401_08217.jpg;train;type1b;easy;type1b/easy
images/synthetic/syn_v2_2026091401_08218.jpg;train;type1b;easy;type1b/easy
images/synthetic/syn_v2_2026091401_08219.jpg;train;type1a;easy;type1a/easy
images/synthetic/syn_v2_2026091401_08220.jpg;train;type1a;hard;type1a/hard
images/synthetic/syn_v2_2026091401_08221.jpg;train;type1b;medium;type1b/medium
images/synthetic/syn_v2_2026091401_08222.jpg;train;type1a;hard;type1a/hard
images/synthetic/syn_v2_2026091401_08223.jpg;train;type1a;hard;type1a/hard
images/synthetic/syn_v2_2026091401_08224.jpg;train;type1a;easy;type1a/easy
images/synthetic/syn_v2_2026091401_08225.jpg;train;type1a;easy;type1a/easy
images/synthetic/syn_v2_2026091401_08226.jpg;train;type1b;easy;type1b/easy
images/synthetic/syn_v2_2026091401_08227.jpg;train;type1b;easy;type1b/easy
images/synthetic/syn_v2_2026091401_08228.jpg;train;type1;medium;type1/medium
images/synthetic/syn_v2_2026091401_08229.jpg;train;type1a;easy;type1a/easy
images/synthetic/syn_v2_2026091401_08230.jpg;train;type1a;easy;type1a/easy
images/synthetic/syn_v2_2026091401_08231.jpg;train;type1a;medium;type1a/medium
images/synthetic/syn_v2_2026091401_08232.jpg;val;type1;medium;type1/medium
images/synthetic/syn_v2_2026091401_08233.jpg;train;type1b;medium;type1b/medium
images/synthetic/syn_v2_2026091401_08234.jpg;train;type1;hard;type1/hard
images/synthetic/syn_v2_2026091401_08235.jpg;train;type1;medium;type1/medium
images/synthetic/syn_v2_2026091401_08236.jpg;train;type1a;medium;type1a/medium
images/synthetic/syn_v2_2026091401_08237.jpg;train;type1a;medium;type1a/medium
images/synthetic/syn_v2_2026091401_08238.jpg;train;type1a;easy;type1a/easy
images/synthetic/syn_v2_2026091401_08239.jpg;train;type1b;easy;type1b/easy
images/synthetic/syn_v2_2026091401_08240.jpg;train;type1b;easy;type1b/easy
images/synthetic/syn_v2_2026091401_08241.jpg;train;type1a;medium;type1a/medium
images/synthetic/syn_v2_2026091401_08242.jpg;train;type1b;hard;type1b/hard
images/synthetic/syn_v2_2026091401_08243.jpg;train;type1b;medium;type1b/medium
images/synthetic/syn_v2_2026091401_08244.jpg;train;type1a;hard;type1a/hard
images/synthetic/syn_v2_2026091401_08245.jpg;train;type1a;easy;type1a/easy
images/synthetic/syn_v2_2026091401_08246.jpg;train;type1b;hard;type1b/hard
images/synthetic/syn_v2_2026091401_08247.jpg;train;type1a;medium;type1a/medium
images/synthetic/syn_v2_2026091401_08248.jpg;train;type1b;easy;type1b/easy
images/synthetic/syn_v2_2026091401_08249.jpg;train;type1b;medium;type1b/medium
images/synthetic/syn_v2_2026091401_08250.jpg;train;type1;easy;type1/easy
images/synthetic/syn_v2_2026091401_08251.jpg;train;type1b;easy;type1b/easy
images/synthetic/syn_v2_2026091401_08252.jpg;train;type1;medium;type1/medium
images/synthetic/syn_v2_2026091401_08253.jpg;train;type1b;hard;type1b/hard
images/synthetic/syn_v2_2026091401_08254.jpg;train;type1;medium;type1/medium
images/synthetic/syn_v2_2026091401_08255.jpg;train;type1;easy;type1/easy
images/synthetic/syn_v2_2026091401_08256.jpg;train;type1;medium;type1/medium
images/synthetic/syn_v2_2026091401_08257.jpg;train;type1b;easy;type1b/easy
images/synthetic/syn_v2_2026091401_08258.jpg;train;type1a;medium;type1a/medium
images/synthetic/syn_v2_2026091401_08259.jpg;train;type1b;medium;type1b/medium
images/synthetic/syn_v2_2026091401_08260.jpg;train;type1b;medium;type1b/medium
images/synthetic/syn_v2_2026091401_08261.jpg;train;type1a;easy;type1a/easy
images/synthetic/syn_v2_2026091401_08262.jpg;train;type1b;medium;type1b/medium
images/synthetic/syn_v2_2026091401_08263.jpg;test;type1a;easy;type1a/easy
images/synthetic/syn_v2_2026091401_08264.jpg;train;type1a;easy;type1a/easy
images/synthetic/syn_v2_2026091401_08265.jpg;val;type1b;easy;type1b/easy
images/synthetic/syn_v2_2026091401_08266.jpg;train;type1a;easy;type1a/easy
images/synthetic/syn_v2_2026091401_08267.jpg;train;type1a;easy;type1a/easy
images/synthetic/syn_v2_2026091401_08268.jpg;test;type1b;easy;type1b/easy
images/synthetic/syn_v2_2026091401_08269.jpg;val;type1b;hard;type1b/hard
images/synthetic/syn_v2_2026091401_08270.jpg;train;type1;hard;type1/hard
images/synthetic/syn_v2_2026091401_08271.jpg;train;type1a;medium;type1a/medium
images/synthetic/syn_v2_2026091401_08272.jpg;train;type1b;hard;type1b/hard
images/synthetic/syn_v2_2026091401_08273.jpg;train;type1;hard;type1/hard
images/synthetic/syn_v2_2026091401_08274.jpg;train;type1b;easy;type1b/easy
images/synthetic/syn_v2_2026091401_08275.jpg;train;type1a;medium;type1a/medium
images/synthetic/syn_v2_2026091401_08276.jpg;train;type1b;hard;type1b/hard
images/synthetic/syn_v2_2026091401_08277.jpg;train;type1b;medium;type1b/medium
images/synthetic/syn_v2_2026091401_08278.jpg;train;type1;easy;type1/easy
images/synthetic/syn_v2_2026091401_08279.jpg;train;type1a;hard;type1a/hard
images/synthetic/syn_v2_2026091401_08280.jpg;train;type1b;hard;type1b/hard
images/synthetic/syn_v2_2026091401_08281.jpg;val;type1;medium;type1/medium
images/synthetic/syn_v2_2026091401_08282.jpg;train;type1a;medium;type1a/medium
images/synthetic/syn_v2_2026091401_08283.jpg;train;type1a;easy;type1a/easy
images/synthetic/syn_v2_2026091401_08284.jpg;train;type1a;medium;type1a/medium
images/synthetic/syn_v2_2026091401_08285.jpg;train;type1b;medium;type1b/medium
images/synthetic/syn_v2_2026091401_08286.jpg;train;type1a;easy;type1a/easy
images/synthetic/syn_v2_2026091401_08287.jpg;train;type1b;hard;type1b/hard
images/synthetic/syn_v2_2026091401_08288.jpg;train;type1b;easy;type1b/easy
images/synthetic/syn_v2_2026091401_08289.jpg;train;type1b;hard;type1b/hard
images/synthetic/syn_v2_2026091401_08290.jpg;train;type1b;hard;type1b/hard
images/synthetic/syn_v2_2026091401_08291.jpg;train;type1b;medium;type1b/medium
images/synthetic/syn_v2_2026091401_08292.jpg;train;type1a;medium;type1a/medium
images/synthetic/syn_v2_2026091401_08293.jpg;train;type1b;easy;type1b/easy
images/synthetic/syn_v2_2026091401_08294.jpg;train;type1a;medium;type1a/medium
images/synthetic/syn_v2_2026091401_08295.jpg;train;type1a;medium;type1a/medium
images/synthetic/syn_v2_2026091401_08296.jpg;train;type1b;hard;type1b/hard
images/synthetic/syn_v2_2026091401_08297.jpg;train;type1b;hard;type1b/hard
images/synthetic/syn_v2_2026091401_08298.jpg;train;type1a;medium;type1a/medium
images/synthetic/syn_v2_2026091401_08299.jpg;train;type1a;medium;type1a/medium
images/synthetic/syn_v2_2026091401_08300.jpg;train;type1b;medium;type1b/medium
images/synthetic/syn_v2_2026091401_08301.jpg;train;type1a;easy;type1a/easy
images/synthetic/syn_v2_2026091401_08302.jpg;train;type1a;medium;type1a/medium
images/synthetic/syn_v2_2026091401_08303.jpg;train;type1;easy;type1/easy
images/synthetic/syn_v2_2026091401_08304.jpg;train;type1a;medium;type1a/medium
images/synthetic/syn_v2_2026091401_08305.jpg;train;type1;hard;type1/hard
images/synthetic/syn_v2_2026091401_08306.jpg;train;type1a;easy;type1a/easy
images/synthetic/syn_v2_2026091401_08307.jpg;train;type1b;medium;type1b/medium
images/synthetic/syn_v2_2026091401_08308.jpg;train;type1a;medium;type1a/medium
images/synthetic/syn_v2_2026091401_08309.jpg;train;type1a;easy;type1a/easy
images/synthetic/syn_v2_2026091401_08310.jpg;train;type1a;medium;type1a/medium
images/synthetic/syn_v2_2026091401_08311.jpg;train;type1b;medium;type1b/medium
images/synthetic/syn_v2_2026091401_08312.jpg;train;type1a;hard;type1a/hard
images/synthetic/syn_v2_2026091401_08313.jpg;train;type1b;hard;type1b/hard
images/synthetic/syn_v2_2026091401_08314.jpg;train;type1b;medium;type1b/medium
images/synthetic/syn_v2_2026091401_08315.jpg;train;type1a;hard;type1a/hard
images/synthetic/syn_v2_2026091401_08316.jpg;train;type1a;easy;type1a/easy
images/synthetic/syn_v2_2026091401_08317.jpg;train;type1;medium;type1/medium
images/synthetic/syn_v2_2026091401_08318.jpg;train;type1;hard;type1/hard
images/synthetic/syn_v2_2026091401_08319.jpg;val;type1a;medium;type1a/medium
images/synthetic/syn_v2_2026091401_08320.jpg;train;type1a;easy;type1a/easy
images/synthetic/syn_v2_2026091401_08321.jpg;val;type1a;easy;type1a/easy
images/synthetic/syn_v2_2026091401_08322.jpg;train;type1b;hard;type1b/hard
images/synthetic/syn_v2_2026091401_08323.jpg;train;type1a;hard;type1a/hard
images/synthetic/syn_v2_2026091401_08324.jpg;train;type1b;medium;type1b/medium
images/synthetic/syn_v2_2026091401_08325.jpg;train;type1b;hard;type1b/hard
images/synthetic/syn_v2_2026091401_08326.jpg;test;type1b;hard;type1b/hard
images/synthetic/syn_v2_2026091401_08327.jpg;train;type1b;medium;type1b/medium
images/synthetic/syn_v2_2026091401_08328.jpg;train;type1;easy;type1/easy
images/synthetic/syn_v2_2026091401_08329.jpg;train;type1b;medium;type1b/medium
images/synthetic/syn_v2_2026091401_08330.jpg;train;type1a;hard;type1a/hard
images/synthetic/syn_v2_2026091401_08331.jpg;train;type1a;medium;type1a/medium
images/synthetic/syn_v2_2026091401_08332.jpg;train;type1a;medium;type1a/medium
images/synthetic/syn_v2_2026091401_08333.jpg;train;type1b;hard;type1b/hard
images/synthetic/syn_v2_2026091401_08334.jpg;train;type1b;easy;type1b/easy
images/synthetic/syn_v2_2026091401_08335.jpg;train;type1;medium;type1/medium
images/synthetic/syn_v2_2026091401_08336.jpg;train;type1;easy;type1/easy
images/synthetic/syn_v2_2026091401_08337.jpg;train;type1b;easy;type1b/easy
images/synthetic/syn_v2_2026091401_08338.jpg;train;type1b;easy;type1b/easy
images/synthetic/syn_v2_2026091401_08339.jpg;train;type1a;medium;type1a/medium
images/synthetic/syn_v2_2026091401_08340.jpg;train;type1;medium;type1/medium
images/synthetic/syn_v2_2026091401_08341.jpg;train;type1b;easy;type1b/easy
images/synthetic/syn_v2_2026091401_08342.jpg;train;type1;easy;type1/easy
images/synthetic/syn_v2_2026091401_08343.jpg;train;type1a;medium;type1a/medium
images/synthetic/syn_v2_2026091401_08344.jpg;train;type1a;hard;type1a/hard
images/synthetic/syn_v2_2026091401_08345.jpg;test;type1a;medium;type1a/medium
images/synthetic/syn_v2_2026091401_08346.jpg;train;type1;medium;type1/medium
images/synthetic/syn_v2_2026091401_08347.jpg;train;type1;easy;type1/easy
images/synthetic/syn_v2_2026091401_08348.jpg;train;type1b;easy;type1b/easy
images/synthetic/syn_v2_2026091401_08349.jpg;train;type1b;hard;type1b/hard
images/synthetic/syn_v2_2026091401_08350.jpg;train;type1a;medium;type1a/medium
images/synthetic/syn_v2_2026091401_08351.jpg;train;type1b;hard;type1b/hard
images/synthetic/syn_v2_2026091401_08352.jpg;train;type1a;medium;type1a/medium
images/synthetic/syn_v2_2026091401_08353.jpg;train;type1a;hard;type1a/hard
images/synthetic/syn_v2_2026091401_08354.jpg;train;type1b;hard;type1b/hard
images/synthetic/syn_v2_2026091401_08355.jpg;train;type1;easy;type1/easy
images/synthetic/syn_v2_2026091401_08356.jpg;train;type1b;medium;type1b/medium
images/synthetic/syn_v2_2026091401_08357.jpg;train;type1b;hard;type1b/hard
images/synthetic/syn_v2_2026091401_08358.jpg;train;type1b;hard;type1b/hard
images/synthetic/syn_v2_2026091401_08359.jpg;train;type1a;easy;type1a/easy
images/synthetic/syn_v2_2026091401_08360.jpg;train;type1a;medium;type1a/medium
images/synthetic/syn_v2_2026091401_08361.jpg;train;type1b;hard;type1b/hard
images/synthetic/syn_v2_2026091401_08362.jpg;train;type1b;medium;type1b/medium
images/synthetic/syn_v2_2026091401_08363.jpg;train;type1a;easy;type1a/easy
images/synthetic/syn_v2_2026091401_08364.jpg;train;type1;easy;type1/easy
images/synthetic/syn_v2_2026091401_08365.jpg;train;type1;medium;type1/medium
images/synthetic/syn_v2_2026091401_08366.jpg;train;type1a;hard;type1a/hard
images/synthetic/syn_v2_2026091401_08367.jpg;train;type1a;easy;type1a/easy
images/synthetic/syn_v2_2026091401_08368.jpg;train;type1;hard;type1/hard
images/synthetic/syn_v2_2026091401_08369.jpg;val;type1;easy;type1/easy
images/synthetic/syn_v2_2026091401_08370.jpg;train;type1b;medium;type1b/medium
images/synthetic/syn_v2_2026091401_08371.jpg;train;type1b;medium;type1b/medium
images/synthetic/syn_v2_2026091401_08372.jpg;train;type1a;easy;type1a/easy
images/synthetic/syn_v2_2026091401_08373.jpg;val;type1b;medium;type1b/medium
images/synthetic/syn_v2_2026091401_08374.jpg;train;type1b;easy;type1b/easy
images/synthetic/syn_v2_2026091401_08375.jpg;val;type1b;medium;type1b/medium
images/synthetic/syn_v2_2026091401_08376.jpg;train;type1a;medium;type1a/medium
images/synthetic/syn_v2_2026091401_08377.jpg;train;type1b;hard;type1b/hard
images/synthetic/syn_v2_2026091401_08378.jpg;train;type1b;medium;type1b/medium
images/synthetic/syn_v2_2026091401_08379.jpg;train;type1;medium;type1/medium
images/synthetic/syn_v2_2026091401_08380.jpg;test;type1b;medium;type1b/medium
images/synthetic/syn_v2_2026091401_08381.jpg;train;type1a;hard;type1a/hard
images/synthetic/syn_v2_2026091401_08382.jpg;train;type1b;hard;type1b/hard
images/synthetic/syn_v2_2026091401_08383.jpg;train;type1b;medium;type1b/medium
images/synthetic/syn_v2_2026091401_08384.jpg;val;type1;medium;type1/medium
images/synthetic/syn_v2_2026091401_08385.jpg;train;type1b;easy;type1b/easy
images/synthetic/syn_v2_2026091401_08386.jpg;val;type1b;medium;type1b/medium
images/synthetic/syn_v2_2026091401_08387.jpg;train;type1a;medium;type1a/medium
images/synthetic/syn_v2_2026091401_08388.jpg;train;type1b;medium;type1b/medium
images/synthetic/syn_v2_2026091401_08389.jpg;val;type1b;easy;type1b/easy
images/synthetic/syn_v2_2026091401_08390.jpg;val;type1b;medium;type1b/medium
images/synthetic/syn_v2_2026091401_08391.jpg;train;type1b;medium;type1b/medium
images/synthetic/syn_v2_2026091401_08392.jpg;train;type1;easy;type1/easy
images/synthetic/syn_v2_2026091401_08393.jpg;train;type1b;hard;type1b/hard
images/synthetic/syn_v2_2026091401_08394.jpg;val;type1b;medium;type1b/medium
images/synthetic/syn_v2_2026091401_08395.jpg;train;type1;medium;type1/medium
images/synthetic/syn_v2_2026091401_08396.jpg;train;type1b;easy;type1b/easy
images/synthetic/syn_v2_2026091401_08397.jpg;train;type1b;easy;type1b/easy
images/synthetic/syn_v2_2026091401_08398.jpg;train;type1;medium;type1/medium
images/synthetic/syn_v2_2026091401_08399.jpg;train;type1;hard;type1/hard
images/synthetic/syn_v2_2026091401_08400.jpg;train;type1a;medium;type1a/medium
images/synthetic/syn_v2_2026091401_08401.jpg;train;type1b;medium;type1b/medium
images/synthetic/syn_v2_2026091401_08402.jpg;train;type1b;medium;type1b/medium
images/synthetic/syn_v2_2026091401_08403.jpg;train;type1b;medium;type1b/medium
images/synthetic/syn_v2_2026091401_08404.jpg;train;type1;medium;type1/medium
images/synthetic/syn_v2_2026091401_08405.jpg;train;type1b;hard;type1b/hard
images/synthetic/syn_v2_2026091401_08406.jpg;train;type1;easy;type1/easy
images/synthetic/syn_v2_2026091401_08407.jpg;train;type1b;medium;type1b/medium
images/synthetic/syn_v2_2026091401_08408.jpg;train;type1b;medium;type1b/medium
images/synthetic/syn_v2_2026091401_08409.jpg;test;type1;easy;type1/easy
images/synthetic/syn_v2_2026091401_08410.jpg;train;type1a;medium;type1a/medium
images/synthetic/syn_v2_2026091401_08411.jpg;train;type1a;medium;type1a/medium
images/synthetic/syn_v2_2026091401_08412.jpg;train;type1b;easy;type1b/easy
images/synthetic/syn_v2_2026091401_08413.jpg;train;type1b;medium;type1b/medium
images/synthetic/syn_v2_2026091401_08414.jpg;train;type1;medium;type1/medium
images/synthetic/syn_v2_2026091401_08415.jpg;train;type1b;easy;type1b/easy
images/synthetic/syn_v2_2026091401_08416.jpg;train;type1b;easy;type1b/easy
images/synthetic/syn_v2_2026091401_08417.jpg;train;type1b;medium;type1b/medium
images/synthetic/syn_v2_2026091401_08418.jpg;train;type1a;hard;type1a/hard
images/synthetic/syn_v2_2026091401_08419.jpg;train;type1b;easy;type1b/easy
images/synthetic/syn_v2_2026091401_08420.jpg;train;type1a;easy;type1a/easy
images/synthetic/syn_v2_2026091401_08421.jpg;train;type1b;easy;type1b/easy
images/synthetic/syn_v2_2026091401_08422.jpg;train;type1a;easy;type1a/easy
images/synthetic/syn_v2_2026091401_08423.jpg;train;type1;medium;type1/medium
images/synthetic/syn_v2_2026091401_08424.jpg;train;type1b;medium;type1b/medium
images/synthetic/syn_v2_2026091401_08425.jpg;train;type1;hard;type1/hard
images/synthetic/syn_v2_2026091401_08426.jpg;train;type1b;easy;type1b/easy
images/synthetic/syn_v2_2026091401_08427.jpg;train;type1b;hard;type1b/hard
images/synthetic/syn_v2_2026091401_08428.jpg;train;type1b;medium;type1b/medium
images/synthetic/syn_v2_2026091401_08429.jpg;train;type1b;easy;type1b/easy
images/synthetic/syn_v2_2026091401_08430.jpg;train;type1b;medium;type1b/medium
images/synthetic/syn_v2_2026091401_08431.jpg;val;type1b;hard;type1b/hard
images/synthetic/syn_v2_2026091401_08432.jpg;train;type1a;easy;type1a/easy
images/synthetic/syn_v2_2026091401_08433.jpg;train;type1b;hard;type1b/hard
images/synthetic/syn_v2_2026091401_08434.jpg;train;type1b;hard;type1b/hard
images/synthetic/syn_v2_2026091401_08435.jpg;train;type1b;easy;type1b/easy
images/synthetic/syn_v2_2026091401_08436.jpg;train;type1a;easy;type1a/easy
images/synthetic/syn_v2_2026091401_08437.jpg;val;type1a;medium;type1a/medium
images/synthetic/syn_v2_2026091401_08438.jpg;train;type1b;medium;type1b/medium
images/synthetic/syn_v2_2026091401_08439.jpg;train;type1a;medium;type1a/medium
images/synthetic/syn_v2_2026091401_08440.jpg;train;type1;medium;type1/medium
images/synthetic/syn_v2_2026091401_08441.jpg;train;type1;medium;type1/medium
images/synthetic/syn_v2_2026091401_08442.jpg;train;type1b;medium;type1b/medium
images/synthetic/syn_v2_2026091401_08443.jpg;train;type1a;easy;type1a/easy
images/synthetic/syn_v2_2026091401_08444.jpg;train;type1b;medium;type1b/medium
images/synthetic/syn_v2_2026091401_08445.jpg;train;type1;easy;type1/easy
images/synthetic/syn_v2_2026091401_08446.jpg;train;type1b;medium;type1b/medium
images/synthetic/syn_v2_2026091401_08447.jpg;val;type1a;medium;type1a/medium
images/synthetic/syn_v2_2026091401_08448.jpg;train;type1b;hard;type1b/hard
images/synthetic/syn_v2_2026091401_08449.jpg;train;type1a;medium;type1a/medium
images/synthetic/syn_v2_2026091401_08450.jpg;train;type1;easy;type1/easy
images/synthetic/syn_v2_2026091401_08451.jpg;train;type1;medium;type1/medium
images/synthetic/syn_v2_2026091401_08452.jpg;train;type1;medium;type1/medium
images/synthetic/syn_v2_2026091401_08453.jpg;train;type1b;hard;type1b/hard
images/synthetic/syn_v2_2026091401_08454.jpg;train;type1b;easy;type1b/easy
images/synthetic/syn_v2_2026091401_08455.jpg;train;type1;easy;type1/easy
images/synthetic/syn_v2_2026091401_08456.jpg;train;type1b;medium;type1b/medium
images/synthetic/syn_v2_2026091401_08457.jpg;train;type1;easy;type1/easy
images/synthetic/syn_v2_2026091401_08458.jpg;train;type1b;medium;type1b/medium
images/synthetic/syn_v2_2026091401_08459.jpg;train;type1a;easy;type1a/easy
images/synthetic/syn_v2_2026091401_08460.jpg;train;type1b;hard;type1b/hard
images/synthetic/syn_v2_2026091401_08461.jpg;val;type1;easy;type1/easy
images/synthetic/syn_v2_2026091401_08462.jpg;train;type1;medium;type1/medium
images/synthetic/syn_v2_2026091401_08463.jpg;test;type1a;hard;type1a/hard
images/synthetic/syn_v2_2026091401_08464.jpg;train;type1b;easy;type1b/easy
images/synthetic/syn_v2_2026091401_08465.jpg;train;type1a;medium;type1a/medium
images/synthetic/syn_v2_2026091401_08466.jpg;train;type1b;medium;type1b/medium
images/synthetic/syn_v2_2026091401_08467.jpg;val;type1b;easy;type1b/easy
images/synthetic/syn_v2_2026091401_08468.jpg;train;type1a;hard;type1a/hard
images/synthetic/syn_v2_2026091401_08469.jpg;train;type1;easy;type1/easy
images/synthetic/syn_v2_2026091401_08470.jpg;train;type1a;easy;type1a/easy
images/synthetic/syn_v2_2026091401_08471.jpg;train;type1b;medium;type1b/medium
images/synthetic/syn_v2_2026091401_08472.jpg;train;type1b;hard;type1b/hard
images/synthetic/syn_v2_2026091401_08473.jpg;train;type1b;medium;type1b/medium
images/synthetic/syn_v2_2026091401_08474.jpg;train;type1b;easy;type1b/easy
images/synthetic/syn_v2_2026091401_08475.jpg;train;type1;easy;type1/easy
images/synthetic/syn_v2_2026091401_08476.jpg;train;type1b;easy;type1b/easy
images/synthetic/syn_v2_2026091401_08477.jpg;train;type1;medium;type1/medium
images/synthetic/syn_v2_2026091401_08478.jpg;train;type1b;easy;type1b/easy
images/synthetic/syn_v2_2026091401_08479.jpg;train;type1b;medium;type1b/medium
images/synthetic/syn_v2_2026091401_08480.jpg;train;type1b;easy;type1b/easy
images/synthetic/syn_v2_2026091401_08481.jpg;train;type1b;medium;type1b/medium
images/synthetic/syn_v2_2026091401_08482.jpg;train;type1a;medium;type1a/medium
images/synthetic/syn_v2_2026091401_08483.jpg;train;type1b;hard;type1b/hard
images/synthetic/syn_v2_2026091401_08484.jpg;train;type1b;easy;type1b/easy
images/synthetic/syn_v2_2026091401_08485.jpg;val;type1b;hard;type1b/hard
images/synthetic/syn_v2_2026091401_08486.jpg;train;type1b;medium;type1b/medium
images/synthetic/syn_v2_2026091401_08487.jpg;train;type1;medium;type1/medium
images/synthetic/syn_v2_2026091401_08488.jpg;train;type1b;easy;type1b/easy
images/synthetic/syn_v2_2026091401_08489.jpg;train;type1a;medium;type1a/medium
images/synthetic/syn_v2_2026091401_08490.jpg;train;type1a;medium;type1a/medium
images/synthetic/syn_v2_2026091401_08491.jpg;train;type1b;hard;type1b/hard
images/synthetic/syn_v2_2026091401_08492.jpg;train;type1a;medium;type1a/medium
images/synthetic/syn_v2_2026091401_08493.jpg;train;type1;medium;type1/medium
images/synthetic/syn_v2_2026091401_08494.jpg;val;type1b;easy;type1b/easy
images/synthetic/syn_v2_2026091401_08495.jpg;train;type1a;easy;type1a/easy
images/synthetic/syn_v2_2026091401_08496.jpg;train;type1a;hard;type1a/hard
images/synthetic/syn_v2_2026091401_08497.jpg;train;type1b;hard;type1b/hard
images/synthetic/syn_v2_2026091401_08498.jpg;train;type1b;easy;type1b/easy
images/synthetic/syn_v2_2026091401_08499.jpg;train;type1b;medium;type1b/medium
images/synthetic/syn_v2_2026091401_08500.jpg;train;type1b;easy;type1b/easy
images/synthetic/syn_v2_2026091401_08501.jpg;train;type1a;medium;type1a/medium
images/synthetic/syn_v2_2026091401_08502.jpg;train;type1b;hard;type1b/hard
images/synthetic/syn_v2_2026091401_08503.jpg;train;type1;easy;type1/easy
images/synthetic/syn_v2_2026091401_08504.jpg;test;type1;medium;type1/medium
images/synthetic/syn_v2_2026091401_08505.jpg;train;type1a;easy;type1a/easy
images/synthetic/syn_v2_2026091401_08506.jpg;train;type1b;medium;type1b/medium
images/synthetic/syn_v2_2026091401_08507.jpg;train;type1b;medium;type1b/medium
images/synthetic/syn_v2_2026091401_08508.jpg;train;type1b;hard;type1b/hard
images/synthetic/syn_v2_2026091401_08509.jpg;train;type1a;medium;type1a/medium
images/synthetic/syn_v2_2026091401_08510.jpg;val;type1b;hard;type1b/hard
images/synthetic/syn_v2_2026091401_08511.jpg;train;type1b;easy;type1b/easy
images/synthetic/syn_v2_2026091401_08512.jpg;train;type1b;easy;type1b/easy
images/synthetic/syn_v2_2026091401_08513.jpg;train;type1b;hard;type1b/hard
images/synthetic/syn_v2_2026091401_08514.jpg;train;type1a;easy;type1a/easy
images/synthetic/syn_v2_2026091401_08515.jpg;train;type1b;hard;type1b/hard
images/synthetic/syn_v2_2026091401_08516.jpg;train;type1b;hard;type1b/hard
images/synthetic/syn_v2_2026091401_08517.jpg;val;type1b;medium;type1b/medium
images/synthetic/syn_v2_2026091401_08518.jpg;train;type1a;medium;type1a/medium
images/synthetic/syn_v2_2026091401_08519.jpg;train;type1;medium;type1/medium
images/synthetic/syn_v2_2026091401_08520.jpg;val;type1a;medium;type1a/medium
images/synthetic/syn_v2_2026091401_08521.jpg;train;type1;medium;type1/medium
images/synthetic/syn_v2_2026091401_08522.jpg;train;type1;easy;type1/easy
images/synthetic/syn_v2_2026091401_08523.jpg;train;type1a;medium;type1a/medium
images/synthetic/syn_v2_2026091401_08524.jpg;train;type1b;easy;type1b/easy
images/synthetic/syn_v2_2026091401_08525.jpg;train;type1a;easy;type1a/easy
images/synthetic/syn_v2_2026091401_08526.jpg;train;type1b;medium;type1b/medium
images/synthetic/syn_v2_2026091401_08527.jpg;train;type1a;medium;type1a/medium
images/synthetic/syn_v2_2026091401_08528.jpg;train;type1b;medium;type1b/medium
images/synthetic/syn_v2_2026091401_08529.jpg;train;type1b;medium;type1b/medium
images/synthetic/syn_v2_2026091401_08530.jpg;train;type1a;hard;type1a/hard
images/synthetic/syn_v2_2026091401_08531.jpg;train;type1;easy;type1/easy
images/synthetic/syn_v2_2026091401_08532.jpg;train;type1a;medium;type1a/medium
images/synthetic/syn_v2_2026091401_08533.jpg;train;type1b;easy;type1b/easy
images/synthetic/syn_v2_2026091401_08534.jpg;test;type1;hard;type1/hard
images/synthetic/syn_v2_2026091401_08535.jpg;train;type1a;medium;type1a/medium
images/synthetic/syn_v2_2026091401_08536.jpg;train;type1b;hard;type1b/hard
images/synthetic/syn_v2_2026091401_08537.jpg;train;type1b;medium;type1b/medium
images/synthetic/syn_v2_2026091401_08538.jpg;train;type1b;medium;type1b/medium
images/synthetic/syn_v2_2026091401_08539.jpg;train;type1a;medium;type1a/medium
images/synthetic/syn_v2_2026091401_08540.jpg;train;type1a;easy;type1a/easy
images/synthetic/syn_v2_2026091401_08541.jpg;train;type1a;hard;type1a/hard
images/synthetic/syn_v2_2026091401_08542.jpg;train;type1a;hard;type1a/hard
images/synthetic/syn_v2_2026091401_08543.jpg;train;type1a;hard;type1a/hard
images/synthetic/syn_v2_2026091401_08544.jpg;train;type1b;easy;type1b/easy
images/synthetic/syn_v2_2026091401_08545.jpg;train;type1a;hard;type1a/hard
images/synthetic/syn_v2_2026091401_08546.jpg;train;type1b;medium;type1b/medium
images/synthetic/syn_v2_2026091401_08547.jpg;train;type1b;medium;type1b/medium
images/synthetic/syn_v2_2026091401_08548.jpg;train;type1a;medium;type1a/medium
images/synthetic/syn_v2_2026091401_08549.jpg;train;type1b;easy;type1b/easy
images/synthetic/syn_v2_2026091401_08550.jpg;train;type1a;hard;type1a/hard
images/synthetic/syn_v2_2026091401_08551.jpg;train;type1b;medium;type1b/medium
images/synthetic/syn_v2_2026091401_08552.jpg;train;type1;easy;type1/easy
images/synthetic/syn_v2_2026091401_08553.jpg;train;type1b;medium;type1b/medium
images/synthetic/syn_v2_2026091401_08554.jpg;train;type1;medium;type1/medium
images/synthetic/syn_v2_2026091401_08555.jpg;train;type1b;hard;type1b/hard
images/synthetic/syn_v2_2026091401_08556.jpg;train;type1a;medium;type1a/medium
images/synthetic/syn_v2_2026091401_08557.jpg;train;type1b;hard;type1b/hard
images/synthetic/syn_v2_2026091401_08558.jpg;train;type1b;hard;type1b/hard
images/synthetic/syn_v2_2026091401_08559.jpg;train;type1;medium;type1/medium
images/synthetic/syn_v2_2026091401_08560.jpg;train;type1a;easy;type1a/easy
images/synthetic/syn_v2_2026091401_08561.jpg;train;type1b;medium;type1b/medium
images/synthetic/syn_v2_2026091401_08562.jpg;train;type1b;hard;type1b/hard
images/synthetic/syn_v2_2026091401_08563.jpg;train;type1b;hard;type1b/hard
images/synthetic/syn_v2_2026091401_08564.jpg;val;type1a;medium;type1a/medium
images/synthetic/syn_v2_2026091401_08565.jpg;test;type1b;easy;type1b/easy
images/synthetic/syn_v2_2026091401_08566.jpg;train;type1b;easy;type1b/easy
images/synthetic/syn_v2_2026091401_08567.jpg;train;type1a;medium;type1a/medium
images/synthetic/syn_v2_2026091401_08568.jpg;train;type1b;hard;type1b/hard
images/synthetic/syn_v2_2026091401_08569.jpg;train;type1a;hard;type1a/hard
images/synthetic/syn_v2_2026091401_08570.jpg;val;type1b;medium;type1b/medium
images/synthetic/syn_v2_2026091401_08571.jpg;train;type1b;easy;type1b/easy
images/synthetic/syn_v2_2026091401_08572.jpg;train;type1;medium;type1/medium
images/synthetic/syn_v2_2026091401_08573.jpg;train;type1a;medium;type1a/medium
images/synthetic/syn_v2_2026091401_08574.jpg;train;type1b;easy;type1b/easy
images/synthetic/syn_v2_2026091401_08575.jpg;train;type1;hard;type1/hard
images/synthetic/syn_v2_2026091401_08576.jpg;train;type1a;medium;type1a/medium
images/synthetic/syn_v2_2026091401_08577.jpg;train;type1b;hard;type1b/hard
images/synthetic/syn_v2_2026091401_08578.jpg;train;type1a;hard;type1a/hard
images/synthetic/syn_v2_2026091401_08579.jpg;train;type1a;easy;type1a/easy
images/synthetic/syn_v2_2026091401_08580.jpg;train;type1;easy;type1/easy
images/synthetic/syn_v2_2026091401_08581.jpg;train;type1a;easy;type1a/easy
images/synthetic/syn_v2_2026091401_08582.jpg;train;type1a;easy;type1a/easy
images/synthetic/syn_v2_2026091401_08583.jpg;train;type1b;easy;type1b/easy
images/synthetic/syn_v2_2026091401_08584.jpg;train;type1;hard;type1/hard
images/synthetic/syn_v2_2026091401_08585.jpg;train;type1a;hard;type1a/hard
images/synthetic/syn_v2_2026091401_08586.jpg;train;type1b;easy;type1b/easy
images/synthetic/syn_v2_2026091401_08587.jpg;train;type1b;hard;type1b/hard
images/synthetic/syn_v2_2026091401_08588.jpg;train;type1;medium;type1/medium
images/synthetic/syn_v2_2026091401_08589.jpg;train;type1b;easy;type1b/easy
images/synthetic/syn_v2_2026091401_08590.jpg;val;type1b;medium;type1b/medium
images/synthetic/syn_v2_2026091401_08591.jpg;train;type1b;easy;type1b/easy
images/synthetic/syn_v2_2026091401_08592.jpg;train;type1b;easy;type1b/easy
images/synthetic/syn_v2_2026091401_08593.jpg;train;type1a;medium;type1a/medium
images/synthetic/syn_v2_2026091401_08594.jpg;train;type1;easy;type1/easy
images/synthetic/syn_v2_2026091401_08595.jpg;val;type1b;medium;type1b/medium
images/synthetic/syn_v2_2026091401_08596.jpg;train;type1a;medium;type1a/medium
images/synthetic/syn_v2_2026091401_08597.jpg;train;type1a;medium;type1a/medium
images/synthetic/syn_v2_2026091401_08598.jpg;train;type1;easy;type1/easy
images/synthetic/syn_v2_2026091401_08599.jpg;train;type1b;hard;type1b/hard
images/synthetic/syn_v2_2026091401_08600.jpg;train;type1a;hard;type1a/hard
images/synthetic/syn_v2_2026091401_08601.jpg;train;type1;easy;type1/easy
images/synthetic/syn_v2_2026091401_08602.jpg;val;type1a;hard;type1a/hard
images/synthetic/syn_v2_2026091401_08603.jpg;train;type1b;easy;type1b/easy
images/synthetic/syn_v2_2026091401_08604.jpg;train;type1b;medium;type1b/medium
images/synthetic/syn_v2_2026091401_08605.jpg;train;type1b;hard;type1b/hard
images/synthetic/syn_v2_2026091401_08606.jpg;train;type1b;easy;type1b/easy
images/synthetic/syn_v2_2026091401_08607.jpg;train;type1a;easy;type1a/easy
images/synthetic/syn_v2_2026091401_08608.jpg;train;type1;medium;type1/medium
images/synthetic/syn_v2_2026091401_08609.jpg;train;type1a;medium;type1a/medium
images/synthetic/syn_v2_2026091401_08610.jpg;train;type1b;easy;type1b/easy
images/synthetic/syn_v2_2026091401_08611.jpg;train;type1b;easy;type1b/easy
images/synthetic/syn_v2_2026091401_08612.jpg;train;type1b;medium;type1b/medium
images/synthetic/syn_v2_2026091401_08613.jpg;test;type1b;medium;type1b/medium
images/synthetic/syn_v2_2026091401_08614.jpg;train;type1a;medium;type1a/medium
images/synthetic/syn_v2_2026091401_08615.jpg;train;type1b;easy;type1b/easy
images/synthetic/syn_v2_2026091401_08616.jpg;train;type1b;easy;type1b/easy
images/synthetic/syn_v2_2026091401_08617.jpg;train;type1b;medium;type1b/medium
images/synthetic/syn_v2_2026091401_08618.jpg;train;type1b;medium;type1b/medium
images/synthetic/syn_v2_2026091401_08619.jpg;train;type1b;medium;type1b/medium
images/synthetic/syn_v2_2026091401_08620.jpg;train;type1a;hard;type1a/hard
images/synthetic/syn_v2_2026091401_08621.jpg;train;type1;medium;type1/medium
images/synthetic/syn_v2_2026091401_08622.jpg;train;type1a;hard;type1a/hard
images/synthetic/syn_v2_2026091401_08623.jpg;val;type1a;hard;type1a/hard
images/synthetic/syn_v2_2026091401_08624.jpg;train;type1a;easy;type1a/easy
images/synthetic/syn_v2_2026091401_08625.jpg;train;type1b;easy;type1b/easy
images/synthetic/syn_v2_2026091401_08626.jpg;train;type1b;easy;type1b/easy
images/synthetic/syn_v2_2026091401_08627.jpg;train;type1;easy;type1/easy
images/synthetic/syn_v2_2026091401_08628.jpg;train;type1;hard;type1/hard
images/synthetic/syn_v2_2026091401_08629.jpg;train;type1a;easy;type1a/easy
images/synthetic/syn_v2_2026091401_08630.jpg;train;type1;easy;type1/easy
images/synthetic/syn_v2_2026091401_08631.jpg;train;type1b;medium;type1b/medium
images/synthetic/syn_v2_2026091401_08632.jpg;train;type1b;easy;type1b/easy
images/synthetic/syn_v2_2026091401_08633.jpg;train;type1a;easy;type1a/easy
images/synthetic/syn_v2_2026091401_08634.jpg;train;type1a;medium;type1a/medium
images/synthetic/syn_v2_2026091401_08635.jpg;val;type1;hard;type1/hard
images/synthetic/syn_v2_2026091401_08636.jpg;train;type1a;medium;type1a/medium
images/synthetic/syn_v2_2026091401_08637.jpg;val;type1a;hard;type1a/hard
images/synthetic/syn_v2_2026091401_08638.jpg;train;type1;medium;type1/medium
images/synthetic/syn_v2_2026091401_08639.jpg;train;type1b;easy;type1b/easy
images/synthetic/syn_v2_2026091401_08640.jpg;train;type1b;medium;type1b/medium
images/synthetic/syn_v2_2026091401_08641.jpg;train;type1a;medium;type1a/medium
images/synthetic/syn_v2_2026091401_08642.jpg;train;type1a;easy;type1a/easy
images/synthetic/syn_v2_2026091401_08643.jpg;train;type1b;easy;type1b/easy
images/synthetic/syn_v2_2026091401_08644.jpg;test;type1b;medium;type1b/medium
images/synthetic/syn_v2_2026091401_08645.jpg;train;type1a;easy;type1a/easy
images/synthetic/syn_v2_2026091401_08646.jpg;train;type1a;medium;type1a/medium
images/synthetic/syn_v2_2026091401_08647.jpg;train;type1b;easy;type1b/easy
images/synthetic/syn_v2_2026091401_08648.jpg;train;type1a;easy;type1a/easy
images/synthetic/syn_v2_2026091401_08649.jpg;train;type1a;easy;type1a/easy
images/synthetic/syn_v2_2026091401_08650.jpg;train;type1b;easy;type1b/easy
images/synthetic/syn_v2_2026091401_08651.jpg;train;type1b;easy;type1b/easy
images/synthetic/syn_v2_2026091401_08652.jpg;train;type1b;easy;type1b/easy
images/synthetic/syn_v2_2026091401_08653.jpg;train;type1;hard;type1/hard
images/synthetic/syn_v2_2026091401_08654.jpg;val;type1;medium;type1/medium
images/synthetic/syn_v2_2026091401_08655.jpg;train;type1;easy;type1/easy
images/synthetic/syn_v2_2026091401_08656.jpg;train;type1;medium;type1/medium
images/synthetic/syn_v2_2026091401_08657.jpg;train;type1b;hard;type1b/hard
images/synthetic/syn_v2_2026091401_08658.jpg;train;type1;hard;type1/hard
images/synthetic/syn_v2_2026091401_08659.jpg;train;type1a;hard;type1a/hard
images/synthetic/syn_v2_2026091401_08660.jpg;train;type1b;easy;type1b/easy
images/synthetic/syn_v2_2026091401_08661.jpg;val;type1;easy;type1/easy
images/synthetic/syn_v2_2026091401_08662.jpg;val;type1b;easy;type1b/easy
images/synthetic/syn_v2_2026091401_08663.jpg;test;type1b;easy;type1b/easy
images/synthetic/syn_v2_2026091401_08664.jpg;test;type1b;hard;type1b/hard
images/synthetic/syn_v2_2026091401_08665.jpg;train;type1a;medium;type1a/medium
images/synthetic/syn_v2_2026091401_08666.jpg;train;type1b;easy;type1b/easy
images/synthetic/syn_v2_2026091401_08667.jpg;train;type1b;easy;type1b/easy
images/synthetic/syn_v2_2026091401_08668.jpg;train;type1b;medium;type1b/medium
images/synthetic/syn_v2_2026091401_08669.jpg;train;type1a;medium;type1a/medium
images/synthetic/syn_v2_2026091401_08670.jpg;train;type1b;easy;type1b/easy
images/synthetic/syn_v2_2026091401_08671.jpg;val;type1a;medium;type1a/medium
images/synthetic/syn_v2_2026091401_08672.jpg;train;type1a;medium;type1a/medium
images/synthetic/syn_v2_2026091401_08673.jpg;train;type1b;medium;type1b/medium
images/synthetic/syn_v2_2026091401_08674.jpg;train;type1b;easy;type1b/easy
images/synthetic/syn_v2_2026091401_08675.jpg;train;type1b;hard;type1b/hard
images/synthetic/syn_v2_2026091401_08676.jpg;train;type1a;medium;type1a/medium
images/synthetic/syn_v2_2026091401_08677.jpg;val;type1a;easy;type1a/easy
images/synthetic/syn_v2_2026091401_08678.jpg;train;type1b;medium;type1b/medium
images/synthetic/syn_v2_2026091401_08679.jpg;train;type1a;medium;type1a/medium
images/synthetic/syn_v2_2026091401_08680.jpg;train;type1;hard;type1/hard
images/synthetic/syn_v2_2026091401_08681.jpg;train;type1a;medium;type1a/medium
images/synthetic/syn_v2_2026091401_08682.jpg;train;type1b;medium;type1b/medium
images/synthetic/syn_v2_2026091401_08683.jpg;train;type1;medium;type1/medium
images/synthetic/syn_v2_2026091401_08684.jpg;val;type1a;medium;type1a/medium
images/synthetic/syn_v2_2026091401_08685.jpg;train;type1;medium;type1/medium
images/synthetic/syn_v2_2026091401_08686.jpg;train;type1;medium;type1/medium
images/synthetic/syn_v2_2026091401_08687.jpg;train;type1b;easy;type1b/easy
images/synthetic/syn_v2_2026091401_08688.jpg;train;type1a;medium;type1a/medium
images/synthetic/syn_v2_2026091401_08689.jpg;train;type1a;easy;type1a/easy
images/synthetic/syn_v2_2026091401_08690.jpg;train;type1b;hard;type1b/hard
images/synthetic/syn_v2_2026091401_08691.jpg;val;type1b;medium;type1b/medium
images/synthetic/syn_v2_2026091401_08692.jpg;train;type1;easy;type1/easy
images/synthetic/syn_v2_2026091401_08693.jpg;train;type1b;medium;type1b/medium
images/synthetic/syn_v2_2026091401_08694.jpg;train;type1;easy;type1/easy
images/synthetic/syn_v2_2026091401_08695.jpg;train;type1;hard;type1/hard
images/synthetic/syn_v2_2026091401_08696.jpg;train;type1b;easy;type1b/easy
images/synthetic/syn_v2_2026091401_08697.jpg;val;type1a;easy;type1a/easy
images/synthetic/syn_v2_2026091401_08698.jpg;train;type1;medium;type1/medium
images/synthetic/syn_v2_2026091401_08699.jpg;val;type1a;medium;type1a/medium
images/synthetic/syn_v2_2026091401_08700.jpg;train;type1a;easy;type1a/easy
images/synthetic/syn_v2_2026091401_08701.jpg;train;type1b;medium;type1b/medium
images/synthetic/syn_v2_2026091401_08702.jpg;train;type1b;medium;type1b/medium
images/synthetic/syn_v2_2026091401_08703.jpg;train;type1b;easy;type1b/easy
images/synthetic/syn_v2_2026091401_08704.jpg;test;type1a;hard;type1a/hard
images/synthetic/syn_v2_2026091401_08705.jpg;train;type1a;medium;type1a/medium
images/synthetic/syn_v2_2026091401_08706.jpg;train;type1b;easy;type1b/easy
images/synthetic/syn_v2_2026091401_08707.jpg;train;type1a;medium;type1a/medium
images/synthetic/syn_v2_2026091401_08708.jpg;train;type1;easy;type1/easy
images/synthetic/syn_v2_2026091401_08709.jpg;train;type1b;easy;type1b/easy
images/synthetic/syn_v2_2026091401_08710.jpg;train;type1a;medium;type1a/medium
images/synthetic/syn_v2_2026091401_08711.jpg;test;type1;hard;type1/hard
images/synthetic/syn_v2_2026091401_08712.jpg;train;type1b;medium;type1b/medium
images/synthetic/syn_v2_2026091401_08713.jpg;train;type1;medium;type1/medium
images/synthetic/syn_v2_2026091401_08714.jpg;train;type1a;medium;type1a/medium
images/synthetic/syn_v2_2026091401_08715.jpg;val;type1a;hard;type1a/hard
images/synthetic/syn_v2_2026091401_08716.jpg;train;type1;medium;type1/medium
images/synthetic/syn_v2_2026091401_08717.jpg;val;type1b;easy;type1b/easy
images/synthetic/syn_v2_2026091401_08718.jpg;train;type1a;medium;type1a/medium
images/synthetic/syn_v2_2026091401_08719.jpg;train;type1;hard;type1/hard
images/synthetic/syn_v2_2026091401_08720.jpg;train;type1b;hard;type1b/hard
images/synthetic/syn_v2_2026091401_08721.jpg;train;type1b;medium;type1b/medium
images/synthetic/syn_v2_2026091401_08722.jpg;train;type1a;medium;type1a/medium
images/synthetic/syn_v2_2026091401_08723.jpg;train;type1a;hard;type1a/hard
images/synthetic/syn_v2_2026091401_08724.jpg;val;type1b;easy;type1b/easy
images/synthetic/syn_v2_2026091401_08725.jpg;train;type1b;medium;type1b/medium
images/synthetic/syn_v2_2026091401_08726.jpg;train;type1a;easy;type1a/easy
images/synthetic/syn_v2_2026091401_08727.jpg;train;type1b;medium;type1b/medium
images/synthetic/syn_v2_2026091401_08728.jpg;train;type1a;easy;type1a/easy
images/synthetic/syn_v2_2026091401_08729.jpg;train;type1a;medium;type1a/medium
images/synthetic/syn_v2_2026091401_08730.jpg;train;type1a;easy;type1a/easy
images/synthetic/syn_v2_2026091401_08731.jpg;val;type1b;easy;type1b/easy
images/synthetic/syn_v2_2026091401_08732.jpg;train;type1b;hard;type1b/hard
images/synthetic/syn_v2_2026091401_08733.jpg;train;type1b;easy;type1b/easy
images/synthetic/syn_v2_2026091401_08734.jpg;test;type1a;easy;type1a/easy
images/synthetic/syn_v2_2026091401_08735.jpg;train;type1b;medium;type1b/medium
images/synthetic/syn_v2_2026091401_08736.jpg;train;type1;easy;type1/easy
images/synthetic/syn_v2_2026091401_08737.jpg;train;type1a;hard;type1a/hard
images/synthetic/syn_v2_2026091401_08738.jpg;train;type1b;hard;type1b/hard
images/synthetic/syn_v2_2026091401_08739.jpg;train;type1b;easy;type1b/easy
images/synthetic/syn_v2_2026091401_08740.jpg;val;type1;medium;type1/medium
images/synthetic/syn_v2_2026091401_08741.jpg;test;type1a;hard;type1a/hard
images/synthetic/syn_v2_2026091401_08742.jpg;test;type1a;easy;type1a/easy
images/synthetic/syn_v2_2026091401_08743.jpg;train;type1b;medium;type1b/medium
images/synthetic/syn_v2_2026091401_08744.jpg;train;type1b;medium;type1b/medium
images/synthetic/syn_v2_2026091401_08745.jpg;train;type1a;medium;type1a/medium
images/synthetic/syn_v2_2026091401_08746.jpg;train;type1a;easy;type1a/easy
images/synthetic/syn_v2_2026091401_08747.jpg;train;type1b;easy;type1b/easy
images/synthetic/syn_v2_2026091401_08748.jpg;train;type1a;medium;type1a/medium
images/synthetic/syn_v2_2026091401_08749.jpg;train;type1;hard;type1/hard
images/synthetic/syn_v2_2026091401_08750.jpg;train;type1b;hard;type1b/hard
images/synthetic/syn_v2_2026091401_08751.jpg;train;type1;easy;type1/easy
images/synthetic/syn_v2_2026091401_08752.jpg;val;type1a;hard;type1a/hard
images/synthetic/syn_v2_2026091401_08753.jpg;train;type1b;medium;type1b/medium
images/synthetic/syn_v2_2026091401_08754.jpg;train;type1b;medium;type1b/medium
images/synthetic/syn_v2_2026091401_08755.jpg;train;type1b;hard;type1b/hard
images/synthetic/syn_v2_2026091401_08756.jpg;train;type1b;medium;type1b/medium
images/synthetic/syn_v2_2026091401_08757.jpg;train;type1a;easy;type1a/easy
images/synthetic/syn_v2_2026091401_08758.jpg;train;type1b;medium;type1b/medium
images/synthetic/syn_v2_2026091401_08759.jpg;train;type1b;easy;type1b/easy
images/synthetic/syn_v2_2026091401_08760.jpg;train;type1b;medium;type1b/medium
images/synthetic/syn_v2_2026091401_08761.jpg;train;type1a;easy;type1a/easy
images/synthetic/syn_v2_2026091401_08762.jpg;train;type1a;easy;type1a/easy
images/synthetic/syn_v2_2026091401_08763.jpg;train;type1b;easy;type1b/easy
images/synthetic/syn_v2_2026091401_08764.jpg;train;type1b;medium;type1b/medium
images/synthetic/syn_v2_2026091401_08765.jpg;train;type1a;medium;type1a/medium
images/synthetic/syn_v2_2026091401_08766.jpg;train;type1b;medium;type1b/medium
images/synthetic/syn_v2_2026091401_08767.jpg;train;type1a;easy;type1a/easy
images/synthetic/syn_v2_2026091401_08768.jpg;val;type1b;medium;type1b/medium
images/synthetic/syn_v2_2026091401_08769.jpg;train;type1a;easy;type1a/easy
images/synthetic/syn_v2_2026091401_08770.jpg;train;type1b;hard;type1b/hard
images/synthetic/syn_v2_2026091401_08771.jpg;train;type1b;easy;type1b/easy
images/synthetic/syn_v2_2026091401_08772.jpg;test;type1a;hard;type1a/hard
images/synthetic/syn_v2_2026091401_08773.jpg;train;type1b;medium;type1b/medium
images/synthetic/syn_v2_2026091401_08774.jpg;train;type1b;medium;type1b/medium
images/synthetic/syn_v2_2026091401_08775.jpg;train;type1;medium;type1/medium
images/synthetic/syn_v2_2026091401_08776.jpg;val;type1a;medium;type1a/medium
images/synthetic/syn_v2_2026091401_08777.jpg;val;type1;hard;type1/hard
images/synthetic/syn_v2_2026091401_08778.jpg;train;type1b;hard;type1b/hard
images/synthetic/syn_v2_2026091401_08779.jpg;val;type1b;easy;type1b/easy
images/synthetic/syn_v2_2026091401_08780.jpg;train;type1a;medium;type1a/medium
images/synthetic/syn_v2_2026091401_08781.jpg;val;type1b;hard;type1b/hard
images/synthetic/syn_v2_2026091401_08782.jpg;train;type1b;medium;type1b/medium
images/synthetic/syn_v2_2026091401_08783.jpg;train;type1b;medium;type1b/medium
images/synthetic/syn_v2_2026091401_08784.jpg;train;type1a;easy;type1a/easy
images/synthetic/syn_v2_2026091401_08785.jpg;train;type1;medium;type1/medium
images/synthetic/syn_v2_2026091401_08786.jpg;train;type1b;hard;type1b/hard
images/synthetic/syn_v2_2026091401_08787.jpg;train;type1b;hard;type1b/hard
images/synthetic/syn_v2_2026091401_08788.jpg;train;type1a;medium;type1a/medium
images/synthetic/syn_v2_2026091401_08789.jpg;train;type1a;easy;type1a/easy
images/synthetic/syn_v2_2026091401_08790.jpg;train;type1a;medium;type1a/medium
images/synthetic/syn_v2_2026091401_08791.jpg;train;type1b;medium;type1b/medium
images/synthetic/syn_v2_2026091401_08792.jpg;train;type1a;easy;type1a/easy
images/synthetic/syn_v2_2026091401_08793.jpg;train;type1;hard;type1/hard
images/synthetic/syn_v2_2026091401_08794.jpg;val;type1a;easy;type1a/easy
images/synthetic/syn_v2_2026091401_08795.jpg;train;type1a;medium;type1a/medium
images/synthetic/syn_v2_2026091401_08796.jpg;train;type1a;medium;type1a/medium
images/synthetic/syn_v2_2026091401_08797.jpg;train;type1a;medium;type1a/medium
images/synthetic/syn_v2_2026091401_08798.jpg;train;type1;medium;type1/medium
images/synthetic/syn_v2_2026091401_08799.jpg;val;type1a;hard;type1a/hard
images/synthetic/syn_v2_2026091401_08800.jpg;train;type1a;medium;type1a/medium
images/synthetic/syn_v2_2026091401_08801.jpg;train;type1b;easy;type1b/easy
images/synthetic/syn_v2_2026091401_08802.jpg;train;type1a;easy;type1a/easy
images/synthetic/syn_v2_2026091401_08803.jpg;train;type1b;medium;type1b/medium
images/synthetic/syn_v2_2026091401_08804.jpg;train;type1b;medium;type1b/medium
images/synthetic/syn_v2_2026091401_08805.jpg;train;type1a;medium;type1a/medium
images/synthetic/syn_v2_2026091401_08806.jpg;train;type1b;medium;type1b/medium
images/synthetic/syn_v2_2026091401_08807.jpg;train;type1a;easy;type1a/easy
images/synthetic/syn_v2_2026091401_08808.jpg;train;type1;medium;type1/medium
images/synthetic/syn_v2_2026091401_08809.jpg;train;type1;easy;type1/easy
images/synthetic/syn_v2_2026091401_08810.jpg;train;type1b;medium;type1b/medium
images/synthetic/syn_v2_2026091401_08811.jpg;train;type1a;medium;type1a/medium
images/synthetic/syn_v2_2026091401_08812.jpg;train;type1a;medium;type1a/medium
images/synthetic/syn_v2_2026091401_08813.jpg;train;type1;easy;type1/easy
images/synthetic/syn_v2_2026091401_08814.jpg;train;type1;medium;type1/medium
images/synthetic/syn_v2_2026091401_08815.jpg;train;type1a;medium;type1a/medium
images/synthetic/syn_v2_2026091401_08816.jpg;train;type1;hard;type1/hard
images/synthetic/syn_v2_2026091401_08817.jpg;train;type1b;medium;type1b/medium
images/synthetic/syn_v2_2026091401_08818.jpg;train;type1b;easy;type1b/easy
images/synthetic/syn_v2_2026091401_08819.jpg;train;type1b;easy;type1b/easy
images/synthetic/syn_v2_2026091401_08820.jpg;test;type1b;medium;type1b/medium
images/synthetic/syn_v2_2026091401_08821.jpg;train;type1b;medium;type1b/medium
images/synthetic/syn_v2_2026091401_08822.jpg;train;type1;easy;type1/easy
images/synthetic/syn_v2_2026091401_08823.jpg;train;type1b;easy;type1b/easy
images/synthetic/syn_v2_2026091401_08824.jpg;train;type1b;medium;type1b/medium
images/synthetic/syn_v2_2026091401_08825.jpg;train;type1a;medium;type1a/medium
images/synthetic/syn_v2_2026091401_08826.jpg;train;type1;medium;type1/medium
images/synthetic/syn_v2_2026091401_08827.jpg;train;type1b;medium;type1b/medium
images/synthetic/syn_v2_2026091401_08828.jpg;train;type1;medium;type1/medium
images/synthetic/syn_v2_2026091401_08829.jpg;train;type1;easy;type1/easy
images/synthetic/syn_v2_2026091401_08830.jpg;train;type1a;hard;type1a/hard
images/synthetic/syn_v2_2026091401_08831.jpg;train;type1a;hard;type1a/hard
images/synthetic/syn_v2_2026091401_08832.jpg;train;type1b;easy;type1b/easy
images/synthetic/syn_v2_2026091401_08833.jpg;train;type1;easy;type1/easy
images/synthetic/syn_v2_2026091401_08834.jpg;train;type1a;easy;type1a/easy
images/synthetic/syn_v2_2026091401_08835.jpg;train;type1a;medium;type1a/medium
images/synthetic/syn_v2_2026091401_08836.jpg;train;type1a;hard;type1a/hard
images/synthetic/syn_v2_2026091401_08837.jpg;train;type1b;medium;type1b/medium
images/synthetic/syn_v2_2026091401_08838.jpg;train;type1b;easy;type1b/easy
images/synthetic/syn_v2_2026091401_08839.jpg;val;type1a;hard;type1a/hard
images/synthetic/syn_v2_2026091401_08840.jpg;train;type1;medium;type1/medium
images/synthetic/syn_v2_2026091401_08841.jpg;test;type1a;hard;type1a/hard
images/synthetic/syn_v2_2026091401_08842.jpg;val;type1a;easy;type1a/easy
images/synthetic/syn_v2_2026091401_08843.jpg;train;type1b;easy;type1b/easy
images/synthetic/syn_v2_2026091401_08844.jpg;train;type1a;easy;type1a/easy
images/synthetic/syn_v2_2026091401_08845.jpg;train;type1a;easy;type1a/easy
images/synthetic/syn_v2_2026091401_08846.jpg;train;type1a;easy;type1a/easy
images/synthetic/syn_v2_2026091401_08847.jpg;train;type1a;hard;type1a/hard
images/synthetic/syn_v2_2026091401_08848.jpg;val;type1a;easy;type1a/easy
images/synthetic/syn_v2_2026091401_08849.jpg;train;type1b;medium;type1b/medium
images/synthetic/syn_v2_2026091401_08850.jpg;train;type1b;easy;type1b/easy
images/synthetic/syn_v2_2026091401_08851.jpg;train;type1a;hard;type1a/hard
images/synthetic/syn_v2_2026091401_08852.jpg;train;type1b;easy;type1b/easy
images/synthetic/syn_v2_2026091401_08853.jpg;train;type1a;medium;type1a/medium
images/synthetic/syn_v2_2026091401_08854.jpg;train;type1b;easy;type1b/easy
images/synthetic/syn_v2_2026091401_08855.jpg;train;type1a;hard;type1a/hard
images/synthetic/syn_v2_2026091401_08856.jpg;train;type1b;easy;type1b/easy
images/synthetic/syn_v2_2026091401_08857.jpg;train;type1;hard;type1/hard
images/synthetic/syn_v2_2026091401_08858.jpg;train;type1a;medium;type1a/medium
images/synthetic/syn_v2_2026091401_08859.jpg;train;type1b;medium;type1b/medium
images/synthetic/syn_v2_2026091401_08860.jpg;train;type1b;hard;type1b/hard
images/synthetic/syn_v2_2026091401_08861.jpg;train;type1b;easy;type1b/easy
images/synthetic/syn_v2_2026091401_08862.jpg;train;type1a;easy;type1a/easy
images/synthetic/syn_v2_2026091401_08863.jpg;train;type1a;medium;type1a/medium
images/synthetic/syn_v2_2026091401_08864.jpg;train;type1b;easy;type1b/easy
images/synthetic/syn_v2_2026091401_08865.jpg;train;type1a;easy;type1a/easy
images/synthetic/syn_v2_2026091401_08866.jpg;train;type1;easy;type1/easy
images/synthetic/syn_v2_2026091401_08867.jpg;train;type1b;medium;type1b/medium
images/synthetic/syn_v2_2026091401_08868.jpg;train;type1;medium;type1/medium
images/synthetic/syn_v2_2026091401_08869.jpg;train;type1b;easy;type1b/easy
images/synthetic/syn_v2_2026091401_08870.jpg;train;type1a;hard;type1a/hard
images/synthetic/syn_v2_2026091401_08871.jpg;train;type1b;hard;type1b/hard
images/synthetic/syn_v2_2026091401_08872.jpg;train;type1b;easy;type1b/easy
images/synthetic/syn_v2_2026091401_08873.jpg;train;type1;medium;type1/medium
images/synthetic/syn_v2_2026091401_08874.jpg;train;type1b;medium;type1b/medium
images/synthetic/syn_v2_2026091401_08875.jpg;test;type1;medium;type1/medium
images/synthetic/syn_v2_2026091401_08876.jpg;train;type1;medium;type1/medium
images/synthetic/syn_v2_2026091401_08877.jpg;train;type1b;medium;type1b/medium
images/synthetic/syn_v2_2026091401_08878.jpg;train;type1b;easy;type1b/easy
images/synthetic/syn_v2_2026091401_08879.jpg;train;type1b;hard;type1b/hard
images/synthetic/syn_v2_2026091401_08880.jpg;train;type1a;medium;type1a/medium
images/synthetic/syn_v2_2026091401_08881.jpg;train;type1a;easy;type1a/easy
images/synthetic/syn_v2_2026091401_08882.jpg;train;type1a;medium;type1a/medium
images/synthetic/syn_v2_2026091401_08883.jpg;train;type1a;medium;type1a/medium
images/synthetic/syn_v2_2026091401_08884.jpg;train;type1b;easy;type1b/easy
images/synthetic/syn_v2_2026091401_08885.jpg;train;type1b;hard;type1b/hard
images/synthetic/syn_v2_2026091401_08886.jpg;val;type1b;easy;type1b/easy
images/synthetic/syn_v2_2026091401_08887.jpg;train;type1b;easy;type1b/easy
images/synthetic/syn_v2_2026091401_08888.jpg;train;type1a;medium;type1a/medium
images/synthetic/syn_v2_2026091401_08889.jpg;val;type1a;easy;type1a/easy
images/synthetic/syn_v2_2026091401_08890.jpg;train;type1b;easy;type1b/easy
images/synthetic/syn_v2_2026091401_08891.jpg;train;type1a;medium;type1a/medium
images/synthetic/syn_v2_2026091401_08892.jpg;train;type1a;easy;type1a/easy
images/synthetic/syn_v2_2026091401_08893.jpg;train;type1;medium;type1/medium
images/synthetic/syn_v2_2026091401_08894.jpg;train;type1b;hard;type1b/hard
images/synthetic/syn_v2_2026091401_08895.jpg;train;type1a;medium;type1a/medium
images/synthetic/syn_v2_2026091401_08896.jpg;val;type1b;medium;type1b/medium
images/synthetic/syn_v2_2026091401_08897.jpg;train;type1a;medium;type1a/medium
images/synthetic/syn_v2_2026091401_08898.jpg;train;type1b;hard;type1b/hard
images/synthetic/syn_v2_2026091401_08899.jpg;train;type1b;medium;type1b/medium
images/synthetic/syn_v2_2026091401_08900.jpg;train;type1b;easy;type1b/easy
images/synthetic/syn_v2_2026091401_08901.jpg;train;type1a;easy;type1a/easy
images/synthetic/syn_v2_2026091401_08902.jpg;test;type1b;medium;type1b/medium
images/synthetic/syn_v2_2026091401_08903.jpg;train;type1;easy;type1/easy
images/synthetic/syn_v2_2026091401_08904.jpg;val;type1;easy;type1/easy
images/synthetic/syn_v2_2026091401_08905.jpg;train;type1;medium;type1/medium
images/synthetic/syn_v2_2026091401_08906.jpg;train;type1;easy;type1/easy
images/synthetic/syn_v2_2026091401_08907.jpg;train;type1b;easy;type1b/easy
images/synthetic/syn_v2_2026091401_08908.jpg;test;type1;medium;type1/medium
images/synthetic/syn_v2_2026091401_08909.jpg;train;type1a;easy;type1a/easy
images/synthetic/syn_v2_2026091401_08910.jpg;train;type1b;easy;type1b/easy
images/synthetic/syn_v2_2026091401_08911.jpg;train;type1;medium;type1/medium
images/synthetic/syn_v2_2026091401_08912.jpg;test;type1a;medium;type1a/medium
images/synthetic/syn_v2_2026091401_08913.jpg;train;type1b;easy;type1b/easy
images/synthetic/syn_v2_2026091401_08914.jpg;train;type1a;medium;type1a/medium
images/synthetic/syn_v2_2026091401_08915.jpg;train;type1a;easy;type1a/easy
images/synthetic/syn_v2_2026091401_08916.jpg;train;type1b;easy;type1b/easy
images/synthetic/syn_v2_2026091401_08917.jpg;train;type1b;medium;type1b/medium
images/synthetic/syn_v2_2026091401_08918.jpg;test;type1b;easy;type1b/easy
images/synthetic/syn_v2_2026091401_08919.jpg;train;type1a;medium;type1a/medium
images/synthetic/syn_v2_2026091401_08920.jpg;train;type1b;hard;type1b/hard
images/synthetic/syn_v2_2026091401_08921.jpg;test;type1;hard;type1/hard
images/synthetic/syn_v2_2026091401_08922.jpg;train;type1b;medium;type1b/medium
images/synthetic/syn_v2_2026091401_08923.jpg;train;type1b;hard;type1b/hard
images/synthetic/syn_v2_2026091401_08924.jpg;train;type1b;medium;type1b/medium
images/synthetic/syn_v2_2026091401_08925.jpg;train;type1a;medium;type1a/medium
images/synthetic/syn_v2_2026091401_08926.jpg;train;type1a;hard;type1a/hard
images/synthetic/syn_v2_2026091401_08927.jpg;train;type1a;medium;type1a/medium
images/synthetic/syn_v2_2026091401_08928.jpg;val;type1;easy;type1/easy
images/synthetic/syn_v2_2026091401_08929.jpg;train;type1b;medium;type1b/medium
images/synthetic/syn_v2_2026091401_08930.jpg;train;type1b;easy;type1b/easy
images/synthetic/syn_v2_2026091401_08931.jpg;train;type1a;hard;type1a/hard
images/synthetic/syn_v2_2026091401_08932.jpg;train;type1b;medium;type1b/medium
images/synthetic/syn_v2_2026091401_08933.jpg;train;type1;medium;type1/medium
images/synthetic/syn_v2_2026091401_08934.jpg;train;type1b;medium;type1b/medium
images/synthetic/syn_v2_2026091401_08935.jpg;train;type1b;hard;type1b/hard
images/synthetic/syn_v2_2026091401_08936.jpg;train;type1a;hard;type1a/hard
images/synthetic/syn_v2_2026091401_08937.jpg;train;type1;hard;type1/hard
images/synthetic/syn_v2_2026091401_08938.jpg;train;type1a;medium;type1a/medium
images/synthetic/syn_v2_2026091401_08939.jpg;train;type1b;easy;type1b/easy
images/synthetic/syn_v2_2026091401_08940.jpg;train;type1b;hard;type1b/hard
images/synthetic/syn_v2_2026091401_08941.jpg;train;type1b;easy;type1b/easy
images/synthetic/syn_v2_2026091401_08942.jpg;val;type1b;easy;type1b/easy
images/synthetic/syn_v2_2026091401_08943.jpg;train;type1b;hard;type1b/hard
images/synthetic/syn_v2_2026091401_08944.jpg;train;type1;hard;type1/hard
images/synthetic/syn_v2_2026091401_08945.jpg;train;type1;easy;type1/easy
images/synthetic/syn_v2_2026091401_08946.jpg;train;type1a;hard;type1a/hard
images/synthetic/syn_v2_2026091401_08947.jpg;train;type1a;medium;type1a/medium
images/synthetic/syn_v2_2026091401_08948.jpg;train;type1;hard;type1/hard
images/synthetic/syn_v2_2026091401_08949.jpg;train;type1b;easy;type1b/easy
images/synthetic/syn_v2_2026091401_08950.jpg;val;type1;medium;type1/medium
images/synthetic/syn_v2_2026091401_08951.jpg;train;type1a;easy;type1a/easy
images/synthetic/syn_v2_2026091401_08952.jpg;train;type1b;medium;type1b/medium
images/synthetic/syn_v2_2026091401_08953.jpg;train;type1;hard;type1/hard
images/synthetic/syn_v2_2026091401_08954.jpg;train;type1;medium;type1/medium
images/synthetic/syn_v2_2026091401_08955.jpg;train;type1b;medium;type1b/medium
images/synthetic/syn_v2_2026091401_08956.jpg;train;type1a;medium;type1a/medium
images/synthetic/syn_v2_2026091401_08957.jpg;train;type1b;easy;type1b/easy
images/synthetic/syn_v2_2026091401_08958.jpg;train;type1a;hard;type1a/hard
images/synthetic/syn_v2_2026091401_08959.jpg;train;type1;hard;type1/hard
images/synthetic/syn_v2_2026091401_08960.jpg;train;type1a;medium;type1a/medium
images/synthetic/syn_v2_2026091401_08961.jpg;train;type1b;easy;type1b/easy
images/synthetic/syn_v2_2026091401_08962.jpg;train;type1a;medium;type1a/medium
images/synthetic/syn_v2_2026091401_08963.jpg;val;type1a;medium;type1a/medium
images/synthetic/syn_v2_2026091401_08964.jpg;train;type1;medium;type1/medium
images/synthetic/syn_v2_2026091401_08965.jpg;train;type1b;easy;type1b/easy
images/synthetic/syn_v2_2026091401_08966.jpg;train;type1a;easy;type1a/easy
images/synthetic/syn_v2_2026091401_08967.jpg;train;type1a;medium;type1a/medium
images/synthetic/syn_v2_2026091401_08968.jpg;train;type1a;hard;type1a/hard
images/synthetic/syn_v2_2026091401_08969.jpg;val;type1;medium;type1/medium
images/synthetic/syn_v2_2026091401_08970.jpg;train;type1a;hard;type1a/hard
images/synthetic/syn_v2_2026091401_08971.jpg;train;type1a;medium;type1a/medium
images/synthetic/syn_v2_2026091401_08972.jpg;train;type1b;hard;type1b/hard
images/synthetic/syn_v2_2026091401_08973.jpg;val;type1b;easy;type1b/easy
images/synthetic/syn_v2_2026091401_08974.jpg;train;type1;medium;type1/medium
images/synthetic/syn_v2_2026091401_08975.jpg;train;type1;easy;type1/easy
images/synthetic/syn_v2_2026091401_08976.jpg;train;type1a;medium;type1a/medium
images/synthetic/syn_v2_2026091401_08977.jpg;val;type1b;easy;type1b/easy
images/synthetic/syn_v2_2026091401_08978.jpg;train;type1b;easy;type1b/easy
images/synthetic/syn_v2_2026091401_08979.jpg;train;type1b;medium;type1b/medium
images/synthetic/syn_v2_2026091401_08980.jpg;train;type1a;medium;type1a/medium
images/synthetic/syn_v2_2026091401_08981.jpg;train;type1b;hard;type1b/hard
images/synthetic/syn_v2_2026091401_08982.jpg;train;type1a;hard;type1a/hard
images/synthetic/syn_v2_2026091401_08983.jpg;val;type1a;medium;type1a/medium
images/synthetic/syn_v2_2026091401_08984.jpg;train;type1a;hard;type1a/hard
images/synthetic/syn_v2_2026091401_08985.jpg;train;type1a;easy;type1a/easy
images/synthetic/syn_v2_2026091401_08986.jpg;train;type1;easy;type1/easy
images/synthetic/syn_v2_2026091401_08987.jpg;train;type1a;easy;type1a/easy
images/synthetic/syn_v2_2026091401_08988.jpg;train;type1a;hard;type1a/hard
images/synthetic/syn_v2_2026091401_08989.jpg;train;type1a;medium;type1a/medium
images/synthetic/syn_v2_2026091401_08990.jpg;train;type1a;easy;type1a/easy
images/synthetic/syn_v2_2026091401_08991.jpg;train;type1a;medium;type1a/medium
images/synthetic/syn_v2_2026091401_08992.jpg;train;type1;easy;type1/easy
images/synthetic/syn_v2_2026091401_08993.jpg;train;type1b;hard;type1b/hard
images/synthetic/syn_v2_2026091401_08994.jpg;train;type1;medium;type1/medium
images/synthetic/syn_v2_2026091401_08995.jpg;val;type1a;medium;type1a/medium
images/synthetic/syn_v2_2026091401_08996.jpg;train;type1b;medium;type1b/medium
images/synthetic/syn_v2_2026091401_08997.jpg;val;type1;medium;type1/medium
images/synthetic/syn_v2_2026091401_08998.jpg;train;type1;hard;type1/hard
images/synthetic/syn_v2_2026091401_08999.jpg;train;type1;medium;type1/medium
images/synthetic/syn_v2_2026091401_09000.jpg;train;type1a;medium;type1a/medium
images/synthetic/syn_v2_2026091401_09001.jpg;train;type1a;medium;type1a/medium
images/synthetic/syn_v2_2026091401_09002.jpg;train;type1b;easy;type1b/easy
images/synthetic/syn_v2_2026091401_09003.jpg;train;type1b;medium;type1b/medium
images/synthetic/syn_v2_2026091401_09004.jpg;train;type1b;easy;type1b/easy
images/synthetic/syn_v2_2026091401_09005.jpg;train;type1b;medium;type1b/medium
images/synthetic/syn_v2_2026091401_09006.jpg;train;type1b;medium;type1b/medium
images/synthetic/syn_v2_2026091401_09007.jpg;train;type1;medium;type1/medium
images/synthetic/syn_v2_2026091401_09008.jpg;train;type1b;medium;type1b/medium
images/synthetic/syn_v2_2026091401_09009.jpg;train;type1b;hard;type1b/hard
images/synthetic/syn_v2_2026091401_09010.jpg;val;type1b;medium;type1b/medium
images/synthetic/syn_v2_2026091401_09011.jpg;train;type1a;medium;type1a/medium
images/synthetic/syn_v2_2026091401_09012.jpg;val;type1a;medium;type1a/medium
images/synthetic/syn_v2_2026091401_09013.jpg;train;type1a;easy;type1a/easy
images/synthetic/syn_v2_2026091401_09014.jpg;train;type1a;easy;type1a/easy
images/synthetic/syn_v2_2026091401_09015.jpg;train;type1b;medium;type1b/medium
images/synthetic/syn_v2_2026091401_09016.jpg;train;type1b;easy;type1b/easy
images/synthetic/syn_v2_2026091401_09017.jpg;train;type1b;hard;type1b/hard
images/synthetic/syn_v2_2026091401_09018.jpg;train;type1a;medium;type1a/medium
images/synthetic/syn_v2_2026091401_09019.jpg;train;type1a;easy;type1a/easy
images/synthetic/syn_v2_2026091401_09020.jpg;train;type1b;hard;type1b/hard
images/synthetic/syn_v2_2026091401_09021.jpg;train;type1a;hard;type1a/hard
images/synthetic/syn_v2_2026091401_09022.jpg;train;type1b;hard;type1b/hard
images/synthetic/syn_v2_2026091401_09023.jpg;train;type1;hard;type1/hard
images/synthetic/syn_v2_2026091401_09024.jpg;train;type1a;medium;type1a/medium
images/synthetic/syn_v2_2026091401_09025.jpg;train;type1;medium;type1/medium
images/synthetic/syn_v2_2026091401_09026.jpg;test;type1;easy;type1/easy
images/synthetic/syn_v2_2026091401_09027.jpg;train;type1b;hard;type1b/hard
images/synthetic/syn_v2_2026091401_09028.jpg;train;type1b;medium;type1b/medium
images/synthetic/syn_v2_2026091401_09029.jpg;train;type1;hard;type1/hard
images/synthetic/syn_v2_2026091401_09030.jpg;train;type1a;medium;type1a/medium
images/synthetic/syn_v2_2026091401_09031.jpg;train;type1;easy;type1/easy
images/synthetic/syn_v2_2026091401_09032.jpg;train;type1;easy;type1/easy
images/synthetic/syn_v2_2026091401_09033.jpg;train;type1a;medium;type1a/medium
images/synthetic/syn_v2_2026091401_09034.jpg;val;type1b;medium;type1b/medium
images/synthetic/syn_v2_2026091401_09035.jpg;train;type1;easy;type1/easy
images/synthetic/syn_v2_2026091401_09036.jpg;train;type1;medium;type1/medium
images/synthetic/syn_v2_2026091401_09037.jpg;train;type1b;easy;type1b/easy
images/synthetic/syn_v2_2026091401_09038.jpg;train;type1a;medium;type1a/medium
images/synthetic/syn_v2_2026091401_09039.jpg;train;type1b;easy;type1b/easy
images/synthetic/syn_v2_2026091401_09040.jpg;train;type1a;hard;type1a/hard
images/synthetic/syn_v2_2026091401_09041.jpg;train;type1a;medium;type1a/medium
images/synthetic/syn_v2_2026091401_09042.jpg;train;type1;medium;type1/medium
images/synthetic/syn_v2_2026091401_09043.jpg;train;type1b;easy;type1b/easy
images/synthetic/syn_v2_2026091401_09044.jpg;train;type1b;medium;type1b/medium
images/synthetic/syn_v2_2026091401_09045.jpg;train;type1b;medium;type1b/medium
images/synthetic/syn_v2_2026091401_09046.jpg;train;type1b;easy;type1b/easy
images/synthetic/syn_v2_2026091401_09047.jpg;val;type1a;medium;type1a/medium
images/synthetic/syn_v2_2026091401_09048.jpg;train;type1b;easy;type1b/easy
images/synthetic/syn_v2_2026091401_09049.jpg;train;type1b;hard;type1b/hard
images/synthetic/syn_v2_2026091401_09050.jpg;train;type1a;easy;type1a/easy
images/synthetic/syn_v2_2026091401_09051.jpg;train;type1b;medium;type1b/medium
images/synthetic/syn_v2_2026091401_09052.jpg;train;type1a;easy;type1a/easy
images/synthetic/syn_v2_2026091401_09053.jpg;train;type1a;medium;type1a/medium
images/synthetic/syn_v2_2026091401_09054.jpg;test;type1b;easy;type1b/easy
images/synthetic/syn_v2_2026091401_09055.jpg;train;type1a;easy;type1a/easy
images/synthetic/syn_v2_2026091401_09056.jpg;train;type1a;medium;type1a/medium
images/synthetic/syn_v2_2026091401_09057.jpg;val;type1;easy;type1/easy
images/synthetic/syn_v2_2026091401_09058.jpg;train;type1b;easy;type1b/easy
images/synthetic/syn_v2_2026091401_09059.jpg;train;type1b;medium;type1b/medium
images/synthetic/syn_v2_2026091401_09060.jpg;train;type1;medium;type1/medium
images/synthetic/syn_v2_2026091401_09061.jpg;val;type1b;easy;type1b/easy
images/synthetic/syn_v2_2026091401_09062.jpg;train;type1b;medium;type1b/medium
images/synthetic/syn_v2_2026091401_09063.jpg;train;type1a;easy;type1a/easy
images/synthetic/syn_v2_2026091401_09064.jpg;train;type1a;medium;type1a/medium
images/synthetic/syn_v2_2026091401_09065.jpg;test;type1a;easy;type1a/easy
images/synthetic/syn_v2_2026091401_09066.jpg;train;type1b;medium;type1b/medium
images/synthetic/syn_v2_2026091401_09067.jpg;train;type1a;easy;type1a/easy
images/synthetic/syn_v2_2026091401_09068.jpg;train;type1a;medium;type1a/medium
images/synthetic/syn_v2_2026091401_09069.jpg;train;type1b;hard;type1b/hard
images/synthetic/syn_v2_2026091401_09070.jpg;train;type1a;medium;type1a/medium
images/synthetic/syn_v2_2026091401_09071.jpg;test;type1a;easy;type1a/easy
images/synthetic/syn_v2_2026091401_09072.jpg;train;type1;medium;type1/medium
images/synthetic/syn_v2_2026091401_09073.jpg;train;type1b;easy;type1b/easy
images/synthetic/syn_v2_2026091401_09074.jpg;train;type1b;easy;type1b/easy
images/synthetic/syn_v2_2026091401_09075.jpg;train;type1b;hard;type1b/hard
images/synthetic/syn_v2_2026091401_09076.jpg;train;type1b;easy;type1b/easy
images/synthetic/syn_v2_2026091401_09077.jpg;train;type1b;hard;type1b/hard
images/synthetic/syn_v2_2026091401_09078.jpg;train;type1;medium;type1/medium
images/synthetic/syn_v2_2026091401_09079.jpg;train;type1b;medium;type1b/medium
images/synthetic/syn_v2_2026091401_09080.jpg;train;type1b;medium;type1b/medium
images/synthetic/syn_v2_2026091401_09081.jpg;train;type1a;hard;type1a/hard
images/synthetic/syn_v2_2026091401_09082.jpg;train;type1;medium;type1/medium
images/synthetic/syn_v2_2026091401_09083.jpg;train;type1b;easy;type1b/easy
images/synthetic/syn_v2_2026091401_09084.jpg;train;type1a;medium;type1a/medium
images/synthetic/syn_v2_2026091401_09085.jpg;train;type1;medium;type1/medium
images/synthetic/syn_v2_2026091401_09086.jpg;train;type1b;easy;type1b/easy
images/synthetic/syn_v2_2026091401_09087.jpg;train;type1a;hard;type1a/hard
images/synthetic/syn_v2_2026091401_09088.jpg;val;type1a;easy;type1a/easy
images/synthetic/syn_v2_2026091401_09089.jpg;train;type1b;medium;type1b/medium
images/synthetic/syn_v2_2026091401_09090.jpg;train;type1b;medium;type1b/medium
images/synthetic/syn_v2_2026091401_09091.jpg;val;type1;hard;type1/hard
images/synthetic/syn_v2_2026091401_09092.jpg;train;type1a;hard;type1a/hard
images/synthetic/syn_v2_2026091401_09093.jpg;train;type1;easy;type1/easy
images/synthetic/syn_v2_2026091401_09094.jpg;train;type1b;easy;type1b/easy
images/synthetic/syn_v2_2026091401_09095.jpg;train;type1;medium;type1/medium
images/synthetic/syn_v2_2026091401_09096.jpg;train;type1b;easy;type1b/easy
images/synthetic/syn_v2_2026091401_09097.jpg;train;type1;hard;type1/hard
images/synthetic/syn_v2_2026091401_09098.jpg;train;type1;easy;type1/easy
images/synthetic/syn_v2_2026091401_09099.jpg;train;type1a;easy;type1a/easy
images/synthetic/syn_v2_2026091401_09100.jpg;train;type1a;medium;type1a/medium
images/synthetic/syn_v2_2026091401_09101.jpg;train;type1a;easy;type1a/easy
images/synthetic/syn_v2_2026091401_09102.jpg;train;type1b;easy;type1b/easy
images/synthetic/syn_v2_2026091401_09103.jpg;train;type1b;hard;type1b/hard
images/synthetic/syn_v2_2026091401_09104.jpg;train;type1b;medium;type1b/medium
images/synthetic/syn_v2_2026091401_09105.jpg;train;type1a;easy;type1a/easy
images/synthetic/syn_v2_2026091401_09106.jpg;train;type1;hard;type1/hard
images/synthetic/syn_v2_2026091401_09107.jpg;train;type1;easy;type1/easy
images/synthetic/syn_v2_2026091401_09108.jpg;train;type1b;hard;type1b/hard
images/synthetic/syn_v2_2026091401_09109.jpg;train;type1;medium;type1/medium
images/synthetic/syn_v2_2026091401_09110.jpg;train;type1b;easy;type1b/easy
images/synthetic/syn_v2_2026091401_09111.jpg;train;type1a;easy;type1a/easy
images/synthetic/syn_v2_2026091401_09112.jpg;train;type1b;medium;type1b/medium
images/synthetic/syn_v2_2026091401_09113.jpg;val;type1b;hard;type1b/hard
images/synthetic/syn_v2_2026091401_09114.jpg;test;type1;medium;type1/medium
images/synthetic/syn_v2_2026091401_09115.jpg;train;type1;easy;type1/easy
images/synthetic/syn_v2_2026091401_09116.jpg;train;type1;hard;type1/hard
images/synthetic/syn_v2_2026091401_09117.jpg;train;type1b;medium;type1b/medium
images/synthetic/syn_v2_2026091401_09118.jpg;train;type1b;medium;type1b/medium
images/synthetic/syn_v2_2026091401_09119.jpg;train;type1a;easy;type1a/easy
images/synthetic/syn_v2_2026091401_09120.jpg;train;type1a;easy;type1a/easy
images/synthetic/syn_v2_2026091401_09121.jpg;val;type1;easy;type1/easy
images/synthetic/syn_v2_2026091401_09122.jpg;train;type1;easy;type1/easy
images/synthetic/syn_v2_2026091401_09123.jpg;train;type1a;hard;type1a/hard
images/synthetic/syn_v2_2026091401_09124.jpg;train;type1b;medium;type1b/medium
images/synthetic/syn_v2_2026091401_09125.jpg;train;type1a;hard;type1a/hard
images/synthetic/syn_v2_2026091401_09126.jpg;train;type1b;easy;type1b/easy
images/synthetic/syn_v2_2026091401_09127.jpg;train;type1a;hard;type1a/hard
images/synthetic/syn_v2_2026091401_09128.jpg;train;type1b;easy;type1b/easy
images/synthetic/syn_v2_2026091401_09129.jpg;val;type1a;medium;type1a/medium
images/synthetic/syn_v2_2026091401_09130.jpg;val;type1b;easy;type1b/easy
images/synthetic/syn_v2_2026091401_09131.jpg;train;type1a;easy;type1a/easy
images/synthetic/syn_v2_2026091401_09132.jpg;train;type1b;hard;type1b/hard
images/synthetic/syn_v2_2026091401_09133.jpg;train;type1b;easy;type1b/easy
images/synthetic/syn_v2_2026091401_09134.jpg;train;type1b;easy;type1b/easy
images/synthetic/syn_v2_2026091401_09135.jpg;train;type1b;hard;type1b/hard
images/synthetic/syn_v2_2026091401_09136.jpg;val;type1a;medium;type1a/medium
images/synthetic/syn_v2_2026091401_09137.jpg;train;type1a;medium;type1a/medium
images/synthetic/syn_v2_2026091401_09138.jpg;train;type1b;medium;type1b/medium
images/synthetic/syn_v2_2026091401_09139.jpg;train;type1b;easy;type1b/easy
images/synthetic/syn_v2_2026091401_09140.jpg;train;type1a;easy;type1a/easy
images/synthetic/syn_v2_2026091401_09141.jpg;train;type1a;easy;type1a/easy
images/synthetic/syn_v2_2026091401_09142.jpg;train;type1b;easy;type1b/easy
images/synthetic/syn_v2_2026091401_09143.jpg;train;type1b;easy;type1b/easy
images/synthetic/syn_v2_2026091401_09144.jpg;train;type1a;medium;type1a/medium
images/synthetic/syn_v2_2026091401_09145.jpg;train;type1;medium;type1/medium
images/synthetic/syn_v2_2026091401_09146.jpg;train;type1;hard;type1/hard
images/synthetic/syn_v2_2026091401_09147.jpg;train;type1b;medium;type1b/medium
images/synthetic/syn_v2_2026091401_09148.jpg;train;type1a;easy;type1a/easy
images/synthetic/syn_v2_2026091401_09149.jpg;train;type1b;easy;type1b/easy
images/synthetic/syn_v2_2026091401_09150.jpg;train;type1b;medium;type1b/medium
images/synthetic/syn_v2_2026091401_09151.jpg;train;type1b;easy;type1b/easy
images/synthetic/syn_v2_2026091401_09152.jpg;val;type1b;medium;type1b/medium
images/synthetic/syn_v2_2026091401_09153.jpg;train;type1a;easy;type1a/easy
images/synthetic/syn_v2_2026091401_09154.jpg;train;type1a;medium;type1a/medium
images/synthetic/syn_v2_2026091401_09155.jpg;train;type1b;hard;type1b/hard
images/synthetic/syn_v2_2026091401_09156.jpg;train;type1a;hard;type1a/hard
images/synthetic/syn_v2_2026091401_09157.jpg;train;type1b;medium;type1b/medium
images/synthetic/syn_v2_2026091401_09158.jpg;train;type1b;easy;type1b/easy
images/synthetic/syn_v2_2026091401_09159.jpg;train;type1b;medium;type1b/medium
images/synthetic/syn_v2_2026091401_09160.jpg;train;type1b;easy;type1b/easy
images/synthetic/syn_v2_2026091401_09161.jpg;train;type1a;medium;type1a/medium
images/synthetic/syn_v2_2026091401_09162.jpg;test;type1a;easy;type1a/easy
images/synthetic/syn_v2_2026091401_09163.jpg;train;type1b;medium;type1b/medium
images/synthetic/syn_v2_2026091401_09164.jpg;test;type1;medium;type1/medium
images/synthetic/syn_v2_2026091401_09165.jpg;train;type1b;medium;type1b/medium
images/synthetic/syn_v2_2026091401_09166.jpg;train;type1;easy;type1/easy
images/synthetic/syn_v2_2026091401_09167.jpg;train;type1b;easy;type1b/easy
images/synthetic/syn_v2_2026091401_09168.jpg;train;type1;easy;type1/easy
images/synthetic/syn_v2_2026091401_09169.jpg;train;type1b;easy;type1b/easy
images/synthetic/syn_v2_2026091401_09170.jpg;test;type1b;easy;type1b/easy
images/synthetic/syn_v2_2026091401_09171.jpg;train;type1;easy;type1/easy
images/synthetic/syn_v2_2026091401_09172.jpg;train;type1b;hard;type1b/hard
images/synthetic/syn_v2_2026091401_09173.jpg;train;type1a;easy;type1a/easy
images/synthetic/syn_v2_2026091401_09174.jpg;train;type1;easy;type1/easy
images/synthetic/syn_v2_2026091401_09175.jpg;train;type1b;medium;type1b/medium
images/synthetic/syn_v2_2026091401_09176.jpg;train;type1a;easy;type1a/easy
images/synthetic/syn_v2_2026091401_09177.jpg;val;type1;easy;type1/easy
images/synthetic/syn_v2_2026091401_09178.jpg;train;type1a;hard;type1a/hard
images/synthetic/syn_v2_2026091401_09179.jpg;train;type1b;medium;type1b/medium
images/synthetic/syn_v2_2026091401_09180.jpg;train;type1;medium;type1/medium
images/synthetic/syn_v2_2026091401_09181.jpg;train;type1a;medium;type1a/medium
images/synthetic/syn_v2_2026091401_09182.jpg;train;type1;medium;type1/medium
images/synthetic/syn_v2_2026091401_09183.jpg;train;type1;medium;type1/medium
images/synthetic/syn_v2_2026091401_09184.jpg;train;type1b;easy;type1b/easy
images/synthetic/syn_v2_2026091401_09185.jpg;train;type1a;easy;type1a/easy
images/synthetic/syn_v2_2026091401_09186.jpg;train;type1a;hard;type1a/hard
images/synthetic/syn_v2_2026091401_09187.jpg;train;type1;medium;type1/medium
images/synthetic/syn_v2_2026091401_09188.jpg;train;type1b;medium;type1b/medium
images/synthetic/syn_v2_2026091401_09189.jpg;train;type1b;easy;type1b/easy
images/synthetic/syn_v2_2026091401_09190.jpg;train;type1;easy;type1/easy
images/synthetic/syn_v2_2026091401_09191.jpg;test;type1;easy;type1/easy
images/synthetic/syn_v2_2026091401_09192.jpg;test;type1b;hard;type1b/hard
images/synthetic/syn_v2_2026091401_09193.jpg;train;type1;easy;type1/easy
images/synthetic/syn_v2_2026091401_09194.jpg;train;type1b;easy;type1b/easy
images/synthetic/syn_v2_2026091401_09195.jpg;train;type1b;hard;type1b/hard
images/synthetic/syn_v2_2026091401_09196.jpg;train;type1a;easy;type1a/easy
images/synthetic/syn_v2_2026091401_09197.jpg;train;type1a;medium;type1a/medium
images/synthetic/syn_v2_2026091401_09198.jpg;train;type1;medium;type1/medium
images/synthetic/syn_v2_2026091401_09199.jpg;train;type1a;hard;type1a/hard
images/synthetic/syn_v2_2026091401_09200.jpg;train;type1a;easy;type1a/easy
images/synthetic/syn_v2_2026091401_09201.jpg;train;type1b;hard;type1b/hard
images/synthetic/syn_v2_2026091401_09202.jpg;train;type1b;medium;type1b/medium
images/synthetic/syn_v2_2026091401_09203.jpg;val;type1a;medium;type1a/medium
images/synthetic/syn_v2_2026091401_09204.jpg;train;type1b;easy;type1b/easy
images/synthetic/syn_v2_2026091401_09205.jpg;val;type1a;easy;type1a/easy
images/synthetic/syn_v2_2026091401_09206.jpg;train;type1b;easy;type1b/easy
images/synthetic/syn_v2_2026091401_09207.jpg;train;type1b;easy;type1b/easy
images/synthetic/syn_v2_2026091401_09208.jpg;train;type1;hard;type1/hard
images/synthetic/syn_v2_2026091401_09209.jpg;train;type1b;medium;type1b/medium
images/synthetic/syn_v2_2026091401_09210.jpg;train;type1a;easy;type1a/easy
images/synthetic/syn_v2_2026091401_09211.jpg;val;type1;hard;type1/hard
images/synthetic/syn_v2_2026091401_09212.jpg;val;type1b;easy;type1b/easy
images/synthetic/syn_v2_2026091401_09213.jpg;train;type1b;easy;type1b/easy
images/synthetic/syn_v2_2026091401_09214.jpg;train;type1a;medium;type1a/medium
images/synthetic/syn_v2_2026091401_09215.jpg;train;type1b;medium;type1b/medium
images/synthetic/syn_v2_2026091401_09216.jpg;test;type1b;medium;type1b/medium
images/synthetic/syn_v2_2026091401_09217.jpg;train;type1a;easy;type1a/easy
images/synthetic/syn_v2_2026091401_09218.jpg;train;type1;hard;type1/hard
images/synthetic/syn_v2_2026091401_09219.jpg;val;type1b;easy;type1b/easy
images/synthetic/syn_v2_2026091401_09220.jpg;train;type1a;medium;type1a/medium
images/synthetic/syn_v2_2026091401_09221.jpg;val;type1b;hard;type1b/hard
images/synthetic/syn_v2_2026091401_09222.jpg;train;type1;hard;type1/hard
images/synthetic/syn_v2_2026091401_09223.jpg;val;type1a;medium;type1a/medium
images/synthetic/syn_v2_2026091401_09224.jpg;train;type1a;easy;type1a/easy
images/synthetic/syn_v2_2026091401_09225.jpg;train;type1b;medium;type1b/medium
images/synthetic/syn_v2_2026091401_09226.jpg;train;type1a;easy;type1a/easy
images/synthetic/syn_v2_2026091401_09227.jpg;train;type1;medium;type1/medium
images/synthetic/syn_v2_2026091401_09228.jpg;train;type1b;hard;type1b/hard
images/synthetic/syn_v2_2026091401_09229.jpg;train;type1a;medium;type1a/medium
images/synthetic/syn_v2_2026091401_09230.jpg;train;type1b;easy;type1b/easy
images/synthetic/syn_v2_2026091401_09231.jpg;train;type1;easy;type1/easy
images/synthetic/syn_v2_2026091401_09232.jpg;train;type1b;medium;type1b/medium
images/synthetic/syn_v2_2026091401_09233.jpg;train;type1b;hard;type1b/hard
images/synthetic/syn_v2_2026091401_09234.jpg;train;type1;medium;type1/medium
images/synthetic/syn_v2_2026091401_09235.jpg;train;type1;medium;type1/medium
images/synthetic/syn_v2_2026091401_09236.jpg;train;type1a;easy;type1a/easy
images/synthetic/syn_v2_2026091401_09237.jpg;train;type1a;medium;type1a/medium
images/synthetic/syn_v2_2026091401_09238.jpg;train;type1a;easy;type1a/easy
images/synthetic/syn_v2_2026091401_09239.jpg;train;type1a;medium;type1a/medium
images/synthetic/syn_v2_2026091401_09240.jpg;train;type1b;medium;type1b/medium
images/synthetic/syn_v2_2026091401_09241.jpg;train;type1a;hard;type1a/hard
images/synthetic/syn_v2_2026091401_09242.jpg;train;type1b;easy;type1b/easy
images/synthetic/syn_v2_2026091401_09243.jpg;train;type1;medium;type1/medium
images/synthetic/syn_v2_2026091401_09244.jpg;train;type1;medium;type1/medium
images/synthetic/syn_v2_2026091401_09245.jpg;train;type1;easy;type1/easy
images/synthetic/syn_v2_2026091401_09246.jpg;train;type1;easy;type1/easy
images/synthetic/syn_v2_2026091401_09247.jpg;val;type1b;hard;type1b/hard
images/synthetic/syn_v2_2026091401_09248.jpg;train;type1a;easy;type1a/easy
images/synthetic/syn_v2_2026091401_09249.jpg;train;type1a;hard;type1a/hard
images/synthetic/syn_v2_2026091401_09250.jpg;val;type1b;medium;type1b/medium
images/synthetic/syn_v2_2026091401_09251.jpg;train;type1b;medium;type1b/medium
images/synthetic/syn_v2_2026091401_09252.jpg;train;type1b;medium;type1b/medium
images/synthetic/syn_v2_2026091401_09253.jpg;train;type1b;medium;type1b/medium
images/synthetic/syn_v2_2026091401_09254.jpg;train;type1b;medium;type1b/medium
images/synthetic/syn_v2_2026091401_09255.jpg;val;type1a;easy;type1a/easy
images/synthetic/syn_v2_2026091401_09256.jpg;train;type1a;easy;type1a/easy
images/synthetic/syn_v2_2026091401_09257.jpg;train;type1b;medium;type1b/medium
images/synthetic/syn_v2_2026091401_09258.jpg;train;type1b;medium;type1b/medium
images/synthetic/syn_v2_2026091401_09259.jpg;train;type1;medium;type1/medium
images/synthetic/syn_v2_2026091401_09260.jpg;train;type1;medium;type1/medium
images/synthetic/syn_v2_2026091401_09261.jpg;train;type1b;easy;type1b/easy
images/synthetic/syn_v2_2026091401_09262.jpg;train;type1;easy;type1/easy
images/synthetic/syn_v2_2026091401_09263.jpg;train;type1a;hard;type1a/hard
images/synthetic/syn_v2_2026091401_09264.jpg;train;type1b;easy;type1b/easy
images/synthetic/syn_v2_2026091401_09265.jpg;train;type1;medium;type1/medium
images/synthetic/syn_v2_2026091401_09266.jpg;train;type1b;medium;type1b/medium
images/synthetic/syn_v2_2026091401_09267.jpg;test;type1a;hard;type1a/hard
images/synthetic/syn_v2_2026091401_09268.jpg;train;type1;medium;type1/medium
images/synthetic/syn_v2_2026091401_09269.jpg;train;type1b;easy;type1b/easy
images/synthetic/syn_v2_2026091401_09270.jpg;train;type1a;medium;type1a/medium
images/synthetic/syn_v2_2026091401_09271.jpg;train;type1b;easy;type1b/easy
images/synthetic/syn_v2_2026091401_09272.jpg;val;type1b;easy;type1b/easy
images/synthetic/syn_v2_2026091401_09273.jpg;train;type1a;medium;type1a/medium
images/synthetic/syn_v2_2026091401_09274.jpg;train;type1b;medium;type1b/medium
images/synthetic/syn_v2_2026091401_09275.jpg;train;type1;medium;type1/medium
images/synthetic/syn_v2_2026091401_09276.jpg;train;type1b;easy;type1b/easy
images/synthetic/syn_v2_2026091401_09277.jpg;train;type1b;easy;type1b/easy
images/synthetic/syn_v2_2026091401_09278.jpg;train;type1a;easy;type1a/easy
images/synthetic/syn_v2_2026091401_09279.jpg;train;type1a;hard;type1a/hard
images/synthetic/syn_v2_2026091401_09280.jpg;train;type1a;easy;type1a/easy
images/synthetic/syn_v2_2026091401_09281.jpg;train;type1b;easy;type1b/easy
images/synthetic/syn_v2_2026091401_09282.jpg;train;type1a;hard;type1a/hard
images/synthetic/syn_v2_2026091401_09283.jpg;train;type1b;medium;type1b/medium
images/synthetic/syn_v2_2026091401_09284.jpg;test;type1a;easy;type1a/easy
images/synthetic/syn_v2_2026091401_09285.jpg;train;type1a;medium;type1a/medium
images/synthetic/syn_v2_2026091401_09286.jpg;train;type1a;medium;type1a/medium
images/synthetic/syn_v2_2026091401_09287.jpg;train;type1a;easy;type1a/easy
images/synthetic/syn_v2_2026091401_09288.jpg;val;type1b;medium;type1b/medium
images/synthetic/syn_v2_2026091401_09289.jpg;train;type1b;easy;type1b/easy
images/synthetic/syn_v2_2026091401_09290.jpg;train;type1a;hard;type1a/hard
images/synthetic/syn_v2_2026091401_09291.jpg;train;type1a;medium;type1a/medium
images/synthetic/syn_v2_2026091401_09292.jpg;train;type1;hard;type1/hard
images/synthetic/syn_v2_2026091401_09293.jpg;val;type1b;hard;type1b/hard
images/synthetic/syn_v2_2026091401_09294.jpg;train;type1b;easy;type1b/easy
images/synthetic/syn_v2_2026091401_09295.jpg;train;type1a;easy;type1a/easy
images/synthetic/syn_v2_2026091401_09296.jpg;train;type1;medium;type1/medium
images/synthetic/syn_v2_2026091401_09297.jpg;train;type1b;medium;type1b/medium
images/synthetic/syn_v2_2026091401_09298.jpg;train;type1b;medium;type1b/medium
images/synthetic/syn_v2_2026091401_09299.jpg;train;type1a;medium;type1a/medium
images/synthetic/syn_v2_2026091401_09300.jpg;train;type1a;medium;type1a/medium
images/synthetic/syn_v2_2026091401_09301.jpg;train;type1;medium;type1/medium
images/synthetic/syn_v2_2026091401_09302.jpg;train;type1a;easy;type1a/easy
images/synthetic/syn_v2_2026091401_09303.jpg;train;type1a;hard;type1a/hard
images/synthetic/syn_v2_2026091401_09304.jpg;train;type1;medium;type1/medium
images/synthetic/syn_v2_2026091401_09305.jpg;test;type1a;medium;type1a/medium
images/synthetic/syn_v2_2026091401_09306.jpg;train;type1;easy;type1/easy
images/synthetic/syn_v2_2026091401_09307.jpg;train;type1b;medium;type1b/medium
images/synthetic/syn_v2_2026091401_09308.jpg;train;type1b;easy;type1b/easy
images/synthetic/syn_v2_2026091401_09309.jpg;train;type1;hard;type1/hard
images/synthetic/syn_v2_2026091401_09310.jpg;train;type1a;easy;type1a/easy
images/synthetic/syn_v2_2026091401_09311.jpg;train;type1a;medium;type1a/medium
images/synthetic/syn_v2_2026091401_09312.jpg;train;type1a;hard;type1a/hard
images/synthetic/syn_v2_2026091401_09313.jpg;val;type1a;medium;type1a/medium
images/synthetic/syn_v2_2026091401_09314.jpg;train;type1;hard;type1/hard
images/synthetic/syn_v2_2026091401_09315.jpg;test;type1b;easy;type1b/easy
images/synthetic/syn_v2_2026091401_09316.jpg;val;type1;easy;type1/easy
images/synthetic/syn_v2_2026091401_09317.jpg;train;type1b;easy;type1b/easy
images/synthetic/syn_v2_2026091401_09318.jpg;train;type1b;hard;type1b/hard
images/synthetic/syn_v2_2026091401_09319.jpg;train;type1b;medium;type1b/medium
images/synthetic/syn_v2_2026091401_09320.jpg;val;type1;easy;type1/easy
images/synthetic/syn_v2_2026091401_09321.jpg;train;type1a;easy;type1a/easy
images/synthetic/syn_v2_2026091401_09322.jpg;train;type1;easy;type1/easy
images/synthetic/syn_v2_2026091401_09323.jpg;train;type1b;medium;type1b/medium
images/synthetic/syn_v2_2026091401_09324.jpg;train;type1b;medium;type1b/medium
images/synthetic/syn_v2_2026091401_09325.jpg;train;type1a;medium;type1a/medium
images/synthetic/syn_v2_2026091401_09326.jpg;train;type1a;easy;type1a/easy
images/synthetic/syn_v2_2026091401_09327.jpg;train;type1b;easy;type1b/easy
images/synthetic/syn_v2_2026091401_09328.jpg;train;type1b;easy;type1b/easy
images/synthetic/syn_v2_2026091401_09329.jpg;train;type1b;hard;type1b/hard
images/synthetic/syn_v2_2026091401_09330.jpg;train;type1a;medium;type1a/medium
images/synthetic/syn_v2_2026091401_09331.jpg;train;type1b;easy;type1b/easy
images/synthetic/syn_v2_2026091401_09332.jpg;train;type1a;easy;type1a/easy
images/synthetic/syn_v2_2026091401_09333.jpg;train;type1b;easy;type1b/easy
images/synthetic/syn_v2_2026091401_09334.jpg;train;type1b;medium;type1b/medium
images/synthetic/syn_v2_2026091401_09335.jpg;train;type1a;easy;type1a/easy
images/synthetic/syn_v2_2026091401_09336.jpg;test;type1b;easy;type1b/easy
images/synthetic/syn_v2_2026091401_09337.jpg;train;type1b;hard;type1b/hard
images/synthetic/syn_v2_2026091401_09338.jpg;train;type1a;medium;type1a/medium
images/synthetic/syn_v2_2026091401_09339.jpg;val;type1b;medium;type1b/medium
images/synthetic/syn_v2_2026091401_09340.jpg;train;type1b;medium;type1b/medium
images/synthetic/syn_v2_2026091401_09341.jpg;train;type1a;easy;type1a/easy
images/synthetic/syn_v2_2026091401_09342.jpg;train;type1b;medium;type1b/medium
images/synthetic/syn_v2_2026091401_09343.jpg;train;type1a;easy;type1a/easy
images/synthetic/syn_v2_2026091401_09344.jpg;train;type1a;medium;type1a/medium
images/synthetic/syn_v2_2026091401_09345.jpg;train;type1;hard;type1/hard
images/synthetic/syn_v2_2026091401_09346.jpg;test;type1a;easy;type1a/easy
images/synthetic/syn_v2_2026091401_09347.jpg;train;type1a;medium;type1a/medium
images/synthetic/syn_v2_2026091401_09348.jpg;train;type1a;hard;type1a/hard
images/synthetic/syn_v2_2026091401_09349.jpg;train;type1a;hard;type1a/hard
images/synthetic/syn_v2_2026091401_09350.jpg;train;type1a;medium;type1a/medium
images/synthetic/syn_v2_2026091401_09351.jpg;train;type1b;medium;type1b/medium
images/synthetic/syn_v2_2026091401_09352.jpg;train;type1;medium;type1/medium
images/synthetic/syn_v2_2026091401_09353.jpg;train;type1a;medium;type1a/medium
images/synthetic/syn_v2_2026091401_09354.jpg;train;type1b;medium;type1b/medium
images/synthetic/syn_v2_2026091401_09355.jpg;train;type1b;easy;type1b/easy
images/synthetic/syn_v2_2026091401_09356.jpg;val;type1b;hard;type1b/hard
images/synthetic/syn_v2_2026091401_09357.jpg;train;type1b;hard;type1b/hard
images/synthetic/syn_v2_2026091401_09358.jpg;train;type1a;easy;type1a/easy
images/synthetic/syn_v2_2026091401_09359.jpg;val;type1;easy;type1/easy
images/synthetic/syn_v2_2026091401_09360.jpg;train;type1a;hard;type1a/hard
images/synthetic/syn_v2_2026091401_09361.jpg;train;type1a;easy;type1a/easy
images/synthetic/syn_v2_2026091401_09362.jpg;train;type1b;easy;type1b/easy
images/synthetic/syn_v2_2026091401_09363.jpg;test;type1b;easy;type1b/easy
images/synthetic/syn_v2_2026091401_09364.jpg;train;type1a;hard;type1a/hard
images/synthetic/syn_v2_2026091401_09365.jpg;val;type1b;medium;type1b/medium
images/synthetic/syn_v2_2026091401_09366.jpg;train;type1b;easy;type1b/easy
images/synthetic/syn_v2_2026091401_09367.jpg;train;type1a;easy;type1a/easy
images/synthetic/syn_v2_2026091401_09368.jpg;train;type1;medium;type1/medium
images/synthetic/syn_v2_2026091401_09369.jpg;train;type1a;medium;type1a/medium
images/synthetic/syn_v2_2026091401_09370.jpg;train;type1a;easy;type1a/easy
images/synthetic/syn_v2_2026091401_09371.jpg;train;type1;hard;type1/hard
images/synthetic/syn_v2_2026091401_09372.jpg;train;type1b;medium;type1b/medium
images/synthetic/syn_v2_2026091401_09373.jpg;val;type1;easy;type1/easy
images/synthetic/syn_v2_2026091401_09374.jpg;train;type1a;easy;type1a/easy
images/synthetic/syn_v2_2026091401_09375.jpg;train;type1b;medium;type1b/medium
images/synthetic/syn_v2_2026091401_09376.jpg;train;type1a;hard;type1a/hard
images/synthetic/syn_v2_2026091401_09377.jpg;train;type1;easy;type1/easy
images/synthetic/syn_v2_2026091401_09378.jpg;train;type1a;medium;type1a/medium
images/synthetic/syn_v2_2026091401_09379.jpg;train;type1;easy;type1/easy
images/synthetic/syn_v2_2026091401_09380.jpg;train;type1a;easy;type1a/easy
images/synthetic/syn_v2_2026091401_09381.jpg;train;type1;hard;type1/hard
images/synthetic/syn_v2_2026091401_09382.jpg;train;type1a;hard;type1a/hard
images/synthetic/syn_v2_2026091401_09383.jpg;train;type1b;hard;type1b/hard
images/synthetic/syn_v2_2026091401_09384.jpg;test;type1b;medium;type1b/medium
images/synthetic/syn_v2_2026091401_09385.jpg;train;type1b;easy;type1b/easy
images/synthetic/syn_v2_2026091401_09386.jpg;train;type1a;medium;type1a/medium
images/synthetic/syn_v2_2026091401_09387.jpg;train;type1;medium;type1/medium
images/synthetic/syn_v2_2026091401_09388.jpg;train;type1b;easy;type1b/easy
images/synthetic/syn_v2_2026091401_09389.jpg;train;type1a;medium;type1a/medium
images/synthetic/syn_v2_2026091401_09390.jpg;val;type1a;hard;type1a/hard
images/synthetic/syn_v2_2026091401_09391.jpg;train;type1b;easy;type1b/easy
images/synthetic/syn_v2_2026091401_09392.jpg;train;type1b;easy;type1b/easy
images/synthetic/syn_v2_2026091401_09393.jpg;val;type1b;medium;type1b/medium
images/synthetic/syn_v2_2026091401_09394.jpg;train;type1a;medium;type1a/medium
images/synthetic/syn_v2_2026091401_09395.jpg;train;type1;easy;type1/easy
images/synthetic/syn_v2_2026091401_09396.jpg;test;type1b;medium;type1b/medium
images/synthetic/syn_v2_2026091401_09397.jpg;train;type1b;easy;type1b/easy
images/synthetic/syn_v2_2026091401_09398.jpg;train;type1b;medium;type1b/medium
images/synthetic/syn_v2_2026091401_09399.jpg;train;type1b;medium;type1b/medium
images/synthetic/syn_v2_2026091401_09400.jpg;train;type1a;medium;type1a/medium
images/synthetic/syn_v2_2026091401_09401.jpg;train;type1a;medium;type1a/medium
images/synthetic/syn_v2_2026091401_09402.jpg;train;type1b;medium;type1b/medium
images/synthetic/syn_v2_2026091401_09403.jpg;train;type1a;easy;type1a/easy
images/synthetic/syn_v2_2026091401_09404.jpg;test;type1b;medium;type1b/medium
images/synthetic/syn_v2_2026091401_09405.jpg;train;type1;medium;type1/medium
images/synthetic/syn_v2_2026091401_09406.jpg;test;type1b;medium;type1b/medium
images/synthetic/syn_v2_2026091401_09407.jpg;val;type1a;hard;type1a/hard
images/synthetic/syn_v2_2026091401_09408.jpg;train;type1b;easy;type1b/easy
images/synthetic/syn_v2_2026091401_09409.jpg;train;type1b;hard;type1b/hard
images/synthetic/syn_v2_2026091401_09410.jpg;train;type1b;hard;type1b/hard
images/synthetic/syn_v2_2026091401_09411.jpg;train;type1b;easy;type1b/easy
images/synthetic/syn_v2_2026091401_09412.jpg;test;type1;medium;type1/medium
images/synthetic/syn_v2_2026091401_09413.jpg;train;type1a;easy;type1a/easy
images/synthetic/syn_v2_2026091401_09414.jpg;train;type1b;easy;type1b/easy
images/synthetic/syn_v2_2026091401_09415.jpg;test;type1a;hard;type1a/hard
images/synthetic/syn_v2_2026091401_09416.jpg;train;type1a;easy;type1a/easy
images/synthetic/syn_v2_2026091401_09417.jpg;train;type1;easy;type1/easy
images/synthetic/syn_v2_2026091401_09418.jpg;train;type1a;medium;type1a/medium
images/synthetic/syn_v2_2026091401_09419.jpg;test;type1;medium;type1/medium
images/synthetic/syn_v2_2026091401_09420.jpg;train;type1b;easy;type1b/easy
images/synthetic/syn_v2_2026091401_09421.jpg;train;type1a;medium;type1a/medium
images/synthetic/syn_v2_2026091401_09422.jpg;val;type1b;medium;type1b/medium
images/synthetic/syn_v2_2026091401_09423.jpg;train;type1a;medium;type1a/medium
images/synthetic/syn_v2_2026091401_09424.jpg;train;type1a;easy;type1a/easy
images/synthetic/syn_v2_2026091401_09425.jpg;train;type1;easy;type1/easy
images/synthetic/syn_v2_2026091401_09426.jpg;train;type1b;easy;type1b/easy
images/synthetic/syn_v2_2026091401_09427.jpg;val;type1a;medium;type1a/medium
images/synthetic/syn_v2_2026091401_09428.jpg;val;type1;medium;type1/medium
images/synthetic/syn_v2_2026091401_09429.jpg;val;type1b;medium;type1b/medium
images/synthetic/syn_v2_2026091401_09430.jpg;train;type1a;medium;type1a/medium
images/synthetic/syn_v2_2026091401_09431.jpg;train;type1b;easy;type1b/easy
images/synthetic/syn_v2_2026091401_09432.jpg;train;type1;easy;type1/easy
images/synthetic/syn_v2_2026091401_09433.jpg;train;type1b;medium;type1b/medium
images/synthetic/syn_v2_2026091401_09434.jpg;train;type1a;medium;type1a/medium
images/synthetic/syn_v2_2026091401_09435.jpg;train;type1b;easy;type1b/easy
images/synthetic/syn_v2_2026091401_09436.jpg;train;type1a;easy;type1a/easy
images/synthetic/syn_v2_2026091401_09437.jpg;train;type1;medium;type1/medium
images/synthetic/syn_v2_2026091401_09438.jpg;train;type1;medium;type1/medium
images/synthetic/syn_v2_2026091401_09439.jpg;val;type1b;medium;type1b/medium
images/synthetic/syn_v2_2026091401_09440.jpg;train;type1b;medium;type1b/medium
images/synthetic/syn_v2_2026091401_09441.jpg;train;type1b;medium;type1b/medium
images/synthetic/syn_v2_2026091401_09442.jpg;train;type1a;medium;type1a/medium
images/synthetic/syn_v2_2026091401_09443.jpg;train;type1b;medium;type1b/medium
images/synthetic/syn_v2_2026091401_09444.jpg;train;type1b;hard;type1b/hard
images/synthetic/syn_v2_2026091401_09445.jpg;train;type1b;hard;type1b/hard
images/synthetic/syn_v2_2026091401_09446.jpg;val;type1a;easy;type1a/easy
images/synthetic/syn_v2_2026091401_09447.jpg;train;type1b;easy;type1b/easy
images/synthetic/syn_v2_2026091401_09448.jpg;train;type1a;hard;type1a/hard
images/synthetic/syn_v2_2026091401_09449.jpg;train;type1a;medium;type1a/medium
images/synthetic/syn_v2_2026091401_09450.jpg;train;type1a;hard;type1a/hard
images/synthetic/syn_v2_2026091401_09451.jpg;train;type1b;hard;type1b/hard
images/synthetic/syn_v2_2026091401_09452.jpg;train;type1;hard;type1/hard
images/synthetic/syn_v2_2026091401_09453.jpg;train;type1a;medium;type1a/medium
images/synthetic/syn_v2_2026091401_09454.jpg;val;type1a;easy;type1a/easy
images/synthetic/syn_v2_2026091401_09455.jpg;train;type1;medium;type1/medium
images/synthetic/syn_v2_2026091401_09456.jpg;train;type1a;easy;type1a/easy
images/synthetic/syn_v2_2026091401_09457.jpg;train;type1a;easy;type1a/easy
images/synthetic/syn_v2_2026091401_09458.jpg;test;type1a;hard;type1a/hard
images/synthetic/syn_v2_2026091401_09459.jpg;train;type1b;easy;type1b/easy
images/synthetic/syn_v2_2026091401_09460.jpg;train;type1a;hard;type1a/hard
images/synthetic/syn_v2_2026091401_09461.jpg;train;type1;hard;type1/hard
images/synthetic/syn_v2_2026091401_09462.jpg;train;type1;easy;type1/easy
images/synthetic/syn_v2_2026091401_09463.jpg;train;type1;medium;type1/medium
images/synthetic/syn_v2_2026091401_09464.jpg;train;type1b;medium;type1b/medium
images/synthetic/syn_v2_2026091401_09465.jpg;test;type1a;medium;type1a/medium
images/synthetic/syn_v2_2026091401_09466.jpg;train;type1b;easy;type1b/easy
images/synthetic/syn_v2_2026091401_09467.jpg;train;type1a;medium;type1a/medium
images/synthetic/syn_v2_2026091401_09468.jpg;val;type1;hard;type1/hard
images/synthetic/syn_v2_2026091401_09469.jpg;train;type1a;hard;type1a/hard
images/synthetic/syn_v2_2026091401_09470.jpg;val;type1a;hard;type1a/hard
images/synthetic/syn_v2_2026091401_09471.jpg;train;type1b;medium;type1b/medium
images/synthetic/syn_v2_2026091401_09472.jpg;train;type1b;medium;type1b/medium
images/synthetic/syn_v2_2026091401_09473.jpg;train;type1;easy;type1/easy
images/synthetic/syn_v2_2026091401_09474.jpg;train;type1b;hard;type1b/hard
images/synthetic/syn_v2_2026091401_09475.jpg;train;type1a;medium;type1a/medium
images/synthetic/syn_v2_2026091401_09476.jpg;train;type1a;easy;type1a/easy
images/synthetic/syn_v2_2026091401_09477.jpg;train;type1a;hard;type1a/hard
images/synthetic/syn_v2_2026091401_09478.jpg;test;type1;easy;type1/easy
images/synthetic/syn_v2_2026091401_09479.jpg;train;type1;medium;type1/medium
images/synthetic/syn_v2_2026091401_09480.jpg;val;type1a;easy;type1a/easy
images/synthetic/syn_v2_2026091401_09481.jpg;train;type1a;hard;type1a/hard
images/synthetic/syn_v2_2026091401_09482.jpg;train;type1a;easy;type1a/easy
images/synthetic/syn_v2_2026091401_09483.jpg;train;type1b;medium;type1b/medium
images/synthetic/syn_v2_2026091401_09484.jpg;train;type1a;easy;type1a/easy
images/synthetic/syn_v2_2026091401_09485.jpg;val;type1b;hard;type1b/hard
images/synthetic/syn_v2_2026091401_09486.jpg;train;type1a;medium;type1a/medium
images/synthetic/syn_v2_2026091401_09487.jpg;test;type1b;medium;type1b/medium
images/synthetic/syn_v2_2026091401_09488.jpg;val;type1a;medium;type1a/medium
images/synthetic/syn_v2_2026091401_09489.jpg;train;type1a;hard;type1a/hard
images/synthetic/syn_v2_2026091401_09490.jpg;val;type1b;hard;type1b/hard
images/synthetic/syn_v2_2026091401_09491.jpg;train;type1;easy;type1/easy
images/synthetic/syn_v2_2026091401_09492.jpg;train;type1;hard;type1/hard
images/synthetic/syn_v2_2026091401_09493.jpg;train;type1a;medium;type1a/medium
images/synthetic/syn_v2_2026091401_09494.jpg;val;type1b;medium;type1b/medium
images/synthetic/syn_v2_2026091401_09495.jpg;train;type1a;easy;type1a/easy
images/synthetic/syn_v2_2026091401_09496.jpg;val;type1;medium;type1/medium
images/synthetic/syn_v2_2026091401_09497.jpg;train;type1b;hard;type1b/hard
images/synthetic/syn_v2_2026091401_09498.jpg;train;type1b;easy;type1b/easy
images/synthetic/syn_v2_2026091401_09499.jpg;test;type1b;hard;type1b/hard
images/synthetic/syn_v2_2026091401_09500.jpg;train;type1b;hard;type1b/hard
images/synthetic/syn_v2_2026091401_09501.jpg;val;type1a;medium;type1a/medium
images/synthetic/syn_v2_2026091401_09502.jpg;train;type1b;medium;type1b/medium
images/synthetic/syn_v2_2026091401_09503.jpg;train;type1b;medium;type1b/medium
images/synthetic/syn_v2_2026091401_09504.jpg;train;type1b;medium;type1b/medium
images/synthetic/syn_v2_2026091401_09505.jpg;train;type1a;easy;type1a/easy
images/synthetic/syn_v2_2026091401_09506.jpg;train;type1a;easy;type1a/easy
images/synthetic/syn_v2_2026091401_09507.jpg;train;type1b;easy;type1b/easy
images/synthetic/syn_v2_2026091401_09508.jpg;test;type1a;medium;type1a/medium
images/synthetic/syn_v2_2026091401_09509.jpg;train;type1b;easy;type1b/easy
images/synthetic/syn_v2_2026091401_09510.jpg;test;type1;medium;type1/medium
images/synthetic/syn_v2_2026091401_09511.jpg;train;type1b;medium;type1b/medium
images/synthetic/syn_v2_2026091401_09512.jpg;train;type1a;easy;type1a/easy
images/synthetic/syn_v2_2026091401_09513.jpg;train;type1;easy;type1/easy
images/synthetic/syn_v2_2026091401_09514.jpg;train;type1b;medium;type1b/medium
images/synthetic/syn_v2_2026091401_09515.jpg;train;type1a;medium;type1a/medium
images/synthetic/syn_v2_2026091401_09516.jpg;train;type1a;easy;type1a/easy
images/synthetic/syn_v2_2026091401_09517.jpg;val;type1a;medium;type1a/medium
images/synthetic/syn_v2_2026091401_09518.jpg;train;type1a;medium;type1a/medium
images/synthetic/syn_v2_2026091401_09519.jpg;train;type1b;easy;type1b/easy
images/synthetic/syn_v2_2026091401_09520.jpg;train;type1b;easy;type1b/easy
images/synthetic/syn_v2_2026091401_09521.jpg;train;type1;easy;type1/easy
images/synthetic/syn_v2_2026091401_09522.jpg;train;type1a;medium;type1a/medium
images/synthetic/syn_v2_2026091401_09523.jpg;train;type1b;easy;type1b/easy
images/synthetic/syn_v2_2026091401_09524.jpg;train;type1a;medium;type1a/medium
images/synthetic/syn_v2_2026091401_09525.jpg;train;type1;easy;type1/easy
images/synthetic/syn_v2_2026091401_09526.jpg;train;type1a;easy;type1a/easy
images/synthetic/syn_v2_2026091401_09527.jpg;train;type1a;easy;type1a/easy
images/synthetic/syn_v2_2026091401_09528.jpg;train;type1;easy;type1/easy
images/synthetic/syn_v2_2026091401_09529.jpg;train;type1b;easy;type1b/easy
images/synthetic/syn_v2_2026091401_09530.jpg;train;type1a;medium;type1a/medium
images/synthetic/syn_v2_2026091401_09531.jpg;train;type1b;medium;type1b/medium
images/synthetic/syn_v2_2026091401_09532.jpg;train;type1a;hard;type1a/hard
images/synthetic/syn_v2_2026091401_09533.jpg;train;type1b;easy;type1b/easy
images/synthetic/syn_v2_2026091401_09534.jpg;train;type1a;medium;type1a/medium
images/synthetic/syn_v2_2026091401_09535.jpg;train;type1;medium;type1/medium
images/synthetic/syn_v2_2026091401_09536.jpg;train;type1b;medium;type1b/medium
images/synthetic/syn_v2_2026091401_09537.jpg;train;type1;medium;type1/medium
images/synthetic/syn_v2_2026091401_09538.jpg;train;type1b;medium;type1b/medium
images/synthetic/syn_v2_2026091401_09539.jpg;train;type1a;medium;type1a/medium
images/synthetic/syn_v2_2026091401_09540.jpg;train;type1b;easy;type1b/easy
images/synthetic/syn_v2_2026091401_09541.jpg;train;type1a;medium;type1a/medium
images/synthetic/syn_v2_2026091401_09542.jpg;train;type1a;easy;type1a/easy
images/synthetic/syn_v2_2026091401_09543.jpg;train;type1a;easy;type1a/easy
images/synthetic/syn_v2_2026091401_09544.jpg;train;type1b;medium;type1b/medium
images/synthetic/syn_v2_2026091401_09545.jpg;train;type1a;easy;type1a/easy
images/synthetic/syn_v2_2026091401_09546.jpg;train;type1b;easy;type1b/easy
images/synthetic/syn_v2_2026091401_09547.jpg;train;type1a;hard;type1a/hard
images/synthetic/syn_v2_2026091401_09548.jpg;train;type1b;medium;type1b/medium
images/synthetic/syn_v2_2026091401_09549.jpg;train;type1a;medium;type1a/medium
images/synthetic/syn_v2_2026091401_09550.jpg;val;type1a;hard;type1a/hard
images/synthetic/syn_v2_2026091401_09551.jpg;val;type1b;medium;type1b/medium
images/synthetic/syn_v2_2026091401_09552.jpg;train;type1b;medium;type1b/medium
images/synthetic/syn_v2_2026091401_09553.jpg;train;type1b;medium;type1b/medium
images/synthetic/syn_v2_2026091401_09554.jpg;test;type1a;easy;type1a/easy
images/synthetic/syn_v2_2026091401_09555.jpg;val;type1;medium;type1/medium
images/synthetic/syn_v2_2026091401_09556.jpg;test;type1a;medium;type1a/medium
images/synthetic/syn_v2_2026091401_09557.jpg;train;type1b;medium;type1b/medium
images/synthetic/syn_v2_2026091401_09558.jpg;train;type1a;medium;type1a/medium
images/synthetic/syn_v2_2026091401_09559.jpg;train;type1a;medium;type1a/medium
images/synthetic/syn_v2_2026091401_09560.jpg;train;type1a;easy;type1a/easy
images/synthetic/syn_v2_2026091401_09561.jpg;val;type1b;medium;type1b/medium
images/synthetic/syn_v2_2026091401_09562.jpg;train;type1;medium;type1/medium
images/synthetic/syn_v2_2026091401_09563.jpg;train;type1a;hard;type1a/hard
images/synthetic/syn_v2_2026091401_09564.jpg;train;type1;medium;type1/medium
images/synthetic/syn_v2_2026091401_09565.jpg;train;type1a;medium;type1a/medium
images/synthetic/syn_v2_2026091401_09566.jpg;train;type1b;medium;type1b/medium
images/synthetic/syn_v2_2026091401_09567.jpg;train;type1a;easy;type1a/easy
images/synthetic/syn_v2_2026091401_09568.jpg;train;type1a;hard;type1a/hard
images/synthetic/syn_v2_2026091401_09569.jpg;train;type1a;easy;type1a/easy
images/synthetic/syn_v2_2026091401_09570.jpg;train;type1a;easy;type1a/easy
images/synthetic/syn_v2_2026091401_09571.jpg;train;type1b;hard;type1b/hard
images/synthetic/syn_v2_2026091401_09572.jpg;train;type1;medium;type1/medium
images/synthetic/syn_v2_2026091401_09573.jpg;val;type1a;hard;type1a/hard
images/synthetic/syn_v2_2026091401_09574.jpg;test;type1a;medium;type1a/medium
images/synthetic/syn_v2_2026091401_09575.jpg;train;type1b;medium;type1b/medium
images/synthetic/syn_v2_2026091401_09576.jpg;train;type1a;easy;type1a/easy
images/synthetic/syn_v2_2026091401_09577.jpg;train;type1a;medium;type1a/medium
images/synthetic/syn_v2_2026091401_09578.jpg;train;type1a;medium;type1a/medium
images/synthetic/syn_v2_2026091401_09579.jpg;train;type1b;easy;type1b/easy
images/synthetic/syn_v2_2026091401_09580.jpg;train;type1b;hard;type1b/hard
images/synthetic/syn_v2_2026091401_09581.jpg;train;type1b;medium;type1b/medium
images/synthetic/syn_v2_2026091401_09582.jpg;train;type1b;easy;type1b/easy
images/synthetic/syn_v2_2026091401_09583.jpg;train;type1a;medium;type1a/medium
images/synthetic/syn_v2_2026091401_09584.jpg;train;type1b;hard;type1b/hard
images/synthetic/syn_v2_2026091401_09585.jpg;train;type1;hard;type1/hard
images/synthetic/syn_v2_2026091401_09586.jpg;train;type1b;easy;type1b/easy
images/synthetic/syn_v2_2026091401_09587.jpg;train;type1b;easy;type1b/easy
images/synthetic/syn_v2_2026091401_09588.jpg;train;type1b;medium;type1b/medium
images/synthetic/syn_v2_2026091401_09589.jpg;train;type1a;easy;type1a/easy
images/synthetic/syn_v2_2026091401_09590.jpg;train;type1;medium;type1/medium
images/synthetic/syn_v2_2026091401_09591.jpg;test;type1a;medium;type1a/medium
images/synthetic/syn_v2_2026091401_09592.jpg;train;type1;medium;type1/medium
images/synthetic/syn_v2_2026091401_09593.jpg;train;type1;easy;type1/easy
images/synthetic/syn_v2_2026091401_09594.jpg;train;type1a;easy;type1a/easy
images/synthetic/syn_v2_2026091401_09595.jpg;train;type1;medium;type1/medium
images/synthetic/syn_v2_2026091401_09596.jpg;train;type1a;easy;type1a/easy
images/synthetic/syn_v2_2026091401_09597.jpg;val;type1;easy;type1/easy
images/synthetic/syn_v2_2026091401_09598.jpg;train;type1b;easy;type1b/easy
images/synthetic/syn_v2_2026091401_09599.jpg;train;type1;medium;type1/medium
images/synthetic/syn_v2_2026091401_09600.jpg;train;type1;medium;type1/medium
images/synthetic/syn_v2_2026091401_09601.jpg;val;type1a;easy;type1a/easy
images/synthetic/syn_v2_2026091401_09602.jpg;train;type1a;medium;type1a/medium
images/synthetic/syn_v2_2026091401_09603.jpg;train;type1;hard;type1/hard
images/synthetic/syn_v2_2026091401_09604.jpg;train;type1a;easy;type1a/easy
images/synthetic/syn_v2_2026091401_09605.jpg;train;type1a;medium;type1a/medium
images/synthetic/syn_v2_2026091401_09606.jpg;train;type1a;easy;type1a/easy
images/synthetic/syn_v2_2026091401_09607.jpg;train;type1b;hard;type1b/hard
images/synthetic/syn_v2_2026091401_09608.jpg;train;type1;hard;type1/hard
images/synthetic/syn_v2_2026091401_09609.jpg;train;type1b;medium;type1b/medium
images/synthetic/syn_v2_2026091401_09610.jpg;train;type1a;easy;type1a/easy
images/synthetic/syn_v2_2026091401_09611.jpg;train;type1b;medium;type1b/medium
images/synthetic/syn_v2_2026091401_09612.jpg;train;type1b;medium;type1b/medium
images/synthetic/syn_v2_2026091401_09613.jpg;train;type1b;medium;type1b/medium
images/synthetic/syn_v2_2026091401_09614.jpg;val;type1b;easy;type1b/easy
images/synthetic/syn_v2_2026091401_09615.jpg;train;type1b;medium;type1b/medium
images/synthetic/syn_v2_2026091401_09616.jpg;train;type1a;easy;type1a/easy
images/synthetic/syn_v2_2026091401_09617.jpg;train;type1b;medium;type1b/medium
images/synthetic/syn_v2_2026091401_09618.jpg;train;type1a;medium;type1a/medium
images/synthetic/syn_v2_2026091401_09619.jpg;train;type1b;easy;type1b/easy
images/synthetic/syn_v2_2026091401_09620.jpg;train;type1;easy;type1/easy
images/synthetic/syn_v2_2026091401_09621.jpg;train;type1b;medium;type1b/medium
images/synthetic/syn_v2_2026091401_09622.jpg;train;type1b;hard;type1b/hard
images/synthetic/syn_v2_2026091401_09623.jpg;train;type1b;hard;type1b/hard
images/synthetic/syn_v2_2026091401_09624.jpg;train;type1b;medium;type1b/medium
images/synthetic/syn_v2_2026091401_09625.jpg;train;type1b;easy;type1b/easy
images/synthetic/syn_v2_2026091401_09626.jpg;train;type1b;medium;type1b/medium
images/synthetic/syn_v2_2026091401_09627.jpg;train;type1a;medium;type1a/medium
images/synthetic/syn_v2_2026091401_09628.jpg;train;type1a;hard;type1a/hard
images/synthetic/syn_v2_2026091401_09629.jpg;train;type1;easy;type1/easy
images/synthetic/syn_v2_2026091401_09630.jpg;train;type1a;medium;type1a/medium
images/synthetic/syn_v2_2026091401_09631.jpg;train;type1b;easy;type1b/easy
images/synthetic/syn_v2_2026091401_09632.jpg;train;type1b;medium;type1b/medium
images/synthetic/syn_v2_2026091401_09633.jpg;val;type1b;easy;type1b/easy
images/synthetic/syn_v2_2026091401_09634.jpg;train;type1b;easy;type1b/easy
images/synthetic/syn_v2_2026091401_09635.jpg;train;type1a;hard;type1a/hard
images/synthetic/syn_v2_2026091401_09636.jpg;train;type1b;medium;type1b/medium
images/synthetic/syn_v2_2026091401_09637.jpg;train;type1;hard;type1/hard
images/synthetic/syn_v2_2026091401_09638.jpg;train;type1;hard;type1/hard
images/synthetic/syn_v2_2026091401_09639.jpg;train;type1b;medium;type1b/medium
images/synthetic/syn_v2_2026091401_09640.jpg;train;type1b;hard;type1b/hard
images/synthetic/syn_v2_2026091401_09641.jpg;train;type1a;easy;type1a/easy
images/synthetic/syn_v2_2026091401_09642.jpg;train;type1a;hard;type1a/hard
images/synthetic/syn_v2_2026091401_09643.jpg;train;type1a;medium;type1a/medium
images/synthetic/syn_v2_2026091401_09644.jpg;train;type1a;easy;type1a/easy
images/synthetic/syn_v2_2026091401_09645.jpg;train;type1b;medium;type1b/medium
images/synthetic/syn_v2_2026091401_09646.jpg;train;type1b;easy;type1b/easy
images/synthetic/syn_v2_2026091401_09647.jpg;train;type1b;hard;type1b/hard
images/synthetic/syn_v2_2026091401_09648.jpg;train;type1b;hard;type1b/hard
images/synthetic/syn_v2_2026091401_09649.jpg;train;type1b;medium;type1b/medium
images/synthetic/syn_v2_2026091401_09650.jpg;train;type1a;easy;type1a/easy
images/synthetic/syn_v2_2026091401_09651.jpg;train;type1a;medium;type1a/medium
images/synthetic/syn_v2_2026091401_09652.jpg;train;type1b;medium;type1b/medium
images/synthetic/syn_v2_2026091401_09653.jpg;train;type1;medium;type1/medium
images/synthetic/syn_v2_2026091401_09654.jpg;train;type1b;medium;type1b/medium
images/synthetic/syn_v2_2026091401_09655.jpg;train;type1;easy;type1/easy
images/synthetic/syn_v2_2026091401_09656.jpg;val;type1;medium;type1/medium
images/synthetic/syn_v2_2026091401_09657.jpg;train;type1;hard;type1/hard
images/synthetic/syn_v2_2026091401_09658.jpg;train;type1;hard;type1/hard
images/synthetic/syn_v2_2026091401_09659.jpg;train;type1b;easy;type1b/easy
images/synthetic/syn_v2_2026091401_09660.jpg;train;type1b;easy;type1b/easy
images/synthetic/syn_v2_2026091401_09661.jpg;train;type1a;easy;type1a/easy
images/synthetic/syn_v2_2026091401_09662.jpg;train;type1a;medium;type1a/medium
images/synthetic/syn_v2_2026091401_09663.jpg;train;type1b;medium;type1b/medium
images/synthetic/syn_v2_2026091401_09664.jpg;train;type1a;medium;type1a/medium
images/synthetic/syn_v2_2026091401_09665.jpg;train;type1b;medium;type1b/medium
images/synthetic/syn_v2_2026091401_09666.jpg;train;type1a;medium;type1a/medium
images/synthetic/syn_v2_2026091401_09667.jpg;train;type1a;hard;type1a/hard
images/synthetic/syn_v2_2026091401_09668.jpg;val;type1b;medium;type1b/medium
images/synthetic/syn_v2_2026091401_09669.jpg;train;type1a;medium;type1a/medium
images/synthetic/syn_v2_2026091401_09670.jpg;train;type1a;easy;type1a/easy
images/synthetic/syn_v2_2026091401_09671.jpg;train;type1b;easy;type1b/easy
images/synthetic/syn_v2_2026091401_09672.jpg;train;type1;easy;type1/easy
images/synthetic/syn_v2_2026091401_09673.jpg;train;type1;hard;type1/hard
images/synthetic/syn_v2_2026091401_09674.jpg;val;type1b;easy;type1b/easy
images/synthetic/syn_v2_2026091401_09675.jpg;train;type1;medium;type1/medium
images/synthetic/syn_v2_2026091401_09676.jpg;train;type1b;medium;type1b/medium
images/synthetic/syn_v2_2026091401_09677.jpg;val;type1a;medium;type1a/medium
images/synthetic/syn_v2_2026091401_09678.jpg;train;type1b;medium;type1b/medium
images/synthetic/syn_v2_2026091401_09679.jpg;train;type1a;hard;type1a/hard
images/synthetic/syn_v2_2026091401_09680.jpg;train;type1b;easy;type1b/easy
images/synthetic/syn_v2_2026091401_09681.jpg;train;type1a;medium;type1a/medium
images/synthetic/syn_v2_2026091401_09682.jpg;val;type1b;easy;type1b/easy
images/synthetic/syn_v2_2026091401_09683.jpg;train;type1a;easy;type1a/easy
images/synthetic/syn_v2_2026091401_09684.jpg;train;type1b;easy;type1b/easy
images/synthetic/syn_v2_2026091401_09685.jpg;train;type1a;medium;type1a/medium
images/synthetic/syn_v2_2026091401_09686.jpg;train;type1a;medium;type1a/medium
images/synthetic/syn_v2_2026091401_09687.jpg;train;type1a;easy;type1a/easy
images/synthetic/syn_v2_2026091401_09688.jpg;val;type1a;medium;type1a/medium
images/synthetic/syn_v2_2026091401_09689.jpg;train;type1a;easy;type1a/easy
images/synthetic/syn_v2_2026091401_09690.jpg;train;type1b;medium;type1b/medium
images/synthetic/syn_v2_2026091401_09691.jpg;train;type1b;hard;type1b/hard
images/synthetic/syn_v2_2026091401_09692.jpg;train;type1b;easy;type1b/easy
images/synthetic/syn_v2_2026091401_09693.jpg;train;type1b;medium;type1b/medium
images/synthetic/syn_v2_2026091401_09694.jpg;train;type1b;medium;type1b/medium
images/synthetic/syn_v2_2026091401_09695.jpg;train;type1;hard;type1/hard
images/synthetic/syn_v2_2026091401_09696.jpg;train;type1b;hard;type1b/hard
images/synthetic/syn_v2_2026091401_09697.jpg;train;type1a;hard;type1a/hard
images/synthetic/syn_v2_2026091401_09698.jpg;train;type1b;medium;type1b/medium
images/synthetic/syn_v2_2026091401_09699.jpg;train;type1b;easy;type1b/easy
images/synthetic/syn_v2_2026091401_09700.jpg;train;type1b;medium;type1b/medium
images/synthetic/syn_v2_2026091401_09701.jpg;train;type1;easy;type1/easy
images/synthetic/syn_v2_2026091401_09702.jpg;test;type1a;medium;type1a/medium
images/synthetic/syn_v2_2026091401_09703.jpg;train;type1;medium;type1/medium
images/synthetic/syn_v2_2026091401_09704.jpg;train;type1b;hard;type1b/hard
images/synthetic/syn_v2_2026091401_09705.jpg;train;type1a;medium;type1a/medium
images/synthetic/syn_v2_2026091401_09706.jpg;train;type1a;hard;type1a/hard
images/synthetic/syn_v2_2026091401_09707.jpg;train;type1;easy;type1/easy
images/synthetic/syn_v2_2026091401_09708.jpg;train;type1;easy;type1/easy
images/synthetic/syn_v2_2026091401_09709.jpg;val;type1b;medium;type1b/medium
images/synthetic/syn_v2_2026091401_09710.jpg;train;type1a;easy;type1a/easy
images/synthetic/syn_v2_2026091401_09711.jpg;val;type1;medium;type1/medium
images/synthetic/syn_v2_2026091401_09712.jpg;train;type1;medium;type1/medium
images/synthetic/syn_v2_2026091401_09713.jpg;train;type1b;medium;type1b/medium
images/synthetic/syn_v2_2026091401_09714.jpg;val;type1b;medium;type1b/medium
images/synthetic/syn_v2_2026091401_09715.jpg;train;type1a;easy;type1a/easy
images/synthetic/syn_v2_2026091401_09716.jpg;train;type1a;hard;type1a/hard
images/synthetic/syn_v2_2026091401_09717.jpg;train;type1b;medium;type1b/medium
images/synthetic/syn_v2_2026091401_09718.jpg;train;type1b;medium;type1b/medium
images/synthetic/syn_v2_2026091401_09719.jpg;train;type1b;easy;type1b/easy
images/synthetic/syn_v2_2026091401_09720.jpg;train;type1a;medium;type1a/medium
images/synthetic/syn_v2_2026091401_09721.jpg;train;type1a;hard;type1a/hard
images/synthetic/syn_v2_2026091401_09722.jpg;train;type1a;easy;type1a/easy
images/synthetic/syn_v2_2026091401_09723.jpg;train;type1b;medium;type1b/medium
images/synthetic/syn_v2_2026091401_09724.jpg;train;type1b;medium;type1b/medium
images/synthetic/syn_v2_2026091401_09725.jpg;val;type1a;medium;type1a/medium
images/synthetic/syn_v2_2026091401_09726.jpg;train;type1a;medium;type1a/medium
images/synthetic/syn_v2_2026091401_09727.jpg;val;type1b;easy;type1b/easy
images/synthetic/syn_v2_2026091401_09728.jpg;train;type1a;hard;type1a/hard
images/synthetic/syn_v2_2026091401_09729.jpg;train;type1;easy;type1/easy
images/synthetic/syn_v2_2026091401_09730.jpg;train;type1a;medium;type1a/medium
images/synthetic/syn_v2_2026091401_09731.jpg;train;type1a;medium;type1a/medium
images/synthetic/syn_v2_2026091401_09732.jpg;train;type1a;hard;type1a/hard
images/synthetic/syn_v2_2026091401_09733.jpg;train;type1b;easy;type1b/easy
images/synthetic/syn_v2_2026091401_09734.jpg;val;type1b;medium;type1b/medium
images/synthetic/syn_v2_2026091401_09735.jpg;train;type1a;medium;type1a/medium
images/synthetic/syn_v2_2026091401_09736.jpg;train;type1a;medium;type1a/medium
images/synthetic/syn_v2_2026091401_09737.jpg;train;type1a;hard;type1a/hard
images/synthetic/syn_v2_2026091401_09738.jpg;train;type1b;medium;type1b/medium
images/synthetic/syn_v2_2026091401_09739.jpg;train;type1a;medium;type1a/medium
images/synthetic/syn_v2_2026091401_09740.jpg;train;type1b;easy;type1b/easy
images/synthetic/syn_v2_2026091401_09741.jpg;train;type1a;hard;type1a/hard
images/synthetic/syn_v2_2026091401_09742.jpg;train;type1a;hard;type1a/hard
images/synthetic/syn_v2_2026091401_09743.jpg;train;type1a;medium;type1a/medium
images/synthetic/syn_v2_2026091401_09744.jpg;train;type1;easy;type1/easy
images/synthetic/syn_v2_2026091401_09745.jpg;train;type1b;easy;type1b/easy
images/synthetic/syn_v2_2026091401_09746.jpg;train;type1;medium;type1/medium
images/synthetic/syn_v2_2026091401_09747.jpg;val;type1a;medium;type1a/medium
images/synthetic/syn_v2_2026091401_09748.jpg;test;type1a;medium;type1a/medium
images/synthetic/syn_v2_2026091401_09749.jpg;train;type1;medium;type1/medium
images/synthetic/syn_v2_2026091401_09750.jpg;val;type1;hard;type1/hard
images/synthetic/syn_v2_2026091401_09751.jpg;train;type1b;medium;type1b/medium
images/synthetic/syn_v2_2026091401_09752.jpg;train;type1a;easy;type1a/easy
images/synthetic/syn_v2_2026091401_09753.jpg;val;type1b;easy;type1b/easy
images/synthetic/syn_v2_2026091401_09754.jpg;train;type1a;medium;type1a/medium
images/synthetic/syn_v2_2026091401_09755.jpg;train;type1a;easy;type1a/easy
images/synthetic/syn_v2_2026091401_09756.jpg;train;type1;easy;type1/easy
images/synthetic/syn_v2_2026091401_09757.jpg;train;type1a;medium;type1a/medium
images/synthetic/syn_v2_2026091401_09758.jpg;train;type1b;easy;type1b/easy
images/synthetic/syn_v2_2026091401_09759.jpg;train;type1b;medium;type1b/medium
images/synthetic/syn_v2_2026091401_09760.jpg;train;type1a;medium;type1a/medium
images/synthetic/syn_v2_2026091401_09761.jpg;train;type1a;medium;type1a/medium
images/synthetic/syn_v2_2026091401_09762.jpg;train;type1b;medium;type1b/medium
images/synthetic/syn_v2_2026091401_09763.jpg;train;type1a;medium;type1a/medium
images/synthetic/syn_v2_2026091401_09764.jpg;train;type1b;hard;type1b/hard
images/synthetic/syn_v2_2026091401_09765.jpg;train;type1a;easy;type1a/easy
images/synthetic/syn_v2_2026091401_09766.jpg;train;type1b;medium;type1b/medium
images/synthetic/syn_v2_2026091401_09767.jpg;val;type1b;medium;type1b/medium
images/synthetic/syn_v2_2026091401_09768.jpg;train;type1;hard;type1/hard
images/synthetic/syn_v2_2026091401_09769.jpg;train;type1a;medium;type1a/medium
images/synthetic/syn_v2_2026091401_09770.jpg;train;type1b;easy;type1b/easy
images/synthetic/syn_v2_2026091401_09771.jpg;train;type1a;hard;type1a/hard
images/synthetic/syn_v2_2026091401_09772.jpg;train;type1b;easy;type1b/easy
images/synthetic/syn_v2_2026091401_09773.jpg;train;type1;medium;type1/medium
images/synthetic/syn_v2_2026091401_09774.jpg;train;type1a;easy;type1a/easy
images/synthetic/syn_v2_2026091401_09775.jpg;val;type1b;easy;type1b/easy
images/synthetic/syn_v2_2026091401_09776.jpg;train;type1b;medium;type1b/medium
images/synthetic/syn_v2_2026091401_09777.jpg;train;type1a;medium;type1a/medium
images/synthetic/syn_v2_2026091401_09778.jpg;train;type1a;easy;type1a/easy
images/synthetic/syn_v2_2026091401_09779.jpg;train;type1b;medium;type1b/medium
images/synthetic/syn_v2_2026091401_09780.jpg;train;type1a;easy;type1a/easy
images/synthetic/syn_v2_2026091401_09781.jpg;train;type1b;medium;type1b/medium
images/synthetic/syn_v2_2026091401_09782.jpg;train;type1b;hard;type1b/hard
images/synthetic/syn_v2_2026091401_09783.jpg;train;type1a;medium;type1a/medium
images/synthetic/syn_v2_2026091401_09784.jpg;train;type1a;medium;type1a/medium
images/synthetic/syn_v2_2026091401_09785.jpg;train;type1b;easy;type1b/easy
images/synthetic/syn_v2_2026091401_09786.jpg;train;type1a;easy;type1a/easy
images/synthetic/syn_v2_2026091401_09787.jpg;train;type1b;easy;type1b/easy
images/synthetic/syn_v2_2026091401_09788.jpg;train;type1a;hard;type1a/hard
images/synthetic/syn_v2_2026091401_09789.jpg;val;type1b;medium;type1b/medium
images/synthetic/syn_v2_2026091401_09790.jpg;train;type1b;hard;type1b/hard
images/synthetic/syn_v2_2026091401_09791.jpg;test;type1b;hard;type1b/hard
images/synthetic/syn_v2_2026091401_09792.jpg;train;type1;easy;type1/easy
images/synthetic/syn_v2_2026091401_09793.jpg;train;type1;hard;type1/hard
images/synthetic/syn_v2_2026091401_09794.jpg;train;type1a;hard;type1a/hard
images/synthetic/syn_v2_2026091401_09795.jpg;train;type1;easy;type1/easy
images/synthetic/syn_v2_2026091401_09796.jpg;train;type1b;easy;type1b/easy
images/synthetic/syn_v2_2026091401_09797.jpg;train;type1b;hard;type1b/hard
images/synthetic/syn_v2_2026091401_09798.jpg;train;type1;medium;type1/medium
images/synthetic/syn_v2_2026091401_09799.jpg;train;type1a;hard;type1a/hard
images/synthetic/syn_v2_2026091401_09800.jpg;train;type1b;easy;type1b/easy
images/synthetic/syn_v2_2026091401_09801.jpg;train;type1a;hard;type1a/hard
images/synthetic/syn_v2_2026091401_09802.jpg;train;type1a;medium;type1a/medium
images/synthetic/syn_v2_2026091401_09803.jpg;train;type1b;hard;type1b/hard
images/synthetic/syn_v2_2026091401_09804.jpg;train;type1a;easy;type1a/easy
images/synthetic/syn_v2_2026091401_09805.jpg;train;type1a;medium;type1a/medium
images/synthetic/syn_v2_2026091401_09806.jpg;train;type1a;easy;type1a/easy
images/synthetic/syn_v2_2026091401_09807.jpg;train;type1b;hard;type1b/hard
images/synthetic/syn_v2_2026091401_09808.jpg;train;type1a;easy;type1a/easy
images/synthetic/syn_v2_2026091401_09809.jpg;train;type1b;medium;type1b/medium
images/synthetic/syn_v2_2026091401_09810.jpg;test;type1;easy;type1/easy
images/synthetic/syn_v2_2026091401_09811.jpg;train;type1b;easy;type1b/easy
images/synthetic/syn_v2_2026091401_09812.jpg;train;type1b;easy;type1b/easy
images/synthetic/syn_v2_2026091401_09813.jpg;train;type1b;medium;type1b/medium
images/synthetic/syn_v2_2026091401_09814.jpg;train;type1;medium;type1/medium
images/synthetic/syn_v2_2026091401_09815.jpg;train;type1a;easy;type1a/easy
images/synthetic/syn_v2_2026091401_09816.jpg;train;type1;hard;type1/hard
images/synthetic/syn_v2_2026091401_09817.jpg;train;type1;hard;type1/hard
images/synthetic/syn_v2_2026091401_09818.jpg;train;type1;easy;type1/easy
images/synthetic/syn_v2_2026091401_09819.jpg;train;type1;medium;type1/medium
images/synthetic/syn_v2_2026091401_09820.jpg;train;type1b;medium;type1b/medium
images/synthetic/syn_v2_2026091401_09821.jpg;train;type1b;hard;type1b/hard
images/synthetic/syn_v2_2026091401_09822.jpg;train;type1b;medium;type1b/medium
images/synthetic/syn_v2_2026091401_09823.jpg;train;type1a;easy;type1a/easy
images/synthetic/syn_v2_2026091401_09824.jpg;test;type1b;medium;type1b/medium
images/synthetic/syn_v2_2026091401_09825.jpg;train;type1a;medium;type1a/medium
images/synthetic/syn_v2_2026091401_09826.jpg;train;type1b;hard;type1b/hard
images/synthetic/syn_v2_2026091401_09827.jpg;train;type1a;easy;type1a/easy
images/synthetic/syn_v2_2026091401_09828.jpg;train;type1b;medium;type1b/medium
images/synthetic/syn_v2_2026091401_09829.jpg;train;type1b;medium;type1b/medium
images/synthetic/syn_v2_2026091401_09830.jpg;train;type1b;hard;type1b/hard
images/synthetic/syn_v2_2026091401_09831.jpg;train;type1b;medium;type1b/medium
images/synthetic/syn_v2_2026091401_09832.jpg;train;type1b;easy;type1b/easy
images/synthetic/syn_v2_2026091401_09833.jpg;train;type1b;hard;type1b/hard
images/synthetic/syn_v2_2026091401_09834.jpg;train;type1a;easy;type1a/easy
images/synthetic/syn_v2_2026091401_09835.jpg;train;type1b;easy;type1b/easy
images/synthetic/syn_v2_2026091401_09836.jpg;train;type1a;hard;type1a/hard
images/synthetic/syn_v2_2026091401_09837.jpg;train;type1b;easy;type1b/easy
images/synthetic/syn_v2_2026091401_09838.jpg;train;type1;easy;type1/easy
images/synthetic/syn_v2_2026091401_09839.jpg;train;type1b;easy;type1b/easy
images/synthetic/syn_v2_2026091401_09840.jpg;val;type1b;easy;type1b/easy
images/synthetic/syn_v2_2026091401_09841.jpg;train;type1;medium;type1/medium
images/synthetic/syn_v2_2026091401_09842.jpg;train;type1b;medium;type1b/medium
images/synthetic/syn_v2_2026091401_09843.jpg;train;type1;easy;type1/easy
images/synthetic/syn_v2_2026091401_09844.jpg;train;type1;hard;type1/hard
images/synthetic/syn_v2_2026091401_09845.jpg;train;type1b;hard;type1b/hard
images/synthetic/syn_v2_2026091401_09846.jpg;train;type1a;medium;type1a/medium
images/synthetic/syn_v2_2026091401_09847.jpg;train;type1a;easy;type1a/easy
images/synthetic/syn_v2_2026091401_09848.jpg;val;type1b;easy;type1b/easy
images/synthetic/syn_v2_2026091401_09849.jpg;val;type1;medium;type1/medium
images/synthetic/syn_v2_2026091401_09850.jpg;val;type1a;medium;type1a/medium
images/synthetic/syn_v2_2026091401_09851.jpg;train;type1;medium;type1/medium
images/synthetic/syn_v2_2026091401_09852.jpg;train;type1a;medium;type1a/medium
images/synthetic/syn_v2_2026091401_09853.jpg;train;type1a;easy;type1a/easy
images/synthetic/syn_v2_2026091401_09854.jpg;train;type1b;medium;type1b/medium
images/synthetic/syn_v2_2026091401_09855.jpg;train;type1b;hard;type1b/hard
images/synthetic/syn_v2_2026091401_09856.jpg;train;type1a;easy;type1a/easy
images/synthetic/syn_v2_2026091401_09857.jpg;train;type1a;easy;type1a/easy
images/synthetic/syn_v2_2026091401_09858.jpg;val;type1b;hard;type1b/hard
images/synthetic/syn_v2_2026091401_09859.jpg;train;type1a;easy;type1a/easy
images/synthetic/syn_v2_2026091401_09860.jpg;test;type1;easy;type1/easy
images/synthetic/syn_v2_2026091401_09861.jpg;train;type1;easy;type1/easy
images/synthetic/syn_v2_2026091401_09862.jpg;train;type1b;medium;type1b/medium
images/synthetic/syn_v2_2026091401_09863.jpg;train;type1a;medium;type1a/medium
images/synthetic/syn_v2_2026091401_09864.jpg;train;type1a;hard;type1a/hard
images/synthetic/syn_v2_2026091401_09865.jpg;train;type1b;easy;type1b/easy
images/synthetic/syn_v2_2026091401_09866.jpg;train;type1b;medium;type1b/medium
images/synthetic/syn_v2_2026091401_09867.jpg;train;type1b;medium;type1b/medium
images/synthetic/syn_v2_2026091401_09868.jpg;train;type1b;medium;type1b/medium
images/synthetic/syn_v2_2026091401_09869.jpg;train;type1;medium;type1/medium
images/synthetic/syn_v2_2026091401_09870.jpg;train;type1b;easy;type1b/easy
images/synthetic/syn_v2_2026091401_09871.jpg;train;type1b;easy;type1b/easy
images/synthetic/syn_v2_2026091401_09872.jpg;train;type1b;easy;type1b/easy
images/synthetic/syn_v2_2026091401_09873.jpg;train;type1b;easy;type1b/easy
images/synthetic/syn_v2_2026091401_09874.jpg;train;type1b;easy;type1b/easy
images/synthetic/syn_v2_2026091401_09875.jpg;test;type1b;hard;type1b/hard
images/synthetic/syn_v2_2026091401_09876.jpg;train;type1b;medium;type1b/medium
images/synthetic/syn_v2_2026091401_09877.jpg;train;type1b;medium;type1b/medium
images/synthetic/syn_v2_2026091401_09878.jpg;train;type1a;medium;type1a/medium
images/synthetic/syn_v2_2026091401_09879.jpg;test;type1a;medium;type1a/medium
images/synthetic/syn_v2_2026091401_09880.jpg;train;type1a;hard;type1a/hard
images/synthetic/syn_v2_2026091401_09881.jpg;train;type1b;hard;type1b/hard
images/synthetic/syn_v2_2026091401_09882.jpg;train;type1a;medium;type1a/medium
images/synthetic/syn_v2_2026091401_09883.jpg;train;type1a;medium;type1a/medium
images/synthetic/syn_v2_2026091401_09884.jpg;train;type1a;medium;type1a/medium
images/synthetic/syn_v2_2026091401_09885.jpg;train;type1a;easy;type1a/easy
images/synthetic/syn_v2_2026091401_09886.jpg;train;type1a;medium;type1a/medium
images/synthetic/syn_v2_2026091401_09887.jpg;train;type1a;medium;type1a/medium
images/synthetic/syn_v2_2026091401_09888.jpg;train;type1a;hard;type1a/hard
images/synthetic/syn_v2_2026091401_09889.jpg;train;type1a;medium;type1a/medium
images/synthetic/syn_v2_2026091401_09890.jpg;val;type1a;hard;type1a/hard
images/synthetic/syn_v2_2026091401_09891.jpg;train;type1a;hard;type1a/hard
images/synthetic/syn_v2_2026091401_09892.jpg;train;type1b;hard;type1b/hard
images/synthetic/syn_v2_2026091401_09893.jpg;train;type1a;medium;type1a/medium
images/synthetic/syn_v2_2026091401_09894.jpg;train;type1;medium;type1/medium
images/synthetic/syn_v2_2026091401_09895.jpg;val;type1b;medium;type1b/medium
images/synthetic/syn_v2_2026091401_09896.jpg;train;type1a;hard;type1a/hard
images/synthetic/syn_v2_2026091401_09897.jpg;train;type1a;hard;type1a/hard
images/synthetic/syn_v2_2026091401_09898.jpg;train;type1b;medium;type1b/medium
images/synthetic/syn_v2_2026091401_09899.jpg;train;type1b;medium;type1b/medium
images/synthetic/syn_v2_2026091401_09900.jpg;train;type1b;medium;type1b/medium
images/synthetic/syn_v2_2026091401_09901.jpg;train;type1a;hard;type1a/hard
images/synthetic/syn_v2_2026091401_09902.jpg;train;type1b;medium;type1b/medium
images/synthetic/syn_v2_2026091401_09903.jpg;test;type1;hard;type1/hard
images/synthetic/syn_v2_2026091401_09904.jpg;train;type1a;medium;type1a/medium
images/synthetic/syn_v2_2026091401_09905.jpg;val;type1;hard;type1/hard
images/synthetic/syn_v2_2026091401_09906.jpg;train;type1b;easy;type1b/easy
images/synthetic/syn_v2_2026091401_09907.jpg;train;type1b;hard;type1b/hard
images/synthetic/syn_v2_2026091401_09908.jpg;train;type1b;medium;type1b/medium
images/synthetic/syn_v2_2026091401_09909.jpg;train;type1a;medium;type1a/medium
images/synthetic/syn_v2_2026091401_09910.jpg;train;type1a;medium;type1a/medium
images/synthetic/syn_v2_2026091401_09911.jpg;train;type1a;easy;type1a/easy
images/synthetic/syn_v2_2026091401_09912.jpg;train;type1;easy;type1/easy
images/synthetic/syn_v2_2026091401_09913.jpg;train;type1b;medium;type1b/medium
images/synthetic/syn_v2_2026091401_09914.jpg;train;type1b;medium;type1b/medium
images/synthetic/syn_v2_2026091401_09915.jpg;train;type1a;easy;type1a/easy
images/synthetic/syn_v2_2026091401_09916.jpg;train;type1b;medium;type1b/medium
images/synthetic/syn_v2_2026091401_09917.jpg;train;type1b;medium;type1b/medium
images/synthetic/syn_v2_2026091401_09918.jpg;train;type1a;hard;type1a/hard
images/synthetic/syn_v2_2026091401_09919.jpg;train;type1b;hard;type1b/hard
images/synthetic/syn_v2_2026091401_09920.jpg;train;type1b;medium;type1b/medium
images/synthetic/syn_v2_2026091401_09921.jpg;train;type1;easy;type1/easy
images/synthetic/syn_v2_2026091401_09922.jpg;train;type1a;medium;type1a/medium
images/synthetic/syn_v2_2026091401_09923.jpg;train;type1;medium;type1/medium
images/synthetic/syn_v2_2026091401_09924.jpg;train;type1a;hard;type1a/hard
images/synthetic/syn_v2_2026091401_09925.jpg;train;type1b;easy;type1b/easy
images/synthetic/syn_v2_2026091401_09926.jpg;train;type1a;easy;type1a/easy
images/synthetic/syn_v2_2026091401_09927.jpg;train;type1b;medium;type1b/medium
images/synthetic/syn_v2_2026091401_09928.jpg;train;type1b;medium;type1b/medium
images/synthetic/syn_v2_2026091401_09929.jpg;train;type1a;hard;type1a/hard
images/synthetic/syn_v2_2026091401_09930.jpg;val;type1b;medium;type1b/medium
images/synthetic/syn_v2_2026091401_09931.jpg;val;type1b;easy;type1b/easy
images/synthetic/syn_v2_2026091401_09932.jpg;train;type1b;easy;type1b/easy
images/synthetic/syn_v2_2026091401_09933.jpg;train;type1b;hard;type1b/hard
images/synthetic/syn_v2_2026091401_09934.jpg;train;type1a;easy;type1a/easy
images/synthetic/syn_v2_2026091401_09935.jpg;train;type1a;medium;type1a/medium
images/synthetic/syn_v2_2026091401_09936.jpg;train;type1a;easy;type1a/easy
images/synthetic/syn_v2_2026091401_09937.jpg;val;type1;medium;type1/medium
images/synthetic/syn_v2_2026091401_09938.jpg;train;type1b;easy;type1b/easy
images/synthetic/syn_v2_2026091401_09939.jpg;train;type1b;easy;type1b/easy
images/synthetic/syn_v2_2026091401_09940.jpg;train;type1b;medium;type1b/medium
images/synthetic/syn_v2_2026091401_09941.jpg;train;type1b;hard;type1b/hard
images/synthetic/syn_v2_2026091401_09942.jpg;train;type1b;medium;type1b/medium
images/synthetic/syn_v2_2026091401_09943.jpg;train;type1b;medium;type1b/medium
images/synthetic/syn_v2_2026091401_09944.jpg;train;type1b;medium;type1b/medium
images/synthetic/syn_v2_2026091401_09945.jpg;train;type1b;medium;type1b/medium
images/synthetic/syn_v2_2026091401_09946.jpg;train;type1;medium;type1/medium
images/synthetic/syn_v2_2026091401_09947.jpg;train;type1;easy;type1/easy
images/synthetic/syn_v2_2026091401_09948.jpg;train;type1b;hard;type1b/hard
images/synthetic/syn_v2_2026091401_09949.jpg;train;type1;medium;type1/medium
images/synthetic/syn_v2_2026091401_09950.jpg;train;type1b;easy;type1b/easy
images/synthetic/syn_v2_2026091401_09951.jpg;train;type1;easy;type1/easy
images/synthetic/syn_v2_2026091401_09952.jpg;train;type1a;medium;type1a/medium
images/synthetic/syn_v2_2026091401_09953.jpg;train;type1a;easy;type1a/easy
images/synthetic/syn_v2_2026091401_09954.jpg;train;type1;easy;type1/easy
images/synthetic/syn_v2_2026091401_09955.jpg;test;type1a;medium;type1a/medium
images/synthetic/syn_v2_2026091401_09956.jpg;train;type1a;medium;type1a/medium
images/synthetic/syn_v2_2026091401_09957.jpg;val;type1b;hard;type1b/hard
images/synthetic/syn_v2_2026091401_09958.jpg;train;type1a;hard;type1a/hard
images/synthetic/syn_v2_2026091401_09959.jpg;train;type1b;easy;type1b/easy
images/synthetic/syn_v2_2026091401_09960.jpg;test;type1b;medium;type1b/medium
images/synthetic/syn_v2_2026091401_09961.jpg;val;type1;easy;type1/easy
images/synthetic/syn_v2_2026091401_09962.jpg;train;type1b;medium;type1b/medium
images/synthetic/syn_v2_2026091401_09963.jpg;train;type1b;hard;type1b/hard
images/synthetic/syn_v2_2026091401_09964.jpg;train;type1a;easy;type1a/easy
images/synthetic/syn_v2_2026091401_09965.jpg;train;type1b;medium;type1b/medium
images/synthetic/syn_v2_2026091401_09966.jpg;train;type1b;easy;type1b/easy
images/synthetic/syn_v2_2026091401_09967.jpg;train;type1;easy;type1/easy
images/synthetic/syn_v2_2026091401_09968.jpg;train;type1b;easy;type1b/easy
images/synthetic/syn_v2_2026091401_09969.jpg;val;type1b;hard;type1b/hard
images/synthetic/syn_v2_2026091401_09970.jpg;test;type1b;hard;type1b/hard
images/synthetic/syn_v2_2026091401_09971.jpg;train;type1;hard;type1/hard
images/synthetic/syn_v2_2026091401_09972.jpg;train;type1a;hard;type1a/hard
images/synthetic/syn_v2_2026091401_09973.jpg;train;type1a;medium;type1a/medium
images/synthetic/syn_v2_2026091401_09974.jpg;train;type1a;easy;type1a/easy
images/synthetic/syn_v2_2026091401_09975.jpg;train;type1a;hard;type1a/hard
images/synthetic/syn_v2_2026091401_09976.jpg;test;type1;easy;type1/easy
images/synthetic/syn_v2_2026091401_09977.jpg;train;type1b;easy;type1b/easy
images/synthetic/syn_v2_2026091401_09978.jpg;train;type1b;medium;type1b/medium
images/synthetic/syn_v2_2026091401_09979.jpg;train;type1b;medium;type1b/medium
images/synthetic/syn_v2_2026091401_09980.jpg;train;type1a;medium;type1a/medium
images/synthetic/syn_v2_2026091401_09981.jpg;train;type1a;medium;type1a/medium
images/synthetic/syn_v2_2026091401_09982.jpg;train;type1a;easy;type1a/easy
images/synthetic/syn_v2_2026091401_09983.jpg;train;type1b;easy;type1b/easy
images/synthetic/syn_v2_2026091401_09984.jpg;train;type1;medium;type1/medium
images/synthetic/syn_v2_2026091401_09985.jpg;train;type1b;medium;type1b/medium
images/synthetic/syn_v2_2026091401_09986.jpg;train;type1b;medium;type1b/medium
images/synthetic/syn_v2_2026091401_09987.jpg;test;type1b;hard;type1b/hard
images/synthetic/syn_v2_2026091401_09988.jpg;train;type1b;hard;type1b/hard
images/synthetic/syn_v2_2026091401_09989.jpg;val;type1a;hard;type1a/hard
images/synthetic/syn_v2_2026091401_09990.jpg;train;type1a;medium;type1a/medium
images/synthetic/syn_v2_2026091401_09991.jpg;train;type1;hard;type1/hard
images/synthetic/syn_v2_2026091401_09992.jpg;train;type1;medium;type1/medium
images/synthetic/syn_v2_2026091401_09993.jpg;train;type1a;medium;type1a/medium
images/synthetic/syn_v2_2026091401_09994.jpg;val;type1b;easy;type1b/easy
images/synthetic/syn_v2_2026091401_09995.jpg;train;type1b;easy;type1b/easy
images/synthetic/syn_v2_2026091401_09996.jpg;train;type1b;hard;type1b/hard
images/synthetic/syn_v2_2026091401_09997.jpg;train;type1b;medium;type1b/medium
images/synthetic/syn_v2_2026091401_09998.jpg;test;type1b;medium;type1b/medium
images/synthetic/syn_v2_2026091401_09999.jpg;train;type1b;medium;type1b/medium
images/synthetic/syn_v2_2026091401_10000.jpg;train;type1;medium;type1/medium
images/synthetic/syn_v2_2026091401_10001.jpg;train;type1;easy;type1/easy
images/synthetic/syn_v2_2026091401_10002.jpg;val;type1a;medium;type1a/medium
images/synthetic/syn_v2_2026091401_10003.jpg;train;type1;hard;type1/hard
images/synthetic/syn_v2_2026091401_10004.jpg;train;type1b;easy;type1b/easy
images/synthetic/syn_v2_2026091401_10005.jpg;train;type1b;easy;type1b/easy
images/synthetic/syn_v2_2026091401_10006.jpg;train;type1b;medium;type1b/medium
images/synthetic/syn_v2_2026091401_10007.jpg;train;type1b;medium;type1b/medium
images/synthetic/syn_v2_2026091401_10008.jpg;train;type1;hard;type1/hard
images/synthetic/syn_v2_2026091401_10009.jpg;train;type1b;medium;type1b/medium
images/synthetic/syn_v2_2026091401_10010.jpg;train;type1b;easy;type1b/easy
images/synthetic/syn_v2_2026091401_10011.jpg;val;type1;hard;type1/hard
images/synthetic/syn_v2_2026091401_10012.jpg;train;type1a;hard;type1a/hard
images/synthetic/syn_v2_2026091401_10013.jpg;train;type1a;medium;type1a/medium
images/synthetic/syn_v2_2026091401_10014.jpg;val;type1;easy;type1/easy
images/synthetic/syn_v2_2026091401_10015.jpg;train;type1b;easy;type1b/easy
images/synthetic/syn_v2_2026091401_10016.jpg;val;type1b;easy;type1b/easy
images/synthetic/syn_v2_2026091401_10017.jpg;val;type1b;medium;type1b/medium
images/synthetic/syn_v2_2026091401_10018.jpg;train;type1;medium;type1/medium
images/synthetic/syn_v2_2026091401_10019.jpg;test;type1b;medium;type1b/medium
images/synthetic/syn_v2_2026091401_10020.jpg;train;type1b;medium;type1b/medium
images/synthetic/syn_v2_2026091401_10021.jpg;val;type1a;easy;type1a/easy
images/synthetic/syn_v2_2026091401_10022.jpg;train;type1b;hard;type1b/hard
images/synthetic/syn_v2_2026091401_10023.jpg;train;type1;medium;type1/medium
images/synthetic/syn_v2_2026091401_10024.jpg;train;type1a;hard;type1a/hard
images/synthetic/syn_v2_2026091401_10025.jpg;train;type1;medium;type1/medium
images/synthetic/syn_v2_2026091401_10026.jpg;train;type1a;easy;type1a/easy
images/synthetic/syn_v2_2026091401_10027.jpg;train;type1b;easy;type1b/easy
images/synthetic/syn_v2_2026091401_10028.jpg;train;type1a;medium;type1a/medium
images/synthetic/syn_v2_2026091401_10029.jpg;train;type1a;medium;type1a/medium
images/synthetic/syn_v2_2026091401_10030.jpg;train;type1a;hard;type1a/hard
images/synthetic/syn_v2_2026091401_10031.jpg;train;type1b;medium;type1b/medium
images/synthetic/syn_v2_2026091401_10032.jpg;train;type1;medium;type1/medium
images/synthetic/syn_v2_2026091401_10033.jpg;train;type1;easy;type1/easy
images/synthetic/syn_v2_2026091401_10034.jpg;val;type1b;medium;type1b/medium
images/synthetic/syn_v2_2026091401_10035.jpg;train;type1b;easy;type1b/easy
images/synthetic/syn_v2_2026091401_10036.jpg;train;type1b;easy;type1b/easy
images/synthetic/syn_v2_2026091401_10037.jpg;val;type1;hard;type1/hard
images/synthetic/syn_v2_2026091401_10038.jpg;val;type1a;medium;type1a/medium
images/synthetic/syn_v2_2026091401_10039.jpg;val;type1a;easy;type1a/easy
images/synthetic/syn_v2_2026091401_10040.jpg;train;type1a;hard;type1a/hard
images/synthetic/syn_v2_2026091401_10041.jpg;train;type1a;hard;type1a/hard
images/synthetic/syn_v2_2026091401_10042.jpg;val;type1;medium;type1/medium
images/synthetic/syn_v2_2026091401_10043.jpg;train;type1b;medium;type1b/medium
images/synthetic/syn_v2_2026091401_10044.jpg;train;type1a;hard;type1a/hard
images/synthetic/syn_v2_2026091401_10045.jpg;train;type1b;easy;type1b/easy
images/synthetic/syn_v2_2026091401_10046.jpg;train;type1b;easy;type1b/easy
images/synthetic/syn_v2_2026091401_10047.jpg;train;type1;medium;type1/medium
images/synthetic/syn_v2_2026091401_10048.jpg;train;type1b;easy;type1b/easy
images/synthetic/syn_v2_2026091401_10049.jpg;train;type1a;hard;type1a/hard
images/synthetic/syn_v2_2026091401_10050.jpg;train;type1;medium;type1/medium
images/synthetic/syn_v2_2026091401_10051.jpg;train;type1a;hard;type1a/hard
images/synthetic/syn_v2_2026091401_10052.jpg;train;type1b;easy;type1b/easy
images/synthetic/syn_v2_2026091401_10053.jpg;train;type1b;hard;type1b/hard
images/synthetic/syn_v2_2026091401_10054.jpg;train;type1b;easy;type1b/easy
images/synthetic/syn_v2_2026091401_10055.jpg;train;type1b;medium;type1b/medium
images/synthetic/syn_v2_2026091401_10056.jpg;train;type1a;easy;type1a/easy
images/synthetic/syn_v2_2026091401_10057.jpg;train;type1a;easy;type1a/easy
images/synthetic/syn_v2_2026091401_10058.jpg;train;type1;medium;type1/medium
images/synthetic/syn_v2_2026091401_10059.jpg;val;type1b;easy;type1b/easy
images/synthetic/syn_v2_2026091401_10060.jpg;train;type1b;hard;type1b/hard
images/synthetic/syn_v2_2026091401_10061.jpg;train;type1b;easy;type1b/easy
images/synthetic/syn_v2_2026091401_10062.jpg;train;type1b;medium;type1b/medium
images/synthetic/syn_v2_2026091401_10063.jpg;train;type1b;hard;type1b/hard
images/synthetic/syn_v2_2026091401_10064.jpg;train;type1b;medium;type1b/medium
images/synthetic/syn_v2_2026091401_10065.jpg;train;type1a;easy;type1a/easy
images/synthetic/syn_v2_2026091401_10066.jpg;train;type1a;easy;type1a/easy
images/synthetic/syn_v2_2026091401_10067.jpg;train;type1a;hard;type1a/hard
images/synthetic/syn_v2_2026091401_10068.jpg;train;type1b;medium;type1b/medium
images/synthetic/syn_v2_2026091401_10069.jpg;val;type1a;easy;type1a/easy
images/synthetic/syn_v2_2026091401_10070.jpg;train;type1;medium;type1/medium
images/synthetic/syn_v2_2026091401_10071.jpg;train;type1a;medium;type1a/medium
images/synthetic/syn_v2_2026091401_10072.jpg;train;type1b;medium;type1b/medium
images/synthetic/syn_v2_2026091401_10073.jpg;train;type1;medium;type1/medium
images/synthetic/syn_v2_2026091401_10074.jpg;train;type1;hard;type1/hard
images/synthetic/syn_v2_2026091401_10075.jpg;val;type1;medium;type1/medium
images/synthetic/syn_v2_2026091401_10076.jpg;train;type1a;hard;type1a/hard
images/synthetic/syn_v2_2026091401_10077.jpg;train;type1b;easy;type1b/easy
images/synthetic/syn_v2_2026091401_10078.jpg;test;type1b;easy;type1b/easy
images/synthetic/syn_v2_2026091401_10079.jpg;train;type1b;medium;type1b/medium
images/synthetic/syn_v2_2026091401_10080.jpg;train;type1a;hard;type1a/hard
images/synthetic/syn_v2_2026091401_10081.jpg;train;type1b;medium;type1b/medium
images/synthetic/syn_v2_2026091401_10082.jpg;train;type1;hard;type1/hard
images/synthetic/syn_v2_2026091401_10083.jpg;train;type1a;hard;type1a/hard
images/synthetic/syn_v2_2026091401_10084.jpg;train;type1a;medium;type1a/medium
images/synthetic/syn_v2_2026091401_10085.jpg;train;type1b;easy;type1b/easy
images/synthetic/syn_v2_2026091401_10086.jpg;train;type1a;medium;type1a/medium
images/synthetic/syn_v2_2026091401_10087.jpg;train;type1b;medium;type1b/medium
images/synthetic/syn_v2_2026091401_10088.jpg;train;type1b;medium;type1b/medium
images/synthetic/syn_v2_2026091401_10089.jpg;train;type1b;hard;type1b/hard
images/synthetic/syn_v2_2026091401_10090.jpg;val;type1b;medium;type1b/medium
images/synthetic/syn_v2_2026091401_10091.jpg;val;type1b;medium;type1b/medium
images/synthetic/syn_v2_2026091401_10092.jpg;train;type1a;easy;type1a/easy
images/synthetic/syn_v2_2026091401_10093.jpg;train;type1b;medium;type1b/medium
images/synthetic/syn_v2_2026091401_10094.jpg;train;type1b;hard;type1b/hard
images/synthetic/syn_v2_2026091401_10095.jpg;train;type1b;hard;type1b/hard
images/synthetic/syn_v2_2026091401_10096.jpg;train;type1b;easy;type1b/easy
images/synthetic/syn_v2_2026091401_10097.jpg;train;type1a;easy;type1a/easy
images/synthetic/syn_v2_2026091401_10098.jpg;train;type1;medium;type1/medium
images/synthetic/syn_v2_2026091401_10099.jpg;train;type1;medium;type1/medium
images/synthetic/syn_v2_2026091401_10100.jpg;train;type1a;medium;type1a/medium
images/synthetic/syn_v2_2026091401_10101.jpg;train;type1a;hard;type1a/hard
images/synthetic/syn_v2_2026091401_10102.jpg;train;type1a;easy;type1a/easy
images/synthetic/syn_v2_2026091401_10103.jpg;val;type1b;medium;type1b/medium
images/synthetic/syn_v2_2026091401_10104.jpg;train;type1b;medium;type1b/medium
images/synthetic/syn_v2_2026091401_10105.jpg;train;type1a;easy;type1a/easy
images/synthetic/syn_v2_2026091401_10106.jpg;train;type1a;hard;type1a/hard
images/synthetic/syn_v2_2026091401_10107.jpg;train;type1;hard;type1/hard
images/synthetic/syn_v2_2026091401_10108.jpg;train;type1a;medium;type1a/medium
images/synthetic/syn_v2_2026091401_10109.jpg;train;type1b;easy;type1b/easy
images/synthetic/syn_v2_2026091401_10110.jpg;train;type1a;hard;type1a/hard
images/synthetic/syn_v2_2026091401_10111.jpg;train;type1a;easy;type1a/easy
images/synthetic/syn_v2_2026091401_10112.jpg;train;type1a;easy;type1a/easy
images/synthetic/syn_v2_2026091401_10113.jpg;train;type1a;easy;type1a/easy
images/synthetic/syn_v2_2026091401_10114.jpg;train;type1b;easy;type1b/easy
images/synthetic/syn_v2_2026091401_10115.jpg;train;type1a;easy;type1a/easy
images/synthetic/syn_v2_2026091401_10116.jpg;train;type1;easy;type1/easy
images/synthetic/syn_v2_2026091401_10117.jpg;train;type1;easy;type1/easy
images/synthetic/syn_v2_2026091401_10118.jpg;train;type1a;medium;type1a/medium
images/synthetic/syn_v2_2026091401_10119.jpg;train;type1b;medium;type1b/medium
images/synthetic/syn_v2_2026091401_10120.jpg;train;type1b;hard;type1b/hard
images/synthetic/syn_v2_2026091401_10121.jpg;train;type1b;easy;type1b/easy
images/synthetic/syn_v2_2026091401_10122.jpg;train;type1b;medium;type1b/medium
images/synthetic/syn_v2_2026091401_10123.jpg;train;type1b;medium;type1b/medium
images/synthetic/syn_v2_2026091401_10124.jpg;train;type1b;hard;type1b/hard
images/synthetic/syn_v2_2026091401_10125.jpg;train;type1;hard;type1/hard
images/synthetic/syn_v2_2026091401_10126.jpg;train;type1;medium;type1/medium
images/synthetic/syn_v2_2026091401_10127.jpg;train;type1a;easy;type1a/easy
images/synthetic/syn_v2_2026091401_10128.jpg;val;type1b;hard;type1b/hard
images/synthetic/syn_v2_2026091401_10129.jpg;train;type1a;medium;type1a/medium
images/synthetic/syn_v2_2026091401_10130.jpg;train;type1a;medium;type1a/medium
images/synthetic/syn_v2_2026091401_10131.jpg;train;type1b;easy;type1b/easy
images/synthetic/syn_v2_2026091401_10132.jpg;train;type1b;easy;type1b/easy
images/synthetic/syn_v2_2026091401_10133.jpg;train;type1b;medium;type1b/medium
images/synthetic/syn_v2_2026091401_10134.jpg;train;type1;medium;type1/medium
images/synthetic/syn_v2_2026091401_10135.jpg;train;type1b;easy;type1b/easy
images/synthetic/syn_v2_2026091401_10136.jpg;val;type1b;easy;type1b/easy
images/synthetic/syn_v2_2026091401_10137.jpg;train;type1a;easy;type1a/easy
images/synthetic/syn_v2_2026091401_10138.jpg;train;type1;hard;type1/hard
images/synthetic/syn_v2_2026091401_10139.jpg;train;type1;easy;type1/easy
images/synthetic/syn_v2_2026091401_10140.jpg;train;type1b;easy;type1b/easy
images/synthetic/syn_v2_2026091401_10141.jpg;train;type1b;easy;type1b/easy
images/synthetic/syn_v2_2026091401_10142.jpg;train;type1;easy;type1/easy
images/synthetic/syn_v2_2026091401_10143.jpg;train;type1a;easy;type1a/easy
images/synthetic/syn_v2_2026091401_10144.jpg;train;type1a;medium;type1a/medium
images/synthetic/syn_v2_2026091401_10145.jpg;train;type1b;easy;type1b/easy
images/synthetic/syn_v2_2026091401_10146.jpg;train;type1b;hard;type1b/hard
images/synthetic/syn_v2_2026091401_10147.jpg;train;type1;easy;type1/easy
images/synthetic/syn_v2_2026091401_10148.jpg;train;type1a;easy;type1a/easy
images/synthetic/syn_v2_2026091401_10149.jpg;test;type1;hard;type1/hard
images/synthetic/syn_v2_2026091401_10150.jpg;train;type1;medium;type1/medium
images/synthetic/syn_v2_2026091401_10151.jpg;train;type1;easy;type1/easy
images/synthetic/syn_v2_2026091401_10152.jpg;train;type1a;easy;type1a/easy
images/synthetic/syn_v2_2026091401_10153.jpg;train;type1a;medium;type1a/medium
images/synthetic/syn_v2_2026091401_10154.jpg;train;type1;medium;type1/medium
images/synthetic/syn_v2_2026091401_10155.jpg;train;type1a;medium;type1a/medium
images/synthetic/syn_v2_2026091401_10156.jpg;train;type1;medium;type1/medium
images/synthetic/syn_v2_2026091401_10157.jpg;train;type1;medium;type1/medium
images/synthetic/syn_v2_2026091401_10158.jpg;train;type1a;easy;type1a/easy
images/synthetic/syn_v2_2026091401_10159.jpg;val;type1b;medium;type1b/medium
images/synthetic/syn_v2_2026091401_10160.jpg;train;type1a;easy;type1a/easy
images/synthetic/syn_v2_2026091401_10161.jpg;train;type1a;easy;type1a/easy
images/synthetic/syn_v2_2026091401_10162.jpg;test;type1;easy;type1/easy
images/synthetic/syn_v2_2026091401_10163.jpg;val;type1b;medium;type1b/medium
images/synthetic/syn_v2_2026091401_10164.jpg;train;type1b;hard;type1b/hard
images/synthetic/syn_v2_2026091401_10165.jpg;train;type1b;medium;type1b/medium
images/synthetic/syn_v2_2026091401_10166.jpg;train;type1a;easy;type1a/easy
images/synthetic/syn_v2_2026091401_10167.jpg;train;type1a;medium;type1a/medium
images/synthetic/syn_v2_2026091401_10168.jpg;train;type1b;easy;type1b/easy
images/synthetic/syn_v2_2026091401_10169.jpg;train;type1b;easy;type1b/easy
images/synthetic/syn_v2_2026091401_10170.jpg;train;type1b;easy;type1b/easy
images/synthetic/syn_v2_2026091401_10171.jpg;train;type1b;easy;type1b/easy
images/synthetic/syn_v2_2026091401_10172.jpg;train;type1a;easy;type1a/easy
images/synthetic/syn_v2_2026091401_10173.jpg;train;type1a;medium;type1a/medium
images/synthetic/syn_v2_2026091401_10174.jpg;train;type1a;easy;type1a/easy
images/synthetic/syn_v2_2026091401_10175.jpg;test;type1;medium;type1/medium
images/synthetic/syn_v2_2026091401_10176.jpg;train;type1b;easy;type1b/easy
images/synthetic/syn_v2_2026091401_10177.jpg;train;type1a;hard;type1a/hard
images/synthetic/syn_v2_2026091401_10178.jpg;train;type1a;medium;type1a/medium
images/synthetic/syn_v2_2026091401_10179.jpg;train;type1;hard;type1/hard
images/synthetic/syn_v2_2026091401_10180.jpg;train;type1;easy;type1/easy
images/synthetic/syn_v2_2026091401_10181.jpg;test;type1a;medium;type1a/medium
images/synthetic/syn_v2_2026091401_10182.jpg;train;type1a;easy;type1a/easy
images/synthetic/syn_v2_2026091401_10183.jpg;train;type1a;medium;type1a/medium
images/synthetic/syn_v2_2026091401_10184.jpg;train;type1a;easy;type1a/easy
images/synthetic/syn_v2_2026091401_10185.jpg;train;type1b;hard;type1b/hard
images/synthetic/syn_v2_2026091401_10186.jpg;train;type1b;medium;type1b/medium
images/synthetic/syn_v2_2026091401_10187.jpg;train;type1a;medium;type1a/medium
images/synthetic/syn_v2_2026091401_10188.jpg;train;type1a;easy;type1a/easy
images/synthetic/syn_v2_2026091401_10189.jpg;train;type1b;medium;type1b/medium
images/synthetic/syn_v2_2026091401_10190.jpg;train;type1;easy;type1/easy
images/synthetic/syn_v2_2026091401_10191.jpg;train;type1a;easy;type1a/easy
images/synthetic/syn_v2_2026091401_10192.jpg;train;type1;easy;type1/easy
images/synthetic/syn_v2_2026091401_10193.jpg;train;type1;medium;type1/medium
images/synthetic/syn_v2_2026091401_10194.jpg;train;type1;hard;type1/hard
images/synthetic/syn_v2_2026091401_10195.jpg;train;type1b;medium;type1b/medium
images/synthetic/syn_v2_2026091401_10196.jpg;train;type1;easy;type1/easy
images/synthetic/syn_v2_2026091401_10197.jpg;train;type1b;hard;type1b/hard
images/synthetic/syn_v2_2026091401_10198.jpg;train;type1b;easy;type1b/easy
images/synthetic/syn_v2_2026091401_10199.jpg;train;type1a;easy;type1a/easy
images/synthetic/syn_v2_2026091401_10200.jpg;train;type1a;medium;type1a/medium
images/synthetic/syn_v2_2026091401_10201.jpg;train;type1a;easy;type1a/easy
images/synthetic/syn_v2_2026091401_10202.jpg;train;type1b;medium;type1b/medium
images/synthetic/syn_v2_2026091401_10203.jpg;train;type1b;medium;type1b/medium
images/synthetic/syn_v2_2026091401_10204.jpg;val;type1a;medium;type1a/medium
images/synthetic/syn_v2_2026091401_10205.jpg;train;type1a;hard;type1a/hard
images/synthetic/syn_v2_2026091401_10206.jpg;train;type1a;hard;type1a/hard
images/synthetic/syn_v2_2026091401_10207.jpg;train;type1a;medium;type1a/medium
images/synthetic/syn_v2_2026091401_10208.jpg;train;type1;easy;type1/easy
images/synthetic/syn_v2_2026091401_10209.jpg;train;type1a;easy;type1a/easy
images/synthetic/syn_v2_2026091401_10210.jpg;train;type1b;medium;type1b/medium
images/synthetic/syn_v2_2026091401_10211.jpg;train;type1;hard;type1/hard
images/synthetic/syn_v2_2026091401_10212.jpg;train;type1;hard;type1/hard
images/synthetic/syn_v2_2026091401_10213.jpg;train;type1b;medium;type1b/medium
images/synthetic/syn_v2_2026091401_10214.jpg;train;type1b;medium;type1b/medium
images/synthetic/syn_v2_2026091401_10215.jpg;train;type1;medium;type1/medium
images/synthetic/syn_v2_2026091401_10216.jpg;train;type1a;easy;type1a/easy
images/synthetic/syn_v2_2026091401_10217.jpg;val;type1a;medium;type1a/medium
images/synthetic/syn_v2_2026091401_10218.jpg;train;type1a;hard;type1a/hard
images/synthetic/syn_v2_2026091401_10219.jpg;train;type1a;medium;type1a/medium
images/synthetic/syn_v2_2026091401_10220.jpg;train;type1a;medium;type1a/medium
images/synthetic/syn_v2_2026091401_10221.jpg;train;type1b;hard;type1b/hard
images/synthetic/syn_v2_2026091401_10222.jpg;train;type1b;hard;type1b/hard
images/synthetic/syn_v2_2026091401_10223.jpg;val;type1;medium;type1/medium
images/synthetic/syn_v2_2026091401_10224.jpg;train;type1;easy;type1/easy
images/synthetic/syn_v2_2026091401_10225.jpg;train;type1;medium;type1/medium
images/synthetic/syn_v2_2026091401_10226.jpg;train;type1;easy;type1/easy
images/synthetic/syn_v2_2026091401_10227.jpg;train;type1b;hard;type1b/hard
images/synthetic/syn_v2_2026091401_10228.jpg;train;type1a;easy;type1a/easy
images/synthetic/syn_v2_2026091401_10229.jpg;train;type1b;easy;type1b/easy
images/synthetic/syn_v2_2026091401_10230.jpg;train;type1a;medium;type1a/medium
images/synthetic/syn_v2_2026091401_10231.jpg;train;type1b;medium;type1b/medium
images/synthetic/syn_v2_2026091401_10232.jpg;train;type1a;medium;type1a/medium
images/synthetic/syn_v2_2026091401_10233.jpg;train;type1;hard;type1/hard
images/synthetic/syn_v2_2026091401_10234.jpg;train;type1a;medium;type1a/medium
images/synthetic/syn_v2_2026091401_10235.jpg;train;type1;easy;type1/easy
images/synthetic/syn_v2_2026091401_10236.jpg;train;type1;medium;type1/medium
images/synthetic/syn_v2_2026091401_10237.jpg;train;type1b;medium;type1b/medium
images/synthetic/syn_v2_2026091401_10238.jpg;train;type1b;easy;type1b/easy
images/synthetic/syn_v2_2026091401_10239.jpg;train;type1a;medium;type1a/medium
images/synthetic/syn_v2_2026091401_10240.jpg;train;type1b;medium;type1b/medium
images/synthetic/syn_v2_2026091401_10241.jpg;train;type1a;medium;type1a/medium
images/synthetic/syn_v2_2026091401_10242.jpg;train;type1;medium;type1/medium
images/synthetic/syn_v2_2026091401_10243.jpg;train;type1a;hard;type1a/hard
images/synthetic/syn_v2_2026091401_10244.jpg;train;type1a;medium;type1a/medium
images/synthetic/syn_v2_2026091401_10245.jpg;train;type1;easy;type1/easy
images/synthetic/syn_v2_2026091401_10246.jpg;val;type1a;medium;type1a/medium
images/synthetic/syn_v2_2026091401_10247.jpg;train;type1a;medium;type1a/medium
images/synthetic/syn_v2_2026091401_10248.jpg;train;type1a;easy;type1a/easy
images/synthetic/syn_v2_2026091401_10249.jpg;train;type1a;medium;type1a/medium
images/synthetic/syn_v2_2026091401_10250.jpg;test;type1b;easy;type1b/easy
images/synthetic/syn_v2_2026091401_10251.jpg;train;type1b;easy;type1b/easy
images/synthetic/syn_v2_2026091401_10252.jpg;train;type1a;hard;type1a/hard
images/synthetic/syn_v2_2026091401_10253.jpg;train;type1;medium;type1/medium
images/synthetic/syn_v2_2026091401_10254.jpg;train;type1a;medium;type1a/medium
images/synthetic/syn_v2_2026091401_10255.jpg;val;type1b;medium;type1b/medium
images/synthetic/syn_v2_2026091401_10256.jpg;train;type1;hard;type1/hard
images/synthetic/syn_v2_2026091401_10257.jpg;train;type1a;easy;type1a/easy
images/synthetic/syn_v2_2026091401_10258.jpg;train;type1;easy;type1/easy
images/synthetic/syn_v2_2026091401_10259.jpg;train;type1a;easy;type1a/easy
images/synthetic/syn_v2_2026091401_10260.jpg;train;type1b;easy;type1b/easy
images/synthetic/syn_v2_2026091401_10261.jpg;train;type1;medium;type1/medium
images/synthetic/syn_v2_2026091401_10262.jpg;train;type1a;medium;type1a/medium
images/synthetic/syn_v2_2026091401_10263.jpg;train;type1b;medium;type1b/medium
images/synthetic/syn_v2_2026091401_10264.jpg;val;type1b;medium;type1b/medium
images/synthetic/syn_v2_2026091401_10265.jpg;train;type1;medium;type1/medium
images/synthetic/syn_v2_2026091401_10266.jpg;train;type1a;hard;type1a/hard
images/synthetic/syn_v2_2026091401_10267.jpg;train;type1a;medium;type1a/medium
images/synthetic/syn_v2_2026091401_10268.jpg;train;type1b;medium;type1b/medium
images/synthetic/syn_v2_2026091401_10269.jpg;train;type1b;hard;type1b/hard
images/synthetic/syn_v2_2026091401_10270.jpg;train;type1a;medium;type1a/medium
images/synthetic/syn_v2_2026091401_10271.jpg;val;type1;easy;type1/easy
images/synthetic/syn_v2_2026091401_10272.jpg;train;type1b;medium;type1b/medium
images/synthetic/syn_v2_2026091401_10273.jpg;train;type1a;easy;type1a/easy
images/synthetic/syn_v2_2026091401_10274.jpg;train;type1;easy;type1/easy
images/synthetic/syn_v2_2026091401_10275.jpg;val;type1b;medium;type1b/medium
images/synthetic/syn_v2_2026091401_10276.jpg;val;type1a;easy;type1a/easy
images/synthetic/syn_v2_2026091401_10277.jpg;train;type1a;easy;type1a/easy
images/synthetic/syn_v2_2026091401_10278.jpg;train;type1b;hard;type1b/hard
images/synthetic/syn_v2_2026091401_10279.jpg;train;type1b;easy;type1b/easy
images/synthetic/syn_v2_2026091401_10280.jpg;train;type1;medium;type1/medium
images/synthetic/syn_v2_2026091401_10281.jpg;train;type1;medium;type1/medium
images/synthetic/syn_v2_2026091401_10282.jpg;train;type1b;medium;type1b/medium
images/synthetic/syn_v2_2026091401_10283.jpg;train;type1b;easy;type1b/easy
images/synthetic/syn_v2_2026091401_10284.jpg;train;type1a;easy;type1a/easy
images/synthetic/syn_v2_2026091401_10285.jpg;train;type1;easy;type1/easy
images/synthetic/syn_v2_2026091401_10286.jpg;train;type1b;hard;type1b/hard
images/synthetic/syn_v2_2026091401_10287.jpg;train;type1b;easy;type1b/easy
images/synthetic/syn_v2_2026091401_10288.jpg;train;type1b;medium;type1b/medium
images/synthetic/syn_v2_2026091401_10289.jpg;train;type1b;hard;type1b/hard
images/synthetic/syn_v2_2026091401_10290.jpg;train;type1a;hard;type1a/hard
images/synthetic/syn_v2_2026091401_10291.jpg;test;type1b;hard;type1b/hard
images/synthetic/syn_v2_2026091401_10292.jpg;val;type1a;easy;type1a/easy
images/synthetic/syn_v2_2026091401_10293.jpg;train;type1b;medium;type1b/medium
images/synthetic/syn_v2_2026091401_10294.jpg;train;type1a;medium;type1a/medium
images/synthetic/syn_v2_2026091401_10295.jpg;train;type1b;easy;type1b/easy
images/synthetic/syn_v2_2026091401_10296.jpg;train;type1b;medium;type1b/medium
images/synthetic/syn_v2_2026091401_10297.jpg;train;type1b;easy;type1b/easy
images/synthetic/syn_v2_2026091401_10298.jpg;val;type1b;medium;type1b/medium
images/synthetic/syn_v2_2026091401_10299.jpg;val;type1a;medium;type1a/medium
images/synthetic/syn_v2_2026091401_10300.jpg;train;type1a;medium;type1a/medium
images/synthetic/syn_v2_2026091401_10301.jpg;train;type1b;hard;type1b/hard
images/synthetic/syn_v2_2026091401_10302.jpg;train;type1a;medium;type1a/medium
images/synthetic/syn_v2_2026091401_10303.jpg;train;type1;easy;type1/easy
images/synthetic/syn_v2_2026091401_10304.jpg;train;type1b;easy;type1b/easy
images/synthetic/syn_v2_2026091401_10305.jpg;train;type1a;easy;type1a/easy
images/synthetic/syn_v2_2026091401_10306.jpg;train;type1a;medium;type1a/medium
images/synthetic/syn_v2_2026091401_10307.jpg;train;type1a;medium;type1a/medium
images/synthetic/syn_v2_2026091401_10308.jpg;train;type1b;hard;type1b/hard
images/synthetic/syn_v2_2026091401_10309.jpg;train;type1b;medium;type1b/medium
images/synthetic/syn_v2_2026091401_10310.jpg;test;type1b;medium;type1b/medium
images/synthetic/syn_v2_2026091401_10311.jpg;val;type1b;medium;type1b/medium
images/synthetic/syn_v2_2026091401_10312.jpg;train;type1a;medium;type1a/medium
images/synthetic/syn_v2_2026091401_10313.jpg;train;type1a;hard;type1a/hard
images/synthetic/syn_v2_2026091401_10314.jpg;train;type1a;medium;type1a/medium
images/synthetic/syn_v2_2026091401_10315.jpg;train;type1b;hard;type1b/hard
images/synthetic/syn_v2_2026091401_10316.jpg;train;type1b;hard;type1b/hard
images/synthetic/syn_v2_2026091401_10317.jpg;train;type1b;easy;type1b/easy
images/synthetic/syn_v2_2026091401_10318.jpg;train;type1;medium;type1/medium
images/synthetic/syn_v2_2026091401_10319.jpg;train;type1;easy;type1/easy
images/synthetic/syn_v2_2026091401_10320.jpg;train;type1b;hard;type1b/hard
images/synthetic/syn_v2_2026091401_10321.jpg;train;type1a;easy;type1a/easy
images/synthetic/syn_v2_2026091401_10322.jpg;train;type1b;medium;type1b/medium
images/synthetic/syn_v2_2026091401_10323.jpg;train;type1a;hard;type1a/hard
images/synthetic/syn_v2_2026091401_10324.jpg;train;type1;medium;type1/medium
images/synthetic/syn_v2_2026091401_10325.jpg;train;type1b;medium;type1b/medium
images/synthetic/syn_v2_2026091401_10326.jpg;train;type1b;medium;type1b/medium
images/synthetic/syn_v2_2026091401_10327.jpg;train;type1a;medium;type1a/medium
images/synthetic/syn_v2_2026091401_10328.jpg;train;type1b;medium;type1b/medium
images/synthetic/syn_v2_2026091401_10329.jpg;train;type1b;medium;type1b/medium
images/synthetic/syn_v2_2026091401_10330.jpg;train;type1;medium;type1/medium
images/synthetic/syn_v2_2026091401_10331.jpg;train;type1b;hard;type1b/hard
images/synthetic/syn_v2_2026091401_10332.jpg;val;type1b;easy;type1b/easy
images/synthetic/syn_v2_2026091401_10333.jpg;train;type1;hard;type1/hard
images/synthetic/syn_v2_2026091401_10334.jpg;train;type1b;easy;type1b/easy
images/synthetic/syn_v2_2026091401_10335.jpg;train;type1a;medium;type1a/medium
images/synthetic/syn_v2_2026091401_10336.jpg;train;type1a;easy;type1a/easy
images/synthetic/syn_v2_2026091401_10337.jpg;train;type1a;medium;type1a/medium
images/synthetic/syn_v2_2026091401_10338.jpg;val;type1a;easy;type1a/easy
images/synthetic/syn_v2_2026091401_10339.jpg;train;type1a;medium;type1a/medium
images/synthetic/syn_v2_2026091401_10340.jpg;train;type1a;easy;type1a/easy
images/synthetic/syn_v2_2026091401_10341.jpg;train;type1a;easy;type1a/easy
images/synthetic/syn_v2_2026091401_10342.jpg;train;type1b;easy;type1b/easy
images/synthetic/syn_v2_2026091401_10343.jpg;train;type1a;easy;type1a/easy
images/synthetic/syn_v2_2026091401_10344.jpg;train;type1a;easy;type1a/easy
images/synthetic/syn_v2_2026091401_10345.jpg;train;type1;medium;type1/medium
images/synthetic/syn_v2_2026091401_10346.jpg;train;type1a;easy;type1a/easy
images/synthetic/syn_v2_2026091401_10347.jpg;train;type1;easy;type1/easy
images/synthetic/syn_v2_2026091401_10348.jpg;val;type1a;easy;type1a/easy
images/synthetic/syn_v2_2026091401_10349.jpg;val;type1;medium;type1/medium
images/synthetic/syn_v2_2026091401_10350.jpg;train;type1;easy;type1/easy
images/synthetic/syn_v2_2026091401_10351.jpg;train;type1a;easy;type1a/easy
images/synthetic/syn_v2_2026091401_10352.jpg;train;type1;easy;type1/easy
images/synthetic/syn_v2_2026091401_10353.jpg;val;type1a;medium;type1a/medium
images/synthetic/syn_v2_2026091401_10354.jpg;train;type1;easy;type1/easy
images/synthetic/syn_v2_2026091401_10355.jpg;train;type1b;easy;type1b/easy
images/synthetic/syn_v2_2026091401_10356.jpg;train;type1b;medium;type1b/medium
images/synthetic/syn_v2_2026091401_10357.jpg;train;type1;medium;type1/medium
images/synthetic/syn_v2_2026091401_10358.jpg;train;type1a;medium;type1a/medium
images/synthetic/syn_v2_2026091401_10359.jpg;train;type1;medium;type1/medium
images/synthetic/syn_v2_2026091401_10360.jpg;train;type1a;medium;type1a/medium
images/synthetic/syn_v2_2026091401_10361.jpg;train;type1b;medium;type1b/medium
images/synthetic/syn_v2_2026091401_10362.jpg;train;type1a;medium;type1a/medium
images/synthetic/syn_v2_2026091401_10363.jpg;train;type1b;easy;type1b/easy
images/synthetic/syn_v2_2026091401_10364.jpg;train;type1b;medium;type1b/medium
images/synthetic/syn_v2_2026091401_10365.jpg;train;type1b;easy;type1b/easy
images/synthetic/syn_v2_2026091401_10366.jpg;train;type1a;medium;type1a/medium
images/synthetic/syn_v2_2026091401_10367.jpg;train;type1b;medium;type1b/medium
images/synthetic/syn_v2_2026091401_10368.jpg;train;type1b;hard;type1b/hard
images/synthetic/syn_v2_2026091401_10369.jpg;train;type1b;easy;type1b/easy
images/synthetic/syn_v2_2026091401_10370.jpg;train;type1b;medium;type1b/medium
images/synthetic/syn_v2_2026091401_10371.jpg;train;type1b;medium;type1b/medium
images/synthetic/syn_v2_2026091401_10372.jpg;train;type1;hard;type1/hard
images/synthetic/syn_v2_2026091401_10373.jpg;train;type1a;medium;type1a/medium
images/synthetic/syn_v2_2026091401_10374.jpg;train;type1a;medium;type1a/medium
images/synthetic/syn_v2_2026091401_10375.jpg;train;type1b;medium;type1b/medium
images/synthetic/syn_v2_2026091401_10376.jpg;train;type1b;easy;type1b/easy
images/synthetic/syn_v2_2026091401_10377.jpg;train;type1b;easy;type1b/easy
images/synthetic/syn_v2_2026091401_10378.jpg;train;type1b;medium;type1b/medium
images/synthetic/syn_v2_2026091401_10379.jpg;train;type1b;hard;type1b/hard
images/synthetic/syn_v2_2026091401_10380.jpg;train;type1;hard;type1/hard
images/synthetic/syn_v2_2026091401_10381.jpg;train;type1;hard;type1/hard
images/synthetic/syn_v2_2026091401_10382.jpg;train;type1b;easy;type1b/easy
images/synthetic/syn_v2_2026091401_10383.jpg;train;type1a;easy;type1a/easy
images/synthetic/syn_v2_2026091401_10384.jpg;val;type1b;hard;type1b/hard
images/synthetic/syn_v2_2026091401_10385.jpg;train;type1a;medium;type1a/medium
images/synthetic/syn_v2_2026091401_10386.jpg;train;type1a;easy;type1a/easy
images/synthetic/syn_v2_2026091401_10387.jpg;train;type1b;easy;type1b/easy
images/synthetic/syn_v2_2026091401_10388.jpg;train;type1a;hard;type1a/hard
images/synthetic/syn_v2_2026091401_10389.jpg;val;type1a;medium;type1a/medium
images/synthetic/syn_v2_2026091401_10390.jpg;train;type1b;hard;type1b/hard
images/synthetic/syn_v2_2026091401_10391.jpg;train;type1a;medium;type1a/medium
images/synthetic/syn_v2_2026091401_10392.jpg;train;type1b;easy;type1b/easy
images/synthetic/syn_v2_2026091401_10393.jpg;train;type1;medium;type1/medium
images/synthetic/syn_v2_2026091401_10394.jpg;train;type1a;medium;type1a/medium
images/synthetic/syn_v2_2026091401_10395.jpg;train;type1a;hard;type1a/hard
images/synthetic/syn_v2_2026091401_10396.jpg;train;type1b;medium;type1b/medium
images/synthetic/syn_v2_2026091401_10397.jpg;train;type1b;easy;type1b/easy
images/synthetic/syn_v2_2026091401_10398.jpg;train;type1;medium;type1/medium
images/synthetic/syn_v2_2026091401_10399.jpg;train;type1b;easy;type1b/easy
images/synthetic/syn_v2_2026091401_10400.jpg;train;type1a;easy;type1a/easy
images/synthetic/syn_v2_2026091401_10401.jpg;train;type1b;medium;type1b/medium
images/synthetic/syn_v2_2026091401_10402.jpg;train;type1a;medium;type1a/medium
images/synthetic/syn_v2_2026091401_10403.jpg;train;type1;hard;type1/hard
images/synthetic/syn_v2_2026091401_10404.jpg;train;type1a;easy;type1a/easy
images/synthetic/syn_v2_2026091401_10405.jpg;train;type1a;medium;type1a/medium
images/synthetic/syn_v2_2026091401_10406.jpg;train;type1b;medium;type1b/medium
images/synthetic/syn_v2_2026091401_10407.jpg;train;type1;easy;type1/easy
images/synthetic/syn_v2_2026091401_10408.jpg;train;type1b;medium;type1b/medium
images/synthetic/syn_v2_2026091401_10409.jpg;train;type1b;hard;type1b/hard
images/synthetic/syn_v2_2026091401_10410.jpg;train;type1;hard;type1/hard
images/synthetic/syn_v2_2026091401_10411.jpg;val;type1b;medium;type1b/medium
images/synthetic/syn_v2_2026091401_10412.jpg;train;type1a;medium;type1a/medium
images/synthetic/syn_v2_2026091401_10413.jpg;train;type1b;easy;type1b/easy
images/synthetic/syn_v2_2026091401_10414.jpg;train;type1b;medium;type1b/medium
images/synthetic/syn_v2_2026091401_10415.jpg;train;type1;hard;type1/hard
images/synthetic/syn_v2_2026091401_10416.jpg;train;type1;medium;type1/medium
images/synthetic/syn_v2_2026091401_10417.jpg;train;type1b;medium;type1b/medium
images/synthetic/syn_v2_2026091401_10418.jpg;train;type1b;easy;type1b/easy
images/synthetic/syn_v2_2026091401_10419.jpg;val;type1b;easy;type1b/easy
images/synthetic/syn_v2_2026091401_10420.jpg;train;type1b;easy;type1b/easy
images/synthetic/syn_v2_2026091401_10421.jpg;train;type1b;medium;type1b/medium
images/synthetic/syn_v2_2026091401_10422.jpg;train;type1b;easy;type1b/easy
images/synthetic/syn_v2_2026091401_10423.jpg;train;type1;easy;type1/easy
images/synthetic/syn_v2_2026091401_10424.jpg;train;type1b;easy;type1b/easy
images/synthetic/syn_v2_2026091401_10425.jpg;train;type1a;easy;type1a/easy
images/synthetic/syn_v2_2026091401_10426.jpg;train;type1a;medium;type1a/medium
images/synthetic/syn_v2_2026091401_10427.jpg;train;type1a;medium;type1a/medium
images/synthetic/syn_v2_2026091401_10428.jpg;train;type1b;easy;type1b/easy
images/synthetic/syn_v2_2026091401_10429.jpg;train;type1;easy;type1/easy
images/synthetic/syn_v2_2026091401_10430.jpg;train;type1a;easy;type1a/easy
images/synthetic/syn_v2_2026091401_10431.jpg;test;type1b;hard;type1b/hard
images/synthetic/syn_v2_2026091401_10432.jpg;train;type1;medium;type1/medium
images/synthetic/syn_v2_2026091401_10433.jpg;train;type1b;easy;type1b/easy
images/synthetic/syn_v2_2026091401_10434.jpg;train;type1b;easy;type1b/easy
images/synthetic/syn_v2_2026091401_10435.jpg;test;type1a;medium;type1a/medium
images/synthetic/syn_v2_2026091401_10436.jpg;train;type1;easy;type1/easy
images/synthetic/syn_v2_2026091401_10437.jpg;train;type1b;medium;type1b/medium
images/synthetic/syn_v2_2026091401_10438.jpg;train;type1a;medium;type1a/medium
images/synthetic/syn_v2_2026091401_10439.jpg;train;type1a;easy;type1a/easy
images/synthetic/syn_v2_2026091401_10440.jpg;train;type1a;hard;type1a/hard
images/synthetic/syn_v2_2026091401_10441.jpg;train;type1;hard;type1/hard
images/synthetic/syn_v2_2026091401_10442.jpg;train;type1a;medium;type1a/medium
images/synthetic/syn_v2_2026091401_10443.jpg;train;type1a;hard;type1a/hard
images/synthetic/syn_v2_2026091401_10444.jpg;train;type1b;medium;type1b/medium
images/synthetic/syn_v2_2026091401_10445.jpg;train;type1b;medium;type1b/medium
images/synthetic/syn_v2_2026091401_10446.jpg;train;type1;easy;type1/easy
images/synthetic/syn_v2_2026091401_10447.jpg;train;type1a;medium;type1a/medium
images/synthetic/syn_v2_2026091401_10448.jpg;train;type1a;hard;type1a/hard
images/synthetic/syn_v2_2026091401_10449.jpg;train;type1b;hard;type1b/hard
images/synthetic/syn_v2_2026091401_10450.jpg;test;type1;medium;type1/medium
images/synthetic/syn_v2_2026091401_10451.jpg;train;type1b;easy;type1b/easy
images/synthetic/syn_v2_2026091401_10452.jpg;train;type1a;easy;type1a/easy
images/synthetic/syn_v2_2026091401_10453.jpg;train;type1;hard;type1/hard
images/synthetic/syn_v2_2026091401_10454.jpg;train;type1b;easy;type1b/easy
images/synthetic/syn_v2_2026091401_10455.jpg;train;type1b;medium;type1b/medium
images/synthetic/syn_v2_2026091401_10456.jpg;train;type1a;easy;type1a/easy
images/synthetic/syn_v2_2026091401_10457.jpg;train;type1a;easy;type1a/easy
images/synthetic/syn_v2_2026091401_10458.jpg;train;type1b;medium;type1b/medium
images/synthetic/syn_v2_2026091401_10459.jpg;train;type1b;medium;type1b/medium
images/synthetic/syn_v2_2026091401_10460.jpg;test;type1b;medium;type1b/medium
images/synthetic/syn_v2_2026091401_10461.jpg;train;type1b;easy;type1b/easy
images/synthetic/syn_v2_2026091401_10462.jpg;train;type1b;easy;type1b/easy
images/synthetic/syn_v2_2026091401_10463.jpg;train;type1a;easy;type1a/easy
images/synthetic/syn_v2_2026091401_10464.jpg;train;type1b;hard;type1b/hard
images/synthetic/syn_v2_2026091401_10465.jpg;train;type1b;medium;type1b/medium
images/synthetic/syn_v2_2026091401_10466.jpg;train;type1a;easy;type1a/easy
images/synthetic/syn_v2_2026091401_10467.jpg;val;type1;easy;type1/easy
images/synthetic/syn_v2_2026091401_10468.jpg;test;type1a;easy;type1a/easy
images/synthetic/syn_v2_2026091401_10469.jpg;train;type1a;medium;type1a/medium
images/synthetic/syn_v2_2026091401_10470.jpg;train;type1b;hard;type1b/hard
images/synthetic/syn_v2_2026091401_10471.jpg;train;type1;easy;type1/easy
images/synthetic/syn_v2_2026091401_10472.jpg;train;type1;easy;type1/easy
images/synthetic/syn_v2_2026091401_10473.jpg;train;type1b;hard;type1b/hard
images/synthetic/syn_v2_2026091401_10474.jpg;val;type1b;easy;type1b/easy
images/synthetic/syn_v2_2026091401_10475.jpg;val;type1a;medium;type1a/medium
images/synthetic/syn_v2_2026091401_10476.jpg;train;type1a;medium;type1a/medium
images/synthetic/syn_v2_2026091401_10477.jpg;train;type1a;easy;type1a/easy
images/synthetic/syn_v2_2026091401_10478.jpg;train;type1a;easy;type1a/easy
images/synthetic/syn_v2_2026091401_10479.jpg;train;type1a;easy;type1a/easy
images/synthetic/syn_v2_2026091401_10480.jpg;train;type1;hard;type1/hard
images/synthetic/syn_v2_2026091401_10481.jpg;train;type1b;medium;type1b/medium
images/synthetic/syn_v2_2026091401_10482.jpg;test;type1;hard;type1/hard
images/synthetic/syn_v2_2026091401_10483.jpg;train;type1b;medium;type1b/medium
images/synthetic/syn_v2_2026091401_10484.jpg;train;type1a;easy;type1a/easy
images/synthetic/syn_v2_2026091401_10485.jpg;val;type1b;medium;type1b/medium
images/synthetic/syn_v2_2026091401_10486.jpg;train;type1b;easy;type1b/easy
images/synthetic/syn_v2_2026091401_10487.jpg;train;type1b;medium;type1b/medium
images/synthetic/syn_v2_2026091401_10488.jpg;train;type1b;medium;type1b/medium
images/synthetic/syn_v2_2026091401_10489.jpg;val;type1b;hard;type1b/hard
images/synthetic/syn_v2_2026091401_10490.jpg;train;type1b;easy;type1b/easy
images/synthetic/syn_v2_2026091401_10491.jpg;train;type1a;medium;type1a/medium
images/synthetic/syn_v2_2026091401_10492.jpg;train;type1a;easy;type1a/easy
images/synthetic/syn_v2_2026091401_10493.jpg;train;type1b;easy;type1b/easy
images/synthetic/syn_v2_2026091401_10494.jpg;val;type1a;medium;type1a/medium
images/synthetic/syn_v2_2026091401_10495.jpg;train;type1a;easy;type1a/easy
images/synthetic/syn_v2_2026091401_10496.jpg;train;type1b;easy;type1b/easy
images/synthetic/syn_v2_2026091401_10497.jpg;train;type1a;medium;type1a/medium
images/synthetic/syn_v2_2026091401_10498.jpg;train;type1a;hard;type1a/hard
images/synthetic/syn_v2_2026091401_10499.jpg;train;type1b;medium;type1b/medium
images/synthetic/syn_v2_2026091401_10500.jpg;train;type1b;hard;type1b/hard
images/synthetic/syn_v2_2026091401_10501.jpg;train;type1a;medium;type1a/medium
images/synthetic/syn_v2_2026091401_10502.jpg;test;type1b;hard;type1b/hard
images/synthetic/syn_v2_2026091401_10503.jpg;train;type1b;medium;type1b/medium
images/synthetic/syn_v2_2026091401_10504.jpg;train;type1b;medium;type1b/medium
images/synthetic/syn_v2_2026091401_10505.jpg;train;type1b;easy;type1b/easy
images/synthetic/syn_v2_2026091401_10506.jpg;train;type1;medium;type1/medium
images/synthetic/syn_v2_2026091401_10507.jpg;train;type1b;easy;type1b/easy
images/synthetic/syn_v2_2026091401_10508.jpg;train;type1b;easy;type1b/easy
images/synthetic/syn_v2_2026091401_10509.jpg;train;type1b;medium;type1b/medium
images/synthetic/syn_v2_2026091401_10510.jpg;train;type1a;easy;type1a/easy
images/synthetic/syn_v2_2026091401_10511.jpg;train;type1a;medium;type1a/medium
images/synthetic/syn_v2_2026091401_10512.jpg;train;type1a;medium;type1a/medium
images/synthetic/syn_v2_2026091401_10513.jpg;train;type1b;hard;type1b/hard
images/synthetic/syn_v2_2026091401_10514.jpg;train;type1a;medium;type1a/medium
images/synthetic/syn_v2_2026091401_10515.jpg;train;type1b;hard;type1b/hard
images/synthetic/syn_v2_2026091401_10516.jpg;train;type1a;hard;type1a/hard
images/synthetic/syn_v2_2026091401_10517.jpg;train;type1a;easy;type1a/easy
images/synthetic/syn_v2_2026091401_10518.jpg;train;type1a;easy;type1a/easy
images/synthetic/syn_v2_2026091401_10519.jpg;train;type1b;easy;type1b/easy
images/synthetic/syn_v2_2026091401_10520.jpg;train;type1;medium;type1/medium
images/synthetic/syn_v2_2026091401_10521.jpg;train;type1a;easy;type1a/easy
images/synthetic/syn_v2_2026091401_10522.jpg;train;type1;medium;type1/medium
images/synthetic/syn_v2_2026091401_10523.jpg;test;type1b;easy;type1b/easy
images/synthetic/syn_v2_2026091401_10524.jpg;train;type1b;easy;type1b/easy
images/synthetic/syn_v2_2026091401_10525.jpg;train;type1b;medium;type1b/medium
images/synthetic/syn_v2_2026091401_10526.jpg;train;type1a;easy;type1a/easy
images/synthetic/syn_v2_2026091401_10527.jpg;train;type1b;medium;type1b/medium
images/synthetic/syn_v2_2026091401_10528.jpg;train;type1;medium;type1/medium
images/synthetic/syn_v2_2026091401_10529.jpg;train;type1b;hard;type1b/hard
images/synthetic/syn_v2_2026091401_10530.jpg;train;type1b;medium;type1b/medium
images/synthetic/syn_v2_2026091401_10531.jpg;train;type1;easy;type1/easy
images/synthetic/syn_v2_2026091401_10532.jpg;train;type1a;medium;type1a/medium
images/synthetic/syn_v2_2026091401_10533.jpg;train;type1b;easy;type1b/easy
images/synthetic/syn_v2_2026091401_10534.jpg;train;type1b;medium;type1b/medium
images/synthetic/syn_v2_2026091401_10535.jpg;train;type1b;medium;type1b/medium
images/synthetic/syn_v2_2026091401_10536.jpg;train;type1a;medium;type1a/medium
images/synthetic/syn_v2_2026091401_10537.jpg;test;type1b;medium;type1b/medium
images/synthetic/syn_v2_2026091401_10538.jpg;val;type1;hard;type1/hard
images/synthetic/syn_v2_2026091401_10539.jpg;train;type1a;easy;type1a/easy
images/synthetic/syn_v2_2026091401_10540.jpg;train;type1;medium;type1/medium
images/synthetic/syn_v2_2026091401_10541.jpg;train;type1a;hard;type1a/hard
images/synthetic/syn_v2_2026091401_10542.jpg;train;type1a;easy;type1a/easy
images/synthetic/syn_v2_2026091401_10543.jpg;train;type1b;easy;type1b/easy
images/synthetic/syn_v2_2026091401_10544.jpg;test;type1b;medium;type1b/medium
images/synthetic/syn_v2_2026091401_10545.jpg;train;type1b;medium;type1b/medium
images/synthetic/syn_v2_2026091401_10546.jpg;train;type1;easy;type1/easy
images/synthetic/syn_v2_2026091401_10547.jpg;train;type1;medium;type1/medium
images/synthetic/syn_v2_2026091401_10548.jpg;train;type1a;easy;type1a/easy
images/synthetic/syn_v2_2026091401_10549.jpg;test;type1a;medium;type1a/medium
images/synthetic/syn_v2_2026091401_10550.jpg;train;type1a;medium;type1a/medium
images/synthetic/syn_v2_2026091401_10551.jpg;train;type1b;easy;type1b/easy
images/synthetic/syn_v2_2026091401_10552.jpg;train;type1;hard;type1/hard
images/synthetic/syn_v2_2026091401_10553.jpg;train;type1a;medium;type1a/medium
images/synthetic/syn_v2_2026091401_10554.jpg;train;type1a;easy;type1a/easy
images/synthetic/syn_v2_2026091401_10555.jpg;train;type1a;hard;type1a/hard
images/synthetic/syn_v2_2026091401_10556.jpg;train;type1b;easy;type1b/easy
images/synthetic/syn_v2_2026091401_10557.jpg;train;type1;medium;type1/medium
images/synthetic/syn_v2_2026091401_10558.jpg;train;type1b;medium;type1b/medium
images/synthetic/syn_v2_2026091401_10559.jpg;train;type1a;medium;type1a/medium
images/synthetic/syn_v2_2026091401_10560.jpg;test;type1b;easy;type1b/easy
images/synthetic/syn_v2_2026091401_10561.jpg;train;type1b;medium;type1b/medium
images/synthetic/syn_v2_2026091401_10562.jpg;train;type1b;hard;type1b/hard
images/synthetic/syn_v2_2026091401_10563.jpg;train;type1b;easy;type1b/easy
images/synthetic/syn_v2_2026091401_10564.jpg;test;type1a;medium;type1a/medium
images/synthetic/syn_v2_2026091401_10565.jpg;train;type1b;hard;type1b/hard
images/synthetic/syn_v2_2026091401_10566.jpg;train;type1b;easy;type1b/easy
images/synthetic/syn_v2_2026091401_10567.jpg;train;type1a;medium;type1a/medium
images/synthetic/syn_v2_2026091401_10568.jpg;train;type1a;easy;type1a/easy
images/synthetic/syn_v2_2026091401_10569.jpg;train;type1a;easy;type1a/easy
images/synthetic/syn_v2_2026091401_10570.jpg;train;type1b;medium;type1b/medium
images/synthetic/syn_v2_2026091401_10571.jpg;train;type1b;medium;type1b/medium
images/synthetic/syn_v2_2026091401_10572.jpg;train;type1b;medium;type1b/medium
images/synthetic/syn_v2_2026091401_10573.jpg;train;type1b;hard;type1b/hard
images/synthetic/syn_v2_2026091401_10574.jpg;train;type1b;easy;type1b/easy
images/synthetic/syn_v2_2026091401_10575.jpg;train;type1a;easy;type1a/easy
images/synthetic/syn_v2_2026091401_10576.jpg;train;type1a;medium;type1a/medium
images/synthetic/syn_v2_2026091401_10577.jpg;train;type1b;easy;type1b/easy
images/synthetic/syn_v2_2026091401_10578.jpg;val;type1b;hard;type1b/hard
images/synthetic/syn_v2_2026091401_10579.jpg;train;type1a;hard;type1a/hard
images/synthetic/syn_v2_2026091401_10580.jpg;train;type1b;easy;type1b/easy
images/synthetic/syn_v2_2026091401_10581.jpg;train;type1a;medium;type1a/medium
images/synthetic/syn_v2_2026091401_10582.jpg;train;type1b;medium;type1b/medium
images/synthetic/syn_v2_2026091401_10583.jpg;train;type1b;easy;type1b/easy
images/synthetic/syn_v2_2026091401_10584.jpg;train;type1b;hard;type1b/hard
images/synthetic/syn_v2_2026091401_10585.jpg;train;type1;medium;type1/medium
images/synthetic/syn_v2_2026091401_10586.jpg;train;type1b;medium;type1b/medium
images/synthetic/syn_v2_2026091401_10587.jpg;train;type1;medium;type1/medium
images/synthetic/syn_v2_2026091401_10588.jpg;train;type1;medium;type1/medium
images/synthetic/syn_v2_2026091401_10589.jpg;train;type1b;easy;type1b/easy
images/synthetic/syn_v2_2026091401_10590.jpg;train;type1b;medium;type1b/medium
images/synthetic/syn_v2_2026091401_10591.jpg;val;type1b;hard;type1b/hard
images/synthetic/syn_v2_2026091401_10592.jpg;train;type1a;medium;type1a/medium
images/synthetic/syn_v2_2026091401_10593.jpg;train;type1a;easy;type1a/easy
images/synthetic/syn_v2_2026091401_10594.jpg;train;type1a;easy;type1a/easy
images/synthetic/syn_v2_2026091401_10595.jpg;train;type1b;medium;type1b/medium
images/synthetic/syn_v2_2026091401_10596.jpg;train;type1;medium;type1/medium
images/synthetic/syn_v2_2026091401_10597.jpg;train;type1;medium;type1/medium
images/synthetic/syn_v2_2026091401_10598.jpg;train;type1a;hard;type1a/hard
images/synthetic/syn_v2_2026091401_10599.jpg;train;type1b;medium;type1b/medium
images/synthetic/syn_v2_2026091401_10600.jpg;train;type1b;medium;type1b/medium
images/synthetic/syn_v2_2026091401_10601.jpg;train;type1a;easy;type1a/easy
images/synthetic/syn_v2_2026091401_10602.jpg;train;type1b;medium;type1b/medium
images/synthetic/syn_v2_2026091401_10603.jpg;train;type1a;hard;type1a/hard
images/synthetic/syn_v2_2026091401_10604.jpg;train;type1b;easy;type1b/easy
images/synthetic/syn_v2_2026091401_10605.jpg;train;type1a;hard;type1a/hard
images/synthetic/syn_v2_2026091401_10606.jpg;train;type1a;easy;type1a/easy
images/synthetic/syn_v2_2026091401_10607.jpg;train;type1a;medium;type1a/medium
images/synthetic/syn_v2_2026091401_10608.jpg;val;type1;easy;type1/easy
images/synthetic/syn_v2_2026091401_10609.jpg;train;type1a;medium;type1a/medium
images/synthetic/syn_v2_2026091401_10610.jpg;train;type1b;medium;type1b/medium
images/synthetic/syn_v2_2026091401_10611.jpg;train;type1a;hard;type1a/hard
images/synthetic/syn_v2_2026091401_10612.jpg;test;type1a;medium;type1a/medium
images/synthetic/syn_v2_2026091401_10613.jpg;train;type1b;medium;type1b/medium
images/synthetic/syn_v2_2026091401_10614.jpg;train;type1b;medium;type1b/medium
images/synthetic/syn_v2_2026091401_10615.jpg;val;type1b;medium;type1b/medium
images/synthetic/syn_v2_2026091401_10616.jpg;train;type1a;easy;type1a/easy
images/synthetic/syn_v2_2026091401_10617.jpg;train;type1;easy;type1/easy
images/synthetic/syn_v2_2026091401_10618.jpg;val;type1b;hard;type1b/hard
images/synthetic/syn_v2_2026091401_10619.jpg;train;type1a;easy;type1a/easy
images/synthetic/syn_v2_2026091401_10620.jpg;train;type1a;easy;type1a/easy
images/synthetic/syn_v2_2026091401_10621.jpg;train;type1a;medium;type1a/medium
images/synthetic/syn_v2_2026091401_10622.jpg;train;type1b;easy;type1b/easy
images/synthetic/syn_v2_2026091401_10623.jpg;train;type1a;medium;type1a/medium
images/synthetic/syn_v2_2026091401_10624.jpg;train;type1a;easy;type1a/easy
images/synthetic/syn_v2_2026091401_10625.jpg;train;type1b;easy;type1b/easy
images/synthetic/syn_v2_2026091401_10626.jpg;train;type1b;medium;type1b/medium
images/synthetic/syn_v2_2026091401_10627.jpg;train;type1b;hard;type1b/hard
images/synthetic/syn_v2_2026091401_10628.jpg;val;type1a;medium;type1a/medium
images/synthetic/syn_v2_2026091401_10629.jpg;train;type1;medium;type1/medium
images/synthetic/syn_v2_2026091401_10630.jpg;train;type1b;medium;type1b/medium
images/synthetic/syn_v2_2026091401_10631.jpg;train;type1a;medium;type1a/medium
images/synthetic/syn_v2_2026091401_10632.jpg;train;type1b;medium;type1b/medium
images/synthetic/syn_v2_2026091401_10633.jpg;train;type1b;medium;type1b/medium
images/synthetic/syn_v2_2026091401_10634.jpg;test;type1a;medium;type1a/medium
images/synthetic/syn_v2_2026091401_10635.jpg;train;type1b;easy;type1b/easy
images/synthetic/syn_v2_2026091401_10636.jpg;val;type1b;hard;type1b/hard
images/synthetic/syn_v2_2026091401_10637.jpg;train;type1b;hard;type1b/hard
images/synthetic/syn_v2_2026091401_10638.jpg;train;type1b;medium;type1b/medium
images/synthetic/syn_v2_2026091401_10639.jpg;train;type1a;medium;type1a/medium
images/synthetic/syn_v2_2026091401_10640.jpg;train;type1b;medium;type1b/medium
images/synthetic/syn_v2_2026091401_10641.jpg;val;type1;hard;type1/hard
images/synthetic/syn_v2_2026091401_10642.jpg;val;type1;medium;type1/medium
images/synthetic/syn_v2_2026091401_10643.jpg;train;type1;easy;type1/easy
images/synthetic/syn_v2_2026091401_10644.jpg;train;type1a;medium;type1a/medium
images/synthetic/syn_v2_2026091401_10645.jpg;train;type1b;medium;type1b/medium
images/synthetic/syn_v2_2026091401_10646.jpg;train;type1a;medium;type1a/medium
images/synthetic/syn_v2_2026091401_10647.jpg;train;type1a;easy;type1a/easy
images/synthetic/syn_v2_2026091401_10648.jpg;train;type1b;medium;type1b/medium
images/synthetic/syn_v2_2026091401_10649.jpg;train;type1b;medium;type1b/medium
images/synthetic/syn_v2_2026091401_10650.jpg;train;type1b;medium;type1b/medium
images/synthetic/syn_v2_2026091401_10651.jpg;train;type1b;medium;type1b/medium
images/synthetic/syn_v2_2026091401_10652.jpg;train;type1;medium;type1/medium
images/synthetic/syn_v2_2026091401_10653.jpg;train;type1b;medium;type1b/medium
images/synthetic/syn_v2_2026091401_10654.jpg;train;type1a;medium;type1a/medium
images/synthetic/syn_v2_2026091401_10655.jpg;train;type1b;easy;type1b/easy
images/synthetic/syn_v2_2026091401_10656.jpg;train;type1a;hard;type1a/hard
images/synthetic/syn_v2_2026091401_10657.jpg;train;type1b;hard;type1b/hard
images/synthetic/syn_v2_2026091401_10658.jpg;train;type1a;medium;type1a/medium
images/synthetic/syn_v2_2026091401_10659.jpg;train;type1b;medium;type1b/medium
images/synthetic/syn_v2_2026091401_10660.jpg;train;type1;medium;type1/medium
images/synthetic/syn_v2_2026091401_10661.jpg;test;type1;hard;type1/hard
images/synthetic/syn_v2_2026091401_10662.jpg;val;type1a;medium;type1a/medium
images/synthetic/syn_v2_2026091401_10663.jpg;train;type1;easy;type1/easy
images/synthetic/syn_v2_2026091401_10664.jpg;train;type1b;easy;type1b/easy
images/synthetic/syn_v2_2026091401_10665.jpg;train;type1b;easy;type1b/easy
images/synthetic/syn_v2_2026091401_10666.jpg;test;type1a;medium;type1a/medium
images/synthetic/syn_v2_2026091401_10667.jpg;train;type1;medium;type1/medium
images/synthetic/syn_v2_2026091401_10668.jpg;train;type1a;medium;type1a/medium
images/synthetic/syn_v2_2026091401_10669.jpg;train;type1a;medium;type1a/medium
images/synthetic/syn_v2_2026091401_10670.jpg;train;type1b;easy;type1b/easy
images/synthetic/syn_v2_2026091401_10671.jpg;train;type1b;medium;type1b/medium
images/synthetic/syn_v2_2026091401_10672.jpg;val;type1a;medium;type1a/medium
images/synthetic/syn_v2_2026091401_10673.jpg;train;type1a;medium;type1a/medium
images/synthetic/syn_v2_2026091401_10674.jpg;train;type1b;medium;type1b/medium
images/synthetic/syn_v2_2026091401_10675.jpg;train;type1b;hard;type1b/hard
images/synthetic/syn_v2_2026091401_10676.jpg;train;type1;medium;type1/medium
images/synthetic/syn_v2_2026091401_10677.jpg;train;type1a;medium;type1a/medium
images/synthetic/syn_v2_2026091401_10678.jpg;train;type1b;medium;type1b/medium
images/synthetic/syn_v2_2026091401_10679.jpg;train;type1b;medium;type1b/medium
images/synthetic/syn_v2_2026091401_10680.jpg;train;type1a;hard;type1a/hard
images/synthetic/syn_v2_2026091401_10681.jpg;val;type1a;easy;type1a/easy
images/synthetic/syn_v2_2026091401_10682.jpg;train;type1b;easy;type1b/easy
images/synthetic/syn_v2_2026091401_10683.jpg;train;type1b;easy;type1b/easy
images/synthetic/syn_v2_2026091401_10684.jpg;train;type1b;medium;type1b/medium
images/synthetic/syn_v2_2026091401_10685.jpg;train;type1b;medium;type1b/medium
images/synthetic/syn_v2_2026091401_10686.jpg;train;type1a;medium;type1a/medium
images/synthetic/syn_v2_2026091401_10687.jpg;train;type1b;easy;type1b/easy
images/synthetic/syn_v2_2026091401_10688.jpg;train;type1;medium;type1/medium
images/synthetic/syn_v2_2026091401_10689.jpg;val;type1b;easy;type1b/easy
images/synthetic/syn_v2_2026091401_10690.jpg;train;type1a;medium;type1a/medium
images/synthetic/syn_v2_2026091401_10691.jpg;train;type1b;easy;type1b/easy
images/synthetic/syn_v2_2026091401_10692.jpg;train;type1a;easy;type1a/easy
images/synthetic/syn_v2_2026091401_10693.jpg;train;type1b;medium;type1b/medium
images/synthetic/syn_v2_2026091401_10694.jpg;test;type1b;easy;type1b/easy
images/synthetic/syn_v2_2026091401_10695.jpg;train;type1;medium;type1/medium
images/synthetic/syn_v2_2026091401_10696.jpg;val;type1a;easy;type1a/easy
images/synthetic/syn_v2_2026091401_10697.jpg;train;type1b;hard;type1b/hard
images/synthetic/syn_v2_2026091401_10698.jpg;val;type1a;medium;type1a/medium
images/synthetic/syn_v2_2026091401_10699.jpg;train;type1;medium;type1/medium
images/synthetic/syn_v2_2026091401_10700.jpg;train;type1a;medium;type1a/medium
images/synthetic/syn_v2_2026091401_10701.jpg;train;type1;hard;type1/hard
images/synthetic/syn_v2_2026091401_10702.jpg;val;type1;medium;type1/medium
images/synthetic/syn_v2_2026091401_10703.jpg;train;type1b;medium;type1b/medium
images/synthetic/syn_v2_2026091401_10704.jpg;train;type1b;easy;type1b/easy
images/synthetic/syn_v2_2026091401_10705.jpg;train;type1a;hard;type1a/hard
images/synthetic/syn_v2_2026091401_10706.jpg;val;type1;hard;type1/hard
images/synthetic/syn_v2_2026091401_10707.jpg;train;type1b;medium;type1b/medium
images/synthetic/syn_v2_2026091401_10708.jpg;train;type1b;medium;type1b/medium
images/synthetic/syn_v2_2026091401_10709.jpg;val;type1b;medium;type1b/medium
images/synthetic/syn_v2_2026091401_10710.jpg;train;type1;medium;type1/medium
images/synthetic/syn_v2_2026091401_10711.jpg;train;type1b;medium;type1b/medium
images/synthetic/syn_v2_2026091401_10712.jpg;train;type1b;medium;type1b/medium
images/synthetic/syn_v2_2026091401_10713.jpg;train;type1a;easy;type1a/easy
images/synthetic/syn_v2_2026091401_10714.jpg;val;type1a;medium;type1a/medium
images/synthetic/syn_v2_2026091401_10715.jpg;train;type1b;medium;type1b/medium
images/synthetic/syn_v2_2026091401_10716.jpg;test;type1b;medium;type1b/medium
images/synthetic/syn_v2_2026091401_10717.jpg;train;type1b;easy;type1b/easy
images/synthetic/syn_v2_2026091401_10718.jpg;train;type1;hard;type1/hard
images/synthetic/syn_v2_2026091401_10719.jpg;train;type1;easy;type1/easy
images/synthetic/syn_v2_2026091401_10720.jpg;train;type1b;medium;type1b/medium
images/synthetic/syn_v2_2026091401_10721.jpg;train;type1b;easy;type1b/easy
images/synthetic/syn_v2_2026091401_10722.jpg;train;type1b;easy;type1b/easy
images/synthetic/syn_v2_2026091401_10723.jpg;train;type1b;medium;type1b/medium
images/synthetic/syn_v2_2026091401_10724.jpg;val;type1;hard;type1/hard
images/synthetic/syn_v2_2026091401_10725.jpg;val;type1b;easy;type1b/easy
images/synthetic/syn_v2_2026091401_10726.jpg;train;type1b;medium;type1b/medium
images/synthetic/syn_v2_2026091401_10727.jpg;train;type1a;medium;type1a/medium
images/synthetic/syn_v2_2026091401_10728.jpg;train;type1;easy;type1/easy
images/synthetic/syn_v2_2026091401_10729.jpg;train;type1;hard;type1/hard
images/synthetic/syn_v2_2026091401_10730.jpg;train;type1;medium;type1/medium
images/synthetic/syn_v2_2026091401_10731.jpg;train;type1b;easy;type1b/easy
images/synthetic/syn_v2_2026091401_10732.jpg;val;type1b;easy;type1b/easy
images/synthetic/syn_v2_2026091401_10733.jpg;val;type1;medium;type1/medium
images/synthetic/syn_v2_2026091401_10734.jpg;train;type1b;hard;type1b/hard
images/synthetic/syn_v2_2026091401_10735.jpg;train;type1a;medium;type1a/medium
images/synthetic/syn_v2_2026091401_10736.jpg;train;type1;easy;type1/easy
images/synthetic/syn_v2_2026091401_10737.jpg;train;type1b;hard;type1b/hard
images/synthetic/syn_v2_2026091401_10738.jpg;train;type1b;easy;type1b/easy
images/synthetic/syn_v2_2026091401_10739.jpg;train;type1b;medium;type1b/medium
images/synthetic/syn_v2_2026091401_10740.jpg;train;type1a;hard;type1a/hard
images/synthetic/syn_v2_2026091401_10741.jpg;train;type1b;medium;type1b/medium
images/synthetic/syn_v2_2026091401_10742.jpg;train;type1b;hard;type1b/hard
images/synthetic/syn_v2_2026091401_10743.jpg;train;type1a;easy;type1a/easy
images/synthetic/syn_v2_2026091401_10744.jpg;train;type1b;easy;type1b/easy
images/synthetic/syn_v2_2026091401_10745.jpg;train;type1b;hard;type1b/hard
images/synthetic/syn_v2_2026091401_10746.jpg;val;type1a;medium;type1a/medium
images/synthetic/syn_v2_2026091401_10747.jpg;train;type1a;medium;type1a/medium
images/synthetic/syn_v2_2026091401_10748.jpg;train;type1a;medium;type1a/medium
images/synthetic/syn_v2_2026091401_10749.jpg;train;type1;medium;type1/medium
images/synthetic/syn_v2_2026091401_10750.jpg;train;type1b;easy;type1b/easy
images/synthetic/syn_v2_2026091401_10751.jpg;train;type1b;easy;type1b/easy
images/synthetic/syn_v2_2026091401_10752.jpg;val;type1a;medium;type1a/medium
images/synthetic/syn_v2_2026091401_10753.jpg;train;type1b;medium;type1b/medium
images/synthetic/syn_v2_2026091401_10754.jpg;train;type1;easy;type1/easy
images/synthetic/syn_v2_2026091401_10755.jpg;train;type1a;easy;type1a/easy
images/synthetic/syn_v2_2026091401_10756.jpg;train;type1a;easy;type1a/easy
images/synthetic/syn_v2_2026091401_10757.jpg;train;type1a;medium;type1a/medium
images/synthetic/syn_v2_2026091401_10758.jpg;train;type1b;hard;type1b/hard
images/synthetic/syn_v2_2026091401_10759.jpg;train;type1;medium;type1/medium
images/synthetic/syn_v2_2026091401_10760.jpg;train;type1b;easy;type1b/easy
images/synthetic/syn_v2_2026091401_10761.jpg;test;type1b;medium;type1b/medium
images/synthetic/syn_v2_2026091401_10762.jpg;train;type1a;easy;type1a/easy
images/synthetic/syn_v2_2026091401_10763.jpg;train;type1b;hard;type1b/hard
images/synthetic/syn_v2_2026091401_10764.jpg;test;type1b;medium;type1b/medium
images/synthetic/syn_v2_2026091401_10765.jpg;train;type1a;medium;type1a/medium
images/synthetic/syn_v2_2026091401_10766.jpg;train;type1b;medium;type1b/medium
images/synthetic/syn_v2_2026091401_10767.jpg;train;type1;hard;type1/hard
images/synthetic/syn_v2_2026091401_10768.jpg;train;type1;medium;type1/medium
images/synthetic/syn_v2_2026091401_10769.jpg;train;type1b;medium;type1b/medium
images/synthetic/syn_v2_2026091401_10770.jpg;train;type1b;hard;type1b/hard
images/synthetic/syn_v2_2026091401_10771.jpg;train;type1b;medium;type1b/medium
images/synthetic/syn_v2_2026091401_10772.jpg;train;type1b;hard;type1b/hard
images/synthetic/syn_v2_2026091401_10773.jpg;test;type1b;easy;type1b/easy
images/synthetic/syn_v2_2026091401_10774.jpg;train;type1;hard;type1/hard
images/synthetic/syn_v2_2026091401_10775.jpg;val;type1a;medium;type1a/medium
images/synthetic/syn_v2_2026091401_10776.jpg;test;type1a;hard;type1a/hard
images/synthetic/syn_v2_2026091401_10777.jpg;val;type1a;hard;type1a/hard
images/synthetic/syn_v2_2026091401_10778.jpg;train;type1b;easy;type1b/easy
images/synthetic/syn_v2_2026091401_10779.jpg;train;type1a;hard;type1a/hard
images/synthetic/syn_v2_2026091401_10780.jpg;train;type1a;easy;type1a/easy
images/synthetic/syn_v2_2026091401_10781.jpg;train;type1b;medium;type1b/medium
images/synthetic/syn_v2_2026091401_10782.jpg;test;type1b;medium;type1b/medium
images/synthetic/syn_v2_2026091401_10783.jpg;train;type1;medium;type1/medium
images/synthetic/syn_v2_2026091401_10784.jpg;train;type1a;medium;type1a/medium
images/synthetic/syn_v2_2026091401_10785.jpg;train;type1;hard;type1/hard
images/synthetic/syn_v2_2026091401_10786.jpg;train;type1a;medium;type1a/medium
images/synthetic/syn_v2_2026091401_10787.jpg;train;type1b;easy;type1b/easy
images/synthetic/syn_v2_2026091401_10788.jpg;train;type1a;medium;type1a/medium
images/synthetic/syn_v2_2026091401_10789.jpg;train;type1a;easy;type1a/easy
images/synthetic/syn_v2_2026091401_10790.jpg;train;type1b;easy;type1b/easy
images/synthetic/syn_v2_2026091401_10791.jpg;train;type1a;hard;type1a/hard
images/synthetic/syn_v2_2026091401_10792.jpg;train;type1b;hard;type1b/hard
images/synthetic/syn_v2_2026091401_10793.jpg;train;type1;easy;type1/easy
images/synthetic/syn_v2_2026091401_10794.jpg;val;type1;medium;type1/medium
images/synthetic/syn_v2_2026091401_10795.jpg;train;type1b;hard;type1b/hard
images/synthetic/syn_v2_2026091401_10796.jpg;val;type1b;medium;type1b/medium
images/synthetic/syn_v2_2026091401_10797.jpg;train;type1b;medium;type1b/medium
images/synthetic/syn_v2_2026091401_10798.jpg;val;type1;medium;type1/medium
images/synthetic/syn_v2_2026091401_10799.jpg;train;type1b;easy;type1b/easy
images/synthetic/syn_v2_2026091401_10800.jpg;train;type1b;medium;type1b/medium
images/synthetic/syn_v2_2026091401_10801.jpg;train;type1b;easy;type1b/easy
images/synthetic/syn_v2_2026091401_10802.jpg;test;type1a;easy;type1a/easy
images/synthetic/syn_v2_2026091401_10803.jpg;val;type1b;hard;type1b/hard
images/synthetic/syn_v2_2026091401_10804.jpg;train;type1;hard;type1/hard
images/synthetic/syn_v2_2026091401_10805.jpg;train;type1b;hard;type1b/hard
images/synthetic/syn_v2_2026091401_10806.jpg;train;type1a;easy;type1a/easy
images/synthetic/syn_v2_2026091401_10807.jpg;train;type1;medium;type1/medium
images/synthetic/syn_v2_2026091401_10808.jpg;train;type1b;medium;type1b/medium
images/synthetic/syn_v2_2026091401_10809.jpg;val;type1a;hard;type1a/hard
images/synthetic/syn_v2_2026091401_10810.jpg;train;type1b;medium;type1b/medium
images/synthetic/syn_v2_2026091401_10811.jpg;train;type1;easy;type1/easy
images/synthetic/syn_v2_2026091401_10812.jpg;train;type1b;easy;type1b/easy
images/synthetic/syn_v2_2026091401_10813.jpg;train;type1b;hard;type1b/hard
images/synthetic/syn_v2_2026091401_10814.jpg;train;type1b;medium;type1b/medium
images/synthetic/syn_v2_2026091401_10815.jpg;train;type1;hard;type1/hard
images/synthetic/syn_v2_2026091401_10816.jpg;train;type1;medium;type1/medium
images/synthetic/syn_v2_2026091401_10817.jpg;train;type1b;medium;type1b/medium
images/synthetic/syn_v2_2026091401_10818.jpg;train;type1;easy;type1/easy
images/synthetic/syn_v2_2026091401_10819.jpg;train;type1a;hard;type1a/hard
images/synthetic/syn_v2_2026091401_10820.jpg;train;type1;medium;type1/medium
images/synthetic/syn_v2_2026091401_10821.jpg;val;type1;easy;type1/easy
images/synthetic/syn_v2_2026091401_10822.jpg;train;type1b;medium;type1b/medium
images/synthetic/syn_v2_2026091401_10823.jpg;train;type1a;medium;type1a/medium
images/synthetic/syn_v2_2026091401_10824.jpg;train;type1b;medium;type1b/medium
images/synthetic/syn_v2_2026091401_10825.jpg;train;type1;medium;type1/medium
images/synthetic/syn_v2_2026091401_10826.jpg;train;type1a;hard;type1a/hard
images/synthetic/syn_v2_2026091401_10827.jpg;train;type1b;medium;type1b/medium
images/synthetic/syn_v2_2026091401_10828.jpg;train;type1a;medium;type1a/medium
images/synthetic/syn_v2_2026091401_10829.jpg;val;type1;easy;type1/easy
images/synthetic/syn_v2_2026091401_10830.jpg;train;type1;medium;type1/medium
images/synthetic/syn_v2_2026091401_10831.jpg;train;type1a;medium;type1a/medium
images/synthetic/syn_v2_2026091401_10832.jpg;train;type1b;hard;type1b/hard
images/synthetic/syn_v2_2026091401_10833.jpg;train;type1a;medium;type1a/medium
images/synthetic/syn_v2_2026091401_10834.jpg;test;type1;easy;type1/easy
images/synthetic/syn_v2_2026091401_10835.jpg;train;type1a;medium;type1a/medium
images/synthetic/syn_v2_2026091401_10836.jpg;train;type1a;medium;type1a/medium
images/synthetic/syn_v2_2026091401_10837.jpg;train;type1b;easy;type1b/easy
images/synthetic/syn_v2_2026091401_10838.jpg;test;type1a;easy;type1a/easy
images/synthetic/syn_v2_2026091401_10839.jpg;train;type1b;medium;type1b/medium
images/synthetic/syn_v2_2026091401_10840.jpg;train;type1a;hard;type1a/hard
images/synthetic/syn_v2_2026091401_10841.jpg;train;type1b;medium;type1b/medium
images/synthetic/syn_v2_2026091401_10842.jpg;train;type1a;medium;type1a/medium
images/synthetic/syn_v2_2026091401_10843.jpg;train;type1b;medium;type1b/medium
images/synthetic/syn_v2_2026091401_10844.jpg;train;type1b;medium;type1b/medium
images/synthetic/syn_v2_2026091401_10845.jpg;train;type1a;easy;type1a/easy
images/synthetic/syn_v2_2026091401_10846.jpg;train;type1b;easy;type1b/easy
images/synthetic/syn_v2_2026091401_10847.jpg;train;type1b;medium;type1b/medium
images/synthetic/syn_v2_2026091401_10848.jpg;test;type1b;medium;type1b/medium
images/synthetic/syn_v2_2026091401_10849.jpg;train;type1;medium;type1/medium
images/synthetic/syn_v2_2026091401_10850.jpg;train;type1;easy;type1/easy
images/synthetic/syn_v2_2026091401_10851.jpg;train;type1a;easy;type1a/easy
images/synthetic/syn_v2_2026091401_10852.jpg;test;type1a;easy;type1a/easy
images/synthetic/syn_v2_2026091401_10853.jpg;train;type1b;easy;type1b/easy
images/synthetic/syn_v2_2026091401_10854.jpg;train;type1b;medium;type1b/medium
images/synthetic/syn_v2_2026091401_10855.jpg;train;type1a;easy;type1a/easy
images/synthetic/syn_v2_2026091401_10856.jpg;train;type1b;hard;type1b/hard
images/synthetic/syn_v2_2026091401_10857.jpg;train;type1;medium;type1/medium
images/synthetic/syn_v2_2026091401_10858.jpg;train;type1a;easy;type1a/easy
images/synthetic/syn_v2_2026091401_10859.jpg;train;type1a;easy;type1a/easy
images/synthetic/syn_v2_2026091401_10860.jpg;val;type1;medium;type1/medium
images/synthetic/syn_v2_2026091401_10861.jpg;train;type1a;hard;type1a/hard
images/synthetic/syn_v2_2026091401_10862.jpg;train;type1b;medium;type1b/medium
images/synthetic/syn_v2_2026091401_10863.jpg;train;type1;medium;type1/medium
images/synthetic/syn_v2_2026091401_10864.jpg;train;type1b;medium;type1b/medium
images/synthetic/syn_v2_2026091401_10865.jpg;train;type1a;medium;type1a/medium
images/synthetic/syn_v2_2026091401_10866.jpg;train;type1b;easy;type1b/easy
images/synthetic/syn_v2_2026091401_10867.jpg;val;type1;medium;type1/medium
images/synthetic/syn_v2_2026091401_10868.jpg;train;type1b;easy;type1b/easy
images/synthetic/syn_v2_2026091401_10869.jpg;train;type1a;hard;type1a/hard
images/synthetic/syn_v2_2026091401_10870.jpg;train;type1b;medium;type1b/medium
images/synthetic/syn_v2_2026091401_10871.jpg;train;type1b;medium;type1b/medium
images/synthetic/syn_v2_2026091401_10872.jpg;train;type1b;easy;type1b/easy
images/synthetic/syn_v2_2026091401_10873.jpg;train;type1b;medium;type1b/medium
images/synthetic/syn_v2_2026091401_10874.jpg;train;type1b;hard;type1b/hard
images/synthetic/syn_v2_2026091401_10875.jpg;train;type1b;hard;type1b/hard
images/synthetic/syn_v2_2026091401_10876.jpg;train;type1;hard;type1/hard
images/synthetic/syn_v2_2026091401_10877.jpg;train;type1b;easy;type1b/easy
images/synthetic/syn_v2_2026091401_10878.jpg;train;type1b;medium;type1b/medium
images/synthetic/syn_v2_2026091401_10879.jpg;train;type1b;easy;type1b/easy
images/synthetic/syn_v2_2026091401_10880.jpg;train;type1a;easy;type1a/easy
images/synthetic/syn_v2_2026091401_10881.jpg;test;type1b;medium;type1b/medium
images/synthetic/syn_v2_2026091401_10882.jpg;train;type1b;hard;type1b/hard
images/synthetic/syn_v2_2026091401_10883.jpg;train;type1a;medium;type1a/medium
images/synthetic/syn_v2_2026091401_10884.jpg;val;type1;easy;type1/easy
images/synthetic/syn_v2_2026091401_10885.jpg;train;type1a;easy;type1a/easy
images/synthetic/syn_v2_2026091401_10886.jpg;train;type1;easy;type1/easy
images/synthetic/syn_v2_2026091401_10887.jpg;train;type1b;medium;type1b/medium
images/synthetic/syn_v2_2026091401_10888.jpg;train;type1b;hard;type1b/hard
images/synthetic/syn_v2_2026091401_10889.jpg;train;type1b;hard;type1b/hard
images/synthetic/syn_v2_2026091401_10890.jpg;train;type1a;hard;type1a/hard
images/synthetic/syn_v2_2026091401_10891.jpg;train;type1a;hard;type1a/hard
images/synthetic/syn_v2_2026091401_10892.jpg;train;type1b;easy;type1b/easy
images/synthetic/syn_v2_2026091401_10893.jpg;train;type1a;hard;type1a/hard
images/synthetic/syn_v2_2026091401_10894.jpg;train;type1a;hard;type1a/hard
images/synthetic/syn_v2_2026091401_10895.jpg;train;type1b;medium;type1b/medium
images/synthetic/syn_v2_2026091401_10896.jpg;train;type1;easy;type1/easy
images/synthetic/syn_v2_2026091401_10897.jpg;train;type1a;hard;type1a/hard
images/synthetic/syn_v2_2026091401_10898.jpg;val;type1;medium;type1/medium
images/synthetic/syn_v2_2026091401_10899.jpg;train;type1a;easy;type1a/easy
images/synthetic/syn_v2_2026091401_10900.jpg;train;type1b;easy;type1b/easy
images/synthetic/syn_v2_2026091401_10901.jpg;train;type1;medium;type1/medium
images/synthetic/syn_v2_2026091401_10902.jpg;train;type1b;hard;type1b/hard
images/synthetic/syn_v2_2026091401_10903.jpg;train;type1b;easy;type1b/easy
images/synthetic/syn_v2_2026091401_10904.jpg;train;type1a;medium;type1a/medium
images/synthetic/syn_v2_2026091401_10905.jpg;test;type1;medium;type1/medium
images/synthetic/syn_v2_2026091401_10906.jpg;train;type1b;hard;type1b/hard
images/synthetic/syn_v2_2026091401_10907.jpg;train;type1b;easy;type1b/easy
images/synthetic/syn_v2_2026091401_10908.jpg;train;type1a;medium;type1a/medium
images/synthetic/syn_v2_2026091401_10909.jpg;train;type1b;hard;type1b/hard
images/synthetic/syn_v2_2026091401_10910.jpg;train;type1b;hard;type1b/hard
images/synthetic/syn_v2_2026091401_10911.jpg;train;type1b;medium;type1b/medium
images/synthetic/syn_v2_2026091401_10912.jpg;train;type1b;hard;type1b/hard
images/synthetic/syn_v2_2026091401_10913.jpg;train;type1b;medium;type1b/medium
images/synthetic/syn_v2_2026091401_10914.jpg;train;type1b;medium;type1b/medium
images/synthetic/syn_v2_2026091401_10915.jpg;val;type1;medium;type1/medium
images/synthetic/syn_v2_2026091401_10916.jpg;train;type1a;medium;type1a/medium
images/synthetic/syn_v2_2026091401_10917.jpg;train;type1b;medium;type1b/medium
images/synthetic/syn_v2_2026091401_10918.jpg;train;type1;medium;type1/medium
images/synthetic/syn_v2_2026091401_10919.jpg;train;type1a;easy;type1a/easy
images/synthetic/syn_v2_2026091401_10920.jpg;train;type1b;easy;type1b/easy
images/synthetic/syn_v2_2026091401_10921.jpg;train;type1b;easy;type1b/easy
images/synthetic/syn_v2_2026091401_10922.jpg;train;type1;medium;type1/medium
images/synthetic/syn_v2_2026091401_10923.jpg;train;type1;medium;type1/medium
images/synthetic/syn_v2_2026091401_10924.jpg;train;type1a;medium;type1a/medium
images/synthetic/syn_v2_2026091401_10925.jpg;train;type1a;hard;type1a/hard
images/synthetic/syn_v2_2026091401_10926.jpg;train;type1b;easy;type1b/easy
images/synthetic/syn_v2_2026091401_10927.jpg;test;type1b;medium;type1b/medium
images/synthetic/syn_v2_2026091401_10928.jpg;train;type1b;hard;type1b/hard
images/synthetic/syn_v2_2026091401_10929.jpg;train;type1;easy;type1/easy
images/synthetic/syn_v2_2026091401_10930.jpg;val;type1;easy;type1/easy
images/synthetic/syn_v2_2026091401_10931.jpg;train;type1a;easy;type1a/easy
images/synthetic/syn_v2_2026091401_10932.jpg;train;type1b;hard;type1b/hard
images/synthetic/syn_v2_2026091401_10933.jpg;train;type1a;easy;type1a/easy
images/synthetic/syn_v2_2026091401_10934.jpg;train;type1b;easy;type1b/easy
images/synthetic/syn_v2_2026091401_10935.jpg;train;type1a;easy;type1a/easy
images/synthetic/syn_v2_2026091401_10936.jpg;train;type1b;medium;type1b/medium
images/synthetic/syn_v2_2026091401_10937.jpg;train;type1b;easy;type1b/easy
images/synthetic/syn_v2_2026091401_10938.jpg;train;type1b;medium;type1b/medium
images/synthetic/syn_v2_2026091401_10939.jpg;train;type1b;medium;type1b/medium
images/synthetic/syn_v2_2026091401_10940.jpg;train;type1;medium;type1/medium
images/synthetic/syn_v2_2026091401_10941.jpg;train;type1b;medium;type1b/medium
images/synthetic/syn_v2_2026091401_10942.jpg;test;type1b;easy;type1b/easy
images/synthetic/syn_v2_2026091401_10943.jpg;train;type1;easy;type1/easy
images/synthetic/syn_v2_2026091401_10944.jpg;train;type1b;easy;type1b/easy
images/synthetic/syn_v2_2026091401_10945.jpg;train;type1a;hard;type1a/hard
images/synthetic/syn_v2_2026091401_10946.jpg;test;type1b;medium;type1b/medium
images/synthetic/syn_v2_2026091401_10947.jpg;train;type1b;medium;type1b/medium
images/synthetic/syn_v2_2026091401_10948.jpg;train;type1a;medium;type1a/medium
images/synthetic/syn_v2_2026091401_10949.jpg;train;type1b;easy;type1b/easy
images/synthetic/syn_v2_2026091401_10950.jpg;train;type1;easy;type1/easy
images/synthetic/syn_v2_2026091401_10951.jpg;train;type1b;hard;type1b/hard
images/synthetic/syn_v2_2026091401_10952.jpg;train;type1a;easy;type1a/easy
images/synthetic/syn_v2_2026091401_10953.jpg;val;type1b;medium;type1b/medium
images/synthetic/syn_v2_2026091401_10954.jpg;train;type1a;medium;type1a/medium
images/synthetic/syn_v2_2026091401_10955.jpg;train;type1b;easy;type1b/easy
images/synthetic/syn_v2_2026091401_10956.jpg;train;type1b;hard;type1b/hard
images/synthetic/syn_v2_2026091401_10957.jpg;train;type1a;medium;type1a/medium
images/synthetic/syn_v2_2026091401_10958.jpg;test;type1a;medium;type1a/medium
images/synthetic/syn_v2_2026091401_10959.jpg;train;type1a;medium;type1a/medium
images/synthetic/syn_v2_2026091401_10960.jpg;train;type1a;easy;type1a/easy
images/synthetic/syn_v2_2026091401_10961.jpg;train;type1b;hard;type1b/hard
images/synthetic/syn_v2_2026091401_10962.jpg;train;type1b;hard;type1b/hard
images/synthetic/syn_v2_2026091401_10963.jpg;train;type1a;medium;type1a/medium
images/synthetic/syn_v2_2026091401_10964.jpg;train;type1a;hard;type1a/hard
images/synthetic/syn_v2_2026091401_10965.jpg;train;type1a;medium;type1a/medium
images/synthetic/syn_v2_2026091401_10966.jpg;train;type1a;easy;type1a/easy
images/synthetic/syn_v2_2026091401_10967.jpg;train;type1b;hard;type1b/hard
images/synthetic/syn_v2_2026091401_10968.jpg;train;type1;medium;type1/medium
images/synthetic/syn_v2_2026091401_10969.jpg;test;type1a;medium;type1a/medium
images/synthetic/syn_v2_2026091401_10970.jpg;train;type1a;medium;type1a/medium
images/synthetic/syn_v2_2026091401_10971.jpg;train;type1;medium;type1/medium
images/synthetic/syn_v2_2026091401_10972.jpg;train;type1a;medium;type1a/medium
images/synthetic/syn_v2_2026091401_10973.jpg;train;type1a;medium;type1a/medium
images/synthetic/syn_v2_2026091401_10974.jpg;train;type1b;medium;type1b/medium
images/synthetic/syn_v2_2026091401_10975.jpg;train;type1a;easy;type1a/easy
images/synthetic/syn_v2_2026091401_10976.jpg;train;type1a;medium;type1a/medium
images/synthetic/syn_v2_2026091401_10977.jpg;val;type1a;hard;type1a/hard
images/synthetic/syn_v2_2026091401_10978.jpg;train;type1b;medium;type1b/medium
images/synthetic/syn_v2_2026091401_10979.jpg;train;type1a;medium;type1a/medium
images/synthetic/syn_v2_2026091401_10980.jpg;train;type1b;medium;type1b/medium
images/synthetic/syn_v2_2026091401_10981.jpg;train;type1b;medium;type1b/medium
images/synthetic/syn_v2_2026091401_10982.jpg;train;type1;medium;type1/medium
images/synthetic/syn_v2_2026091401_10983.jpg;train;type1b;hard;type1b/hard
images/synthetic/syn_v2_2026091401_10984.jpg;val;type1a;easy;type1a/easy
images/synthetic/syn_v2_2026091401_10985.jpg;train;type1a;easy;type1a/easy
images/synthetic/syn_v2_2026091401_10986.jpg;train;type1a;medium;type1a/medium
images/synthetic/syn_v2_2026091401_10987.jpg;train;type1b;medium;type1b/medium
images/synthetic/syn_v2_2026091401_10988.jpg;val;type1b;medium;type1b/medium
images/synthetic/syn_v2_2026091401_10989.jpg;train;type1b;easy;type1b/easy
images/synthetic/syn_v2_2026091401_10990.jpg;train;type1b;medium;type1b/medium
images/synthetic/syn_v2_2026091401_10991.jpg;train;type1;medium;type1/medium
images/synthetic/syn_v2_2026091401_10992.jpg;train;type1b;medium;type1b/medium
images/synthetic/syn_v2_2026091401_10993.jpg;train;type1b;medium;type1b/medium
images/synthetic/syn_v2_2026091401_10994.jpg;train;type1a;easy;type1a/easy
images/synthetic/syn_v2_2026091401_10995.jpg;val;type1;hard;type1/hard
images/synthetic/syn_v2_2026091401_10996.jpg;train;type1b;medium;type1b/medium
images/synthetic/syn_v2_2026091401_10997.jpg;train;type1a;medium;type1a/medium
images/synthetic/syn_v2_2026091401_10998.jpg;train;type1a;easy;type1a/easy
images/synthetic/syn_v2_2026091401_10999.jpg;train;type1a;easy;type1a/easy
images/synthetic/syn_v2_2026091401_11000.jpg;train;type1b;medium;type1b/medium
images/synthetic/syn_v2_2026091401_11001.jpg;val;type1b;medium;type1b/medium
images/synthetic/syn_v2_2026091401_11002.jpg;train;type1;hard;type1/hard
images/synthetic/syn_v2_2026091401_11003.jpg;test;type1a;easy;type1a/easy
images/synthetic/syn_v2_2026091401_11004.jpg;train;type1b;medium;type1b/medium
images/synthetic/syn_v2_2026091401_11005.jpg;train;type1a;easy;type1a/easy
images/synthetic/syn_v2_2026091401_11006.jpg;val;type1a;easy;type1a/easy
images/synthetic/syn_v2_2026091401_11007.jpg;train;type1a;easy;type1a/easy
images/synthetic/syn_v2_2026091401_11008.jpg;test;type1b;medium;type1b/medium
images/synthetic/syn_v2_2026091401_11009.jpg;train;type1b;easy;type1b/easy
images/synthetic/syn_v2_2026091401_11010.jpg;train;type1b;medium;type1b/medium
images/synthetic/syn_v2_2026091401_11011.jpg;train;type1b;easy;type1b/easy
images/synthetic/syn_v2_2026091401_11012.jpg;train;type1b;hard;type1b/hard
images/synthetic/syn_v2_2026091401_11013.jpg;train;type1b;hard;type1b/hard
images/synthetic/syn_v2_2026091401_11014.jpg;train;type1a;hard;type1a/hard
images/synthetic/syn_v2_2026091401_11015.jpg;train;type1b;medium;type1b/medium
images/synthetic/syn_v2_2026091401_11016.jpg;val;type1b;medium;type1b/medium
images/synthetic/syn_v2_2026091401_11017.jpg;train;type1a;easy;type1a/easy
images/synthetic/syn_v2_2026091401_11018.jpg;train;type1a;medium;type1a/medium
images/synthetic/syn_v2_2026091401_11019.jpg;train;type1a;hard;type1a/hard
images/synthetic/syn_v2_2026091401_11020.jpg;train;type1b;medium;type1b/medium
images/synthetic/syn_v2_2026091401_11021.jpg;train;type1b;easy;type1b/easy
images/synthetic/syn_v2_2026091401_11022.jpg;train;type1b;medium;type1b/medium
images/synthetic/syn_v2_2026091401_11023.jpg;train;type1;medium;type1/medium
images/synthetic/syn_v2_2026091401_11024.jpg;train;type1;easy;type1/easy
images/synthetic/syn_v2_2026091401_11025.jpg;train;type1b;hard;type1b/hard
images/synthetic/syn_v2_2026091401_11026.jpg;train;type1b;easy;type1b/easy
images/synthetic/syn_v2_2026091401_11027.jpg;train;type1a;medium;type1a/medium
images/synthetic/syn_v2_2026091401_11028.jpg;train;type1b;hard;type1b/hard
images/synthetic/syn_v2_2026091401_11029.jpg;train;type1;easy;type1/easy
images/synthetic/syn_v2_2026091401_11030.jpg;train;type1b;easy;type1b/easy
images/synthetic/syn_v2_2026091401_11031.jpg;train;type1a;medium;type1a/medium
images/synthetic/syn_v2_2026091401_11032.jpg;train;type1a;medium;type1a/medium
images/synthetic/syn_v2_2026091401_11033.jpg;train;type1a;medium;type1a/medium
images/synthetic/syn_v2_2026091401_11034.jpg;train;type1;easy;type1/easy
images/synthetic/syn_v2_2026091401_11035.jpg;train;type1b;easy;type1b/easy
images/synthetic/syn_v2_2026091401_11036.jpg;train;type1;medium;type1/medium
images/synthetic/syn_v2_2026091401_11037.jpg;train;type1b;medium;type1b/medium
images/synthetic/syn_v2_2026091401_11038.jpg;val;type1b;easy;type1b/easy
images/synthetic/syn_v2_2026091401_11039.jpg;train;type1b;medium;type1b/medium
images/synthetic/syn_v2_2026091401_11040.jpg;test;type1b;medium;type1b/medium
images/synthetic/syn_v2_2026091401_11041.jpg;train;type1b;easy;type1b/easy
images/synthetic/syn_v2_2026091401_11042.jpg;val;type1b;medium;type1b/medium
images/synthetic/syn_v2_2026091401_11043.jpg;val;type1a;easy;type1a/easy
images/synthetic/syn_v2_2026091401_11044.jpg;train;type1a;hard;type1a/hard
images/synthetic/syn_v2_2026091401_11045.jpg;train;type1b;medium;type1b/medium
images/synthetic/syn_v2_2026091401_11046.jpg;test;type1;easy;type1/easy
images/synthetic/syn_v2_2026091401_11047.jpg;test;type1b;medium;type1b/medium
images/synthetic/syn_v2_2026091401_11048.jpg;train;type1b;easy;type1b/easy
images/synthetic/syn_v2_2026091401_11049.jpg;train;type1;hard;type1/hard
images/synthetic/syn_v2_2026091401_11050.jpg;train;type1b;easy;type1b/easy
images/synthetic/syn_v2_2026091401_11051.jpg;train;type1b;easy;type1b/easy
images/synthetic/syn_v2_2026091401_11052.jpg;train;type1;medium;type1/medium
images/synthetic/syn_v2_2026091401_11053.jpg;train;type1b;easy;type1b/easy
images/synthetic/syn_v2_2026091401_11054.jpg;train;type1b;easy;type1b/easy
images/synthetic/syn_v2_2026091401_11055.jpg;train;type1b;easy;type1b/easy
images/synthetic/syn_v2_2026091401_11056.jpg;test;type1b;hard;type1b/hard
images/synthetic/syn_v2_2026091401_11057.jpg;test;type1a;easy;type1a/easy
images/synthetic/syn_v2_2026091401_11058.jpg;train;type1b;medium;type1b/medium
images/synthetic/syn_v2_2026091401_11059.jpg;train;type1;medium;type1/medium
images/synthetic/syn_v2_2026091401_11060.jpg;train;type1a;easy;type1a/easy
images/synthetic/syn_v2_2026091401_11061.jpg;train;type1b;easy;type1b/easy
images/synthetic/syn_v2_2026091401_11062.jpg;train;type1a;easy;type1a/easy
images/synthetic/syn_v2_2026091401_11063.jpg;train;type1a;easy;type1a/easy
images/synthetic/syn_v2_2026091401_11064.jpg;train;type1b;easy;type1b/easy
images/synthetic/syn_v2_2026091401_11065.jpg;train;type1a;medium;type1a/medium
images/synthetic/syn_v2_2026091401_11066.jpg;train;type1a;easy;type1a/easy
images/synthetic/syn_v2_2026091401_11067.jpg;train;type1b;medium;type1b/medium
images/synthetic/syn_v2_2026091401_11068.jpg;val;type1a;medium;type1a/medium
images/synthetic/syn_v2_2026091401_11069.jpg;test;type1b;medium;type1b/medium
images/synthetic/syn_v2_2026091401_11070.jpg;train;type1b;medium;type1b/medium
images/synthetic/syn_v2_2026091401_11071.jpg;train;type1;easy;type1/easy
images/synthetic/syn_v2_2026091401_11072.jpg;train;type1b;medium;type1b/medium
images/synthetic/syn_v2_2026091401_11073.jpg;train;type1a;easy;type1a/easy
images/synthetic/syn_v2_2026091401_11074.jpg;train;type1;hard;type1/hard
images/synthetic/syn_v2_2026091401_11075.jpg;train;type1b;hard;type1b/hard
images/synthetic/syn_v2_2026091401_11076.jpg;train;type1;medium;type1/medium
images/synthetic/syn_v2_2026091401_11077.jpg;train;type1b;medium;type1b/medium
images/synthetic/syn_v2_2026091401_11078.jpg;train;type1b;medium;type1b/medium
images/synthetic/syn_v2_2026091401_11079.jpg;train;type1b;medium;type1b/medium
images/synthetic/syn_v2_2026091401_11080.jpg;train;type1b;easy;type1b/easy
images/synthetic/syn_v2_2026091401_11081.jpg;train;type1a;hard;type1a/hard
images/synthetic/syn_v2_2026091401_11082.jpg;train;type1;medium;type1/medium
images/synthetic/syn_v2_2026091401_11083.jpg;val;type1b;medium;type1b/medium
images/synthetic/syn_v2_2026091401_11084.jpg;train;type1a;medium;type1a/medium
images/synthetic/syn_v2_2026091401_11085.jpg;train;type1b;easy;type1b/easy
images/synthetic/syn_v2_2026091401_11086.jpg;test;type1a;easy;type1a/easy
images/synthetic/syn_v2_2026091401_11087.jpg;train;type1b;hard;type1b/hard
images/synthetic/syn_v2_2026091401_11088.jpg;train;type1b;hard;type1b/hard
images/synthetic/syn_v2_2026091401_11089.jpg;train;type1;hard;type1/hard
images/synthetic/syn_v2_2026091401_11090.jpg;train;type1a;easy;type1a/easy
images/synthetic/syn_v2_2026091401_11091.jpg;train;type1a;medium;type1a/medium
images/synthetic/syn_v2_2026091401_11092.jpg;val;type1b;hard;type1b/hard
images/synthetic/syn_v2_2026091401_11093.jpg;train;type1a;easy;type1a/easy
images/synthetic/syn_v2_2026091401_11094.jpg;train;type1b;easy;type1b/easy
images/synthetic/syn_v2_2026091401_11095.jpg;train;type1a;hard;type1a/hard
images/synthetic/syn_v2_2026091401_11096.jpg;train;type1b;medium;type1b/medium
images/synthetic/syn_v2_2026091401_11097.jpg;train;type1a;easy;type1a/easy
images/synthetic/syn_v2_2026091401_11098.jpg;train;type1;easy;type1/easy
images/synthetic/syn_v2_2026091401_11099.jpg;train;type1b;hard;type1b/hard
images/synthetic/syn_v2_2026091401_11100.jpg;train;type1b;medium;type1b/medium
images/synthetic/syn_v2_2026091401_11101.jpg;train;type1b;hard;type1b/hard
images/synthetic/syn_v2_2026091401_11102.jpg;train;type1b;hard;type1b/hard
images/synthetic/syn_v2_2026091401_11103.jpg;train;type1b;hard;type1b/hard
images/synthetic/syn_v2_2026091401_11104.jpg;train;type1b;medium;type1b/medium
images/synthetic/syn_v2_2026091401_11105.jpg;train;type1b;medium;type1b/medium
images/synthetic/syn_v2_2026091401_11106.jpg;train;type1b;medium;type1b/medium
images/synthetic/syn_v2_2026091401_11107.jpg;train;type1a;medium;type1a/medium
images/synthetic/syn_v2_2026091401_11108.jpg;train;type1b;medium;type1b/medium
images/synthetic/syn_v2_2026091401_11109.jpg;train;type1b;medium;type1b/medium
images/synthetic/syn_v2_2026091401_11110.jpg;train;type1b;medium;type1b/medium
images/synthetic/syn_v2_2026091401_11111.jpg;train;type1a;medium;type1a/medium
images/synthetic/syn_v2_2026091401_11112.jpg;val;type1a;medium;type1a/medium
images/synthetic/syn_v2_2026091401_11113.jpg;train;type1b;easy;type1b/easy
images/synthetic/syn_v2_2026091401_11114.jpg;train;type1a;medium;type1a/medium
images/synthetic/syn_v2_2026091401_11115.jpg;test;type1b;easy;type1b/easy
images/synthetic/syn_v2_2026091401_11116.jpg;train;type1a;medium;type1a/medium
images/synthetic/syn_v2_2026091401_11117.jpg;val;type1b;medium;type1b/medium
images/synthetic/syn_v2_2026091401_11118.jpg;train;type1a;easy;type1a/easy
images/synthetic/syn_v2_2026091401_11119.jpg;train;type1b;easy;type1b/easy
images/synthetic/syn_v2_2026091401_11120.jpg;train;type1b;hard;type1b/hard
images/synthetic/syn_v2_2026091401_11121.jpg;train;type1b;medium;type1b/medium
images/synthetic/syn_v2_2026091401_11122.jpg;train;type1;hard;type1/hard
images/synthetic/syn_v2_2026091401_11123.jpg;train;type1a;easy;type1a/easy
images/synthetic/syn_v2_2026091401_11124.jpg;train;type1b;medium;type1b/medium
images/synthetic/syn_v2_2026091401_11125.jpg;train;type1b;easy;type1b/easy
images/synthetic/syn_v2_2026091401_11126.jpg;train;type1;easy;type1/easy
images/synthetic/syn_v2_2026091401_11127.jpg;train;type1;medium;type1/medium
images/synthetic/syn_v2_2026091401_11128.jpg;train;type1b;easy;type1b/easy
images/synthetic/syn_v2_2026091401_11129.jpg;train;type1a;hard;type1a/hard
images/synthetic/syn_v2_2026091401_11130.jpg;train;type1a;easy;type1a/easy
images/synthetic/syn_v2_2026091401_11131.jpg;train;type1a;easy;type1a/easy
images/synthetic/syn_v2_2026091401_11132.jpg;train;type1a;hard;type1a/hard
images/synthetic/syn_v2_2026091401_11133.jpg;train;type1a;easy;type1a/easy
images/synthetic/syn_v2_2026091401_11134.jpg;val;type1b;medium;type1b/medium
images/synthetic/syn_v2_2026091401_11135.jpg;test;type1a;easy;type1a/easy
images/synthetic/syn_v2_2026091401_11136.jpg;train;type1b;hard;type1b/hard
images/synthetic/syn_v2_2026091401_11137.jpg;val;type1a;easy;type1a/easy
images/synthetic/syn_v2_2026091401_11138.jpg;val;type1b;medium;type1b/medium
images/synthetic/syn_v2_2026091401_11139.jpg;train;type1b;easy;type1b/easy
images/synthetic/syn_v2_2026091401_11140.jpg;train;type1b;medium;type1b/medium
images/synthetic/syn_v2_2026091401_11141.jpg;train;type1a;medium;type1a/medium
images/synthetic/syn_v2_2026091401_11142.jpg;train;type1b;hard;type1b/hard
images/synthetic/syn_v2_2026091401_11143.jpg;train;type1a;easy;type1a/easy
images/synthetic/syn_v2_2026091401_11144.jpg;train;type1b;easy;type1b/easy
images/synthetic/syn_v2_2026091401_11145.jpg;train;type1b;easy;type1b/easy
images/synthetic/syn_v2_2026091401_11146.jpg;val;type1a;easy;type1a/easy
images/synthetic/syn_v2_2026091401_11147.jpg;train;type1b;medium;type1b/medium
images/synthetic/syn_v2_2026091401_11148.jpg;val;type1b;medium;type1b/medium
images/synthetic/syn_v2_2026091401_11149.jpg;train;type1;medium;type1/medium
images/synthetic/syn_v2_2026091401_11150.jpg;train;type1b;medium;type1b/medium
images/synthetic/syn_v2_2026091401_11151.jpg;train;type1b;easy;type1b/easy
images/synthetic/syn_v2_2026091401_11152.jpg;train;type1b;medium;type1b/medium
images/synthetic/syn_v2_2026091401_11153.jpg;train;type1a;medium;type1a/medium
images/synthetic/syn_v2_2026091401_11154.jpg;train;type1b;medium;type1b/medium
images/synthetic/syn_v2_2026091401_11155.jpg;val;type1b;medium;type1b/medium
images/synthetic/syn_v2_2026091401_11156.jpg;test;type1;easy;type1/easy
images/synthetic/syn_v2_2026091401_11157.jpg;train;type1a;easy;type1a/easy
images/synthetic/syn_v2_2026091401_11158.jpg;train;type1b;medium;type1b/medium
images/synthetic/syn_v2_2026091401_11159.jpg;train;type1a;medium;type1a/medium
images/synthetic/syn_v2_2026091401_11160.jpg;train;type1b;easy;type1b/easy
images/synthetic/syn_v2_2026091401_11161.jpg;val;type1a;medium;type1a/medium
images/synthetic/syn_v2_2026091401_11162.jpg;train;type1a;medium;type1a/medium
images/synthetic/syn_v2_2026091401_11163.jpg;test;type1a;hard;type1a/hard
images/synthetic/syn_v2_2026091401_11164.jpg;train;type1a;hard;type1a/hard
images/synthetic/syn_v2_2026091401_11165.jpg;train;type1a;medium;type1a/medium
images/synthetic/syn_v2_2026091401_11166.jpg;val;type1b;medium;type1b/medium
images/synthetic/syn_v2_2026091401_11167.jpg;val;type1;hard;type1/hard
images/synthetic/syn_v2_2026091401_11168.jpg;val;type1a;easy;type1a/easy
images/synthetic/syn_v2_2026091401_11169.jpg;train;type1b;hard;type1b/hard
images/synthetic/syn_v2_2026091401_11170.jpg;train;type1b;medium;type1b/medium
images/synthetic/syn_v2_2026091401_11171.jpg;train;type1b;easy;type1b/easy
images/synthetic/syn_v2_2026091401_11172.jpg;train;type1;easy;type1/easy
images/synthetic/syn_v2_2026091401_11173.jpg;train;type1b;easy;type1b/easy
images/synthetic/syn_v2_2026091401_11174.jpg;train;type1;hard;type1/hard
images/synthetic/syn_v2_2026091401_11175.jpg;val;type1;medium;type1/medium
images/synthetic/syn_v2_2026091401_11176.jpg;train;type1b;medium;type1b/medium
images/synthetic/syn_v2_2026091401_11177.jpg;train;type1;medium;type1/medium
images/synthetic/syn_v2_2026091401_11178.jpg;train;type1b;medium;type1b/medium
images/synthetic/syn_v2_2026091401_11179.jpg;train;type1a;medium;type1a/medium
images/synthetic/syn_v2_2026091401_11180.jpg;train;type1b;medium;type1b/medium
images/synthetic/syn_v2_2026091401_11181.jpg;train;type1a;medium;type1a/medium
images/synthetic/syn_v2_2026091401_11182.jpg;train;type1b;medium;type1b/medium
images/synthetic/syn_v2_2026091401_11183.jpg;train;type1b;easy;type1b/easy
images/synthetic/syn_v2_2026091401_11184.jpg;train;type1a;hard;type1a/hard
images/synthetic/syn_v2_2026091401_11185.jpg;train;type1a;medium;type1a/medium
images/synthetic/syn_v2_2026091401_11186.jpg;train;type1b;hard;type1b/hard
images/synthetic/syn_v2_2026091401_11187.jpg;train;type1a;medium;type1a/medium
images/synthetic/syn_v2_2026091401_11188.jpg;test;type1b;easy;type1b/easy
images/synthetic/syn_v2_2026091401_11189.jpg;train;type1b;medium;type1b/medium
images/synthetic/syn_v2_2026091401_11190.jpg;train;type1;medium;type1/medium
images/synthetic/syn_v2_2026091401_11191.jpg;train;type1a;easy;type1a/easy
images/synthetic/syn_v2_2026091401_11192.jpg;train;type1a;easy;type1a/easy
images/synthetic/syn_v2_2026091401_11193.jpg;train;type1a;easy;type1a/easy
images/synthetic/syn_v2_2026091401_11194.jpg;val;type1b;hard;type1b/hard
images/synthetic/syn_v2_2026091401_11195.jpg;train;type1a;easy;type1a/easy
images/synthetic/syn_v2_2026091401_11196.jpg;train;type1;medium;type1/medium
images/synthetic/syn_v2_2026091401_11197.jpg;train;type1b;medium;type1b/medium
images/synthetic/syn_v2_2026091401_11198.jpg;train;type1a;hard;type1a/hard
images/synthetic/syn_v2_2026091401_11199.jpg;train;type1;easy;type1/easy
images/synthetic/syn_v2_2026091401_11200.jpg;train;type1;medium;type1/medium
images/synthetic/syn_v2_2026091401_11201.jpg;train;type1a;easy;type1a/easy
images/synthetic/syn_v2_2026091401_11202.jpg;train;type1b;medium;type1b/medium
images/synthetic/syn_v2_2026091401_11203.jpg;train;type1b;hard;type1b/hard
images/synthetic/syn_v2_2026091401_11204.jpg;train;type1a;medium;type1a/medium
images/synthetic/syn_v2_2026091401_11205.jpg;train;type1a;hard;type1a/hard
images/synthetic/syn_v2_2026091401_11206.jpg;train;type1b;easy;type1b/easy
images/synthetic/syn_v2_2026091401_11207.jpg;train;type1a;medium;type1a/medium
images/synthetic/syn_v2_2026091401_11208.jpg;train;type1b;medium;type1b/medium
images/synthetic/syn_v2_2026091401_11209.jpg;val;type1b;medium;type1b/medium
images/synthetic/syn_v2_2026091401_11210.jpg;train;type1;medium;type1/medium
images/synthetic/syn_v2_2026091401_11211.jpg;train;type1b;medium;type1b/medium
images/synthetic/syn_v2_2026091401_11212.jpg;train;type1a;easy;type1a/easy
images/synthetic/syn_v2_2026091401_11213.jpg;train;type1a;medium;type1a/medium
images/synthetic/syn_v2_2026091401_11214.jpg;train;type1b;medium;type1b/medium
images/synthetic/syn_v2_2026091401_11215.jpg;train;type1;easy;type1/easy
images/synthetic/syn_v2_2026091401_11216.jpg;train;type1a;hard;type1a/hard
images/synthetic/syn_v2_2026091401_11217.jpg;train;type1a;medium;type1a/medium
images/synthetic/syn_v2_2026091401_11218.jpg;test;type1b;medium;type1b/medium
images/synthetic/syn_v2_2026091401_11219.jpg;val;type1;medium;type1/medium
images/synthetic/syn_v2_2026091401_11220.jpg;train;type1b;easy;type1b/easy
images/synthetic/syn_v2_2026091401_11221.jpg;train;type1;easy;type1/easy
images/synthetic/syn_v2_2026091401_11222.jpg;train;type1a;medium;type1a/medium
images/synthetic/syn_v2_2026091401_11223.jpg;train;type1a;easy;type1a/easy
images/synthetic/syn_v2_2026091401_11224.jpg;val;type1b;easy;type1b/easy
images/synthetic/syn_v2_2026091401_11225.jpg;train;type1a;medium;type1a/medium
images/synthetic/syn_v2_2026091401_11226.jpg;train;type1a;easy;type1a/easy
images/synthetic/syn_v2_2026091401_11227.jpg;val;type1a;medium;type1a/medium
images/synthetic/syn_v2_2026091401_11228.jpg;train;type1b;easy;type1b/easy
images/synthetic/syn_v2_2026091401_11229.jpg;train;type1a;medium;type1a/medium
images/synthetic/syn_v2_2026091401_11230.jpg;train;type1a;easy;type1a/easy
images/synthetic/syn_v2_2026091401_11231.jpg;val;type1;hard;type1/hard
images/synthetic/syn_v2_2026091401_11232.jpg;train;type1a;medium;type1a/medium
images/synthetic/syn_v2_2026091401_11233.jpg;train;type1b;easy;type1b/easy
images/synthetic/syn_v2_2026091401_11234.jpg;train;type1b;easy;type1b/easy
images/synthetic/syn_v2_2026091401_11235.jpg;train;type1b;hard;type1b/hard
images/synthetic/syn_v2_2026091401_11236.jpg;train;type1b;medium;type1b/medium
images/synthetic/syn_v2_2026091401_11237.jpg;train;type1b;medium;type1b/medium
images/synthetic/syn_v2_2026091401_11238.jpg;train;type1b;medium;type1b/medium
images/synthetic/syn_v2_2026091401_11239.jpg;train;type1a;medium;type1a/medium
images/synthetic/syn_v2_2026091401_11240.jpg;train;type1b;medium;type1b/medium
images/synthetic/syn_v2_2026091401_11241.jpg;train;type1;medium;type1/medium
images/synthetic/syn_v2_2026091401_11242.jpg;train;type1b;medium;type1b/medium
images/synthetic/syn_v2_2026091401_11243.jpg;train;type1b;hard;type1b/hard
images/synthetic/syn_v2_2026091401_11244.jpg;train;type1b;easy;type1b/easy
images/synthetic/syn_v2_2026091401_11245.jpg;train;type1;easy;type1/easy
images/synthetic/syn_v2_2026091401_11246.jpg;train;type1b;hard;type1b/hard
images/synthetic/syn_v2_2026091401_11247.jpg;train;type1;easy;type1/easy
images/synthetic/syn_v2_2026091401_11248.jpg;train;type1b;medium;type1b/medium
images/synthetic/syn_v2_2026091401_11249.jpg;train;type1;medium;type1/medium
images/synthetic/syn_v2_2026091401_11250.jpg;train;type1a;medium;type1a/medium
images/synthetic/syn_v2_2026091401_11251.jpg;train;type1b;hard;type1b/hard
images/synthetic/syn_v2_2026091401_11252.jpg;train;type1a;easy;type1a/easy
images/synthetic/syn_v2_2026091401_11253.jpg;train;type1a;hard;type1a/hard
images/synthetic/syn_v2_2026091401_11254.jpg;train;type1;medium;type1/medium
images/synthetic/syn_v2_2026091401_11255.jpg;train;type1b;medium;type1b/medium
images/synthetic/syn_v2_2026091401_11256.jpg;train;type1b;hard;type1b/hard
images/synthetic/syn_v2_2026091401_11257.jpg;train;type1b;medium;type1b/medium
images/synthetic/syn_v2_2026091401_11258.jpg;train;type1b;medium;type1b/medium
images/synthetic/syn_v2_2026091401_11259.jpg;train;type1;medium;type1/medium
images/synthetic/syn_v2_2026091401_11260.jpg;train;type1a;easy;type1a/easy
images/synthetic/syn_v2_2026091401_11261.jpg;train;type1a;medium;type1a/medium
images/synthetic/syn_v2_2026091401_11262.jpg;train;type1a;medium;type1a/medium
images/synthetic/syn_v2_2026091401_11263.jpg;train;type1a;medium;type1a/medium
images/synthetic/syn_v2_2026091401_11264.jpg;train;type1a;medium;type1a/medium
images/synthetic/syn_v2_2026091401_11265.jpg;train;type1b;medium;type1b/medium
images/synthetic/syn_v2_2026091401_11266.jpg;train;type1;easy;type1/easy
images/synthetic/syn_v2_2026091401_11267.jpg;train;type1a;easy;type1a/easy
images/synthetic/syn_v2_2026091401_11268.jpg;train;type1a;easy;type1a/easy
images/synthetic/syn_v2_2026091401_11269.jpg;train;type1a;easy;type1a/easy
images/synthetic/syn_v2_2026091401_11270.jpg;train;type1;easy;type1/easy
images/synthetic/syn_v2_2026091401_11271.jpg;train;type1b;medium;type1b/medium
images/synthetic/syn_v2_2026091401_11272.jpg;train;type1;easy;type1/easy
images/synthetic/syn_v2_2026091401_11273.jpg;test;type1b;easy;type1b/easy
images/synthetic/syn_v2_2026091401_11274.jpg;train;type1;hard;type1/hard
images/synthetic/syn_v2_2026091401_11275.jpg;val;type1a;easy;type1a/easy
images/synthetic/syn_v2_2026091401_11276.jpg;train;type1;hard;type1/hard
images/synthetic/syn_v2_2026091401_11277.jpg;train;type1b;easy;type1b/easy
images/synthetic/syn_v2_2026091401_11278.jpg;val;type1b;medium;type1b/medium
images/synthetic/syn_v2_2026091401_11279.jpg;test;type1b;hard;type1b/hard
images/synthetic/syn_v2_2026091401_11280.jpg;train;type1b;medium;type1b/medium
images/synthetic/syn_v2_2026091401_11281.jpg;train;type1b;hard;type1b/hard
images/synthetic/syn_v2_2026091401_11282.jpg;test;type1a;hard;type1a/hard
images/synthetic/syn_v2_2026091401_11283.jpg;train;type1b;easy;type1b/easy
images/synthetic/syn_v2_2026091401_11284.jpg;val;type1a;medium;type1a/medium
images/synthetic/syn_v2_2026091401_11285.jpg;train;type1a;medium;type1a/medium
images/synthetic/syn_v2_2026091401_11286.jpg;test;type1b;hard;type1b/hard
images/synthetic/syn_v2_2026091401_11287.jpg;val;type1b;easy;type1b/easy
images/synthetic/syn_v2_2026091401_11288.jpg;train;type1;easy;type1/easy
images/synthetic/syn_v2_2026091401_11289.jpg;train;type1b;easy;type1b/easy
images/synthetic/syn_v2_2026091401_11290.jpg;train;type1b;medium;type1b/medium
images/synthetic/syn_v2_2026091401_11291.jpg;train;type1a;medium;type1a/medium
images/synthetic/syn_v2_2026091401_11292.jpg;train;type1a;medium;type1a/medium
images/synthetic/syn_v2_2026091401_11293.jpg;train;type1b;easy;type1b/easy
images/synthetic/syn_v2_2026091401_11294.jpg;train;type1a;easy;type1a/easy
images/synthetic/syn_v2_2026091401_11295.jpg;train;type1b;medium;type1b/medium
images/synthetic/syn_v2_2026091401_11296.jpg;train;type1a;medium;type1a/medium
images/synthetic/syn_v2_2026091401_11297.jpg;val;type1a;easy;type1a/easy
images/synthetic/syn_v2_2026091401_11298.jpg;test;type1;hard;type1/hard
images/synthetic/syn_v2_2026091401_11299.jpg;train;type1b;medium;type1b/medium
images/synthetic/syn_v2_2026091401_11300.jpg;train;type1;easy;type1/easy
images/synthetic/syn_v2_2026091401_11301.jpg;train;type1a;easy;type1a/easy
images/synthetic/syn_v2_2026091401_11302.jpg;train;type1b;medium;type1b/medium
images/synthetic/syn_v2_2026091401_11303.jpg;val;type1b;hard;type1b/hard
images/synthetic/syn_v2_2026091401_11304.jpg;train;type1b;hard;type1b/hard
images/synthetic/syn_v2_2026091401_11305.jpg;train;type1a;medium;type1a/medium
images/synthetic/syn_v2_2026091401_11306.jpg;train;type1b;medium;type1b/medium
images/synthetic/syn_v2_2026091401_11307.jpg;train;type1;easy;type1/easy
images/synthetic/syn_v2_2026091401_11308.jpg;train;type1;hard;type1/hard
images/synthetic/syn_v2_2026091401_11309.jpg;train;type1;hard;type1/hard
images/synthetic/syn_v2_2026091401_11310.jpg;train;type1;medium;type1/medium
images/synthetic/syn_v2_2026091401_11311.jpg;train;type1b;medium;type1b/medium
images/synthetic/syn_v2_2026091401_11312.jpg;train;type1b;easy;type1b/easy
images/synthetic/syn_v2_2026091401_11313.jpg;train;type1a;hard;type1a/hard
images/synthetic/syn_v2_2026091401_11314.jpg;train;type1a;medium;type1a/medium
images/synthetic/syn_v2_2026091401_11315.jpg;train;type1b;hard;type1b/hard
images/synthetic/syn_v2_2026091401_11316.jpg;test;type1a;medium;type1a/medium
images/synthetic/syn_v2_2026091401_11317.jpg;train;type1b;medium;type1b/medium
images/synthetic/syn_v2_2026091401_11318.jpg;train;type1a;medium;type1a/medium
images/synthetic/syn_v2_2026091401_11319.jpg;train;type1a;easy;type1a/easy
images/synthetic/syn_v2_2026091401_11320.jpg;val;type1b;hard;type1b/hard
images/synthetic/syn_v2_2026091401_11321.jpg;train;type1a;hard;type1a/hard
images/synthetic/syn_v2_2026091401_11322.jpg;val;type1b;medium;type1b/medium
images/synthetic/syn_v2_2026091401_11323.jpg;train;type1a;medium;type1a/medium
images/synthetic/syn_v2_2026091401_11324.jpg;train;type1a;medium;type1a/medium
images/synthetic/syn_v2_2026091401_11325.jpg;train;type1b;medium;type1b/medium
images/synthetic/syn_v2_2026091401_11326.jpg;train;type1a;easy;type1a/easy
images/synthetic/syn_v2_2026091401_11327.jpg;val;type1b;medium;type1b/medium
images/synthetic/syn_v2_2026091401_11328.jpg;train;type1a;easy;type1a/easy
images/synthetic/syn_v2_2026091401_11329.jpg;train;type1b;easy;type1b/easy
images/synthetic/syn_v2_2026091401_11330.jpg;train;type1b;hard;type1b/hard
images/synthetic/syn_v2_2026091401_11331.jpg;train;type1;easy;type1/easy
images/synthetic/syn_v2_2026091401_11332.jpg;val;type1b;medium;type1b/medium
images/synthetic/syn_v2_2026091401_11333.jpg;train;type1b;medium;type1b/medium
images/synthetic/syn_v2_2026091401_11334.jpg;train;type1b;medium;type1b/medium
images/synthetic/syn_v2_2026091401_11335.jpg;train;type1;medium;type1/medium
images/synthetic/syn_v2_2026091401_11336.jpg;train;type1b;hard;type1b/hard
images/synthetic/syn_v2_2026091401_11337.jpg;train;type1;medium;type1/medium
images/synthetic/syn_v2_2026091401_11338.jpg;train;type1b;medium;type1b/medium
images/synthetic/syn_v2_2026091401_11339.jpg;train;type1b;easy;type1b/easy
images/synthetic/syn_v2_2026091401_11340.jpg;train;type1;hard;type1/hard
images/synthetic/syn_v2_2026091401_11341.jpg;train;type1a;easy;type1a/easy
images/synthetic/syn_v2_2026091401_11342.jpg;test;type1a;easy;type1a/easy
images/synthetic/syn_v2_2026091401_11343.jpg;val;type1;medium;type1/medium
images/synthetic/syn_v2_2026091401_11344.jpg;val;type1b;medium;type1b/medium
images/synthetic/syn_v2_2026091401_11345.jpg;train;type1b;easy;type1b/easy
images/synthetic/syn_v2_2026091401_11346.jpg;train;type1a;easy;type1a/easy
images/synthetic/syn_v2_2026091401_11347.jpg;train;type1a;medium;type1a/medium
images/synthetic/syn_v2_2026091401_11348.jpg;train;type1a;medium;type1a/medium
images/synthetic/syn_v2_2026091401_11349.jpg;test;type1a;hard;type1a/hard
images/synthetic/syn_v2_2026091401_11350.jpg;train;type1b;medium;type1b/medium
images/synthetic/syn_v2_2026091401_11351.jpg;train;type1a;hard;type1a/hard
images/synthetic/syn_v2_2026091401_11352.jpg;train;type1b;medium;type1b/medium
images/synthetic/syn_v2_2026091401_11353.jpg;train;type1a;medium;type1a/medium
images/synthetic/syn_v2_2026091401_11354.jpg;train;type1b;medium;type1b/medium
images/synthetic/syn_v2_2026091401_11355.jpg;train;type1a;easy;type1a/easy
images/synthetic/syn_v2_2026091401_11356.jpg;train;type1b;hard;type1b/hard
images/synthetic/syn_v2_2026091401_11357.jpg;train;type1a;medium;type1a/medium
images/synthetic/syn_v2_2026091401_11358.jpg;train;type1a;medium;type1a/medium
images/synthetic/syn_v2_2026091401_11359.jpg;train;type1a;easy;type1a/easy
images/synthetic/syn_v2_2026091401_11360.jpg;train;type1b;medium;type1b/medium
images/synthetic/syn_v2_2026091401_11361.jpg;train;type1b;medium;type1b/medium
images/synthetic/syn_v2_2026091401_11362.jpg;val;type1b;easy;type1b/easy
images/synthetic/syn_v2_2026091401_11363.jpg;train;type1b;medium;type1b/medium
images/synthetic/syn_v2_2026091401_11364.jpg;train;type1b;hard;type1b/hard
images/synthetic/syn_v2_2026091401_11365.jpg;train;type1a;medium;type1a/medium
images/synthetic/syn_v2_2026091401_11366.jpg;train;type1b;medium;type1b/medium
images/synthetic/syn_v2_2026091401_11367.jpg;train;type1a;easy;type1a/easy
images/synthetic/syn_v2_2026091401_11368.jpg;train;type1b;easy;type1b/easy
images/synthetic/syn_v2_2026091401_11369.jpg;train;type1a;easy;type1a/easy
images/synthetic/syn_v2_2026091401_11370.jpg;train;type1b;medium;type1b/medium
images/synthetic/syn_v2_2026091401_11371.jpg;train;type1;easy;type1/easy
images/synthetic/syn_v2_2026091401_11372.jpg;train;type1;easy;type1/easy
images/synthetic/syn_v2_2026091401_11373.jpg;train;type1a;medium;type1a/medium
images/synthetic/syn_v2_2026091401_11374.jpg;val;type1a;medium;type1a/medium
images/synthetic/syn_v2_2026091401_11375.jpg;train;type1a;hard;type1a/hard
images/synthetic/syn_v2_2026091401_11376.jpg;train;type1b;easy;type1b/easy
images/synthetic/syn_v2_2026091401_11377.jpg;train;type1a;medium;type1a/medium
images/synthetic/syn_v2_2026091401_11378.jpg;train;type1a;medium;type1a/medium
images/synthetic/syn_v2_2026091401_11379.jpg;train;type1b;hard;type1b/hard
images/synthetic/syn_v2_2026091401_11380.jpg;train;type1a;easy;type1a/easy
images/synthetic/syn_v2_2026091401_11381.jpg;train;type1a;easy;type1a/easy
images/synthetic/syn_v2_2026091401_11382.jpg;train;type1a;medium;type1a/medium
images/synthetic/syn_v2_2026091401_11383.jpg;train;type1;medium;type1/medium
images/synthetic/syn_v2_2026091401_11384.jpg;train;type1b;easy;type1b/easy
images/synthetic/syn_v2_2026091401_11385.jpg;train;type1a;easy;type1a/easy
images/synthetic/syn_v2_2026091401_11386.jpg;train;type1b;medium;type1b/medium
images/synthetic/syn_v2_2026091401_11387.jpg;train;type1b;hard;type1b/hard
images/synthetic/syn_v2_2026091401_11388.jpg;train;type1;easy;type1/easy
images/synthetic/syn_v2_2026091401_11389.jpg;train;type1a;medium;type1a/medium
images/synthetic/syn_v2_2026091401_11390.jpg;test;type1;hard;type1/hard
images/synthetic/syn_v2_2026091401_11391.jpg;train;type1b;easy;type1b/easy
images/synthetic/syn_v2_2026091401_11392.jpg;val;type1b;easy;type1b/easy
images/synthetic/syn_v2_2026091401_11393.jpg;train;type1b;easy;type1b/easy
images/synthetic/syn_v2_2026091401_11394.jpg;train;type1b;easy;type1b/easy
images/synthetic/syn_v2_2026091401_11395.jpg;train;type1b;hard;type1b/hard
images/synthetic/syn_v2_2026091401_11396.jpg;val;type1b;hard;type1b/hard
images/synthetic/syn_v2_2026091401_11397.jpg;train;type1b;medium;type1b/medium
images/synthetic/syn_v2_2026091401_11398.jpg;train;type1a;medium;type1a/medium
images/synthetic/syn_v2_2026091401_11399.jpg;train;type1a;medium;type1a/medium
images/synthetic/syn_v2_2026091401_11400.jpg;train;type1a;hard;type1a/hard
images/synthetic/syn_v2_2026091401_11401.jpg;train;type1a;hard;type1a/hard
images/synthetic/syn_v2_2026091401_11402.jpg;train;type1b;medium;type1b/medium
images/synthetic/syn_v2_2026091401_11403.jpg;train;type1;medium;type1/medium
images/synthetic/syn_v2_2026091401_11404.jpg;train;type1b;easy;type1b/easy
images/synthetic/syn_v2_2026091401_11405.jpg;train;type1b;medium;type1b/medium
images/synthetic/syn_v2_2026091401_11406.jpg;train;type1b;medium;type1b/medium
images/synthetic/syn_v2_2026091401_11407.jpg;train;type1a;medium;type1a/medium
images/synthetic/syn_v2_2026091401_11408.jpg;train;type1;medium;type1/medium
images/synthetic/syn_v2_2026091401_11409.jpg;train;type1b;easy;type1b/easy
images/synthetic/syn_v2_2026091401_11410.jpg;test;type1b;easy;type1b/easy
images/synthetic/syn_v2_2026091401_11411.jpg;train;type1a;easy;type1a/easy
images/synthetic/syn_v2_2026091401_11412.jpg;test;type1b;hard;type1b/hard
images/synthetic/syn_v2_2026091401_11413.jpg;train;type1b;medium;type1b/medium
images/synthetic/syn_v2_2026091401_11414.jpg;train;type1b;easy;type1b/easy
images/synthetic/syn_v2_2026091401_11415.jpg;train;type1b;medium;type1b/medium
images/synthetic/syn_v2_2026091401_11416.jpg;train;type1a;medium;type1a/medium
images/synthetic/syn_v2_2026091401_11417.jpg;test;type1b;easy;type1b/easy
images/synthetic/syn_v2_2026091401_11418.jpg;train;type1b;medium;type1b/medium
images/synthetic/syn_v2_2026091401_11419.jpg;train;type1b;medium;type1b/medium
images/synthetic/syn_v2_2026091401_11420.jpg;train;type1;medium;type1/medium
images/synthetic/syn_v2_2026091401_11421.jpg;train;type1b;medium;type1b/medium
images/synthetic/syn_v2_2026091401_11422.jpg;train;type1;medium;type1/medium
images/synthetic/syn_v2_2026091401_11423.jpg;train;type1;hard;type1/hard
images/synthetic/syn_v2_2026091401_11424.jpg;train;type1b;medium;type1b/medium
images/synthetic/syn_v2_2026091401_11425.jpg;val;type1b;medium;type1b/medium
images/synthetic/syn_v2_2026091401_11426.jpg;test;type1b;easy;type1b/easy
images/synthetic/syn_v2_2026091401_11427.jpg;test;type1a;easy;type1a/easy
images/synthetic/syn_v2_2026091401_11428.jpg;train;type1b;medium;type1b/medium
images/synthetic/syn_v2_2026091401_11429.jpg;train;type1b;medium;type1b/medium
images/synthetic/syn_v2_2026091401_11430.jpg;train;type1a;easy;type1a/easy
images/synthetic/syn_v2_2026091401_11431.jpg;train;type1b;medium;type1b/medium
images/synthetic/syn_v2_2026091401_11432.jpg;train;type1a;easy;type1a/easy
images/synthetic/syn_v2_2026091401_11433.jpg;train;type1b;easy;type1b/easy
images/synthetic/syn_v2_2026091401_11434.jpg;test;type1b;hard;type1b/hard
images/synthetic/syn_v2_2026091401_11435.jpg;train;type1a;medium;type1a/medium
images/synthetic/syn_v2_2026091401_11436.jpg;test;type1a;easy;type1a/easy
images/synthetic/syn_v2_2026091401_11437.jpg;train;type1a;medium;type1a/medium
images/synthetic/syn_v2_2026091401_11438.jpg;train;type1;easy;type1/easy
images/synthetic/syn_v2_2026091401_11439.jpg;train;type1a;medium;type1a/medium
images/synthetic/syn_v2_2026091401_11440.jpg;train;type1b;medium;type1b/medium
images/synthetic/syn_v2_2026091401_11441.jpg;train;type1a;easy;type1a/easy
images/synthetic/syn_v2_2026091401_11442.jpg;train;type1b;medium;type1b/medium
images/synthetic/syn_v2_2026091401_11443.jpg;train;type1a;hard;type1a/hard
images/synthetic/syn_v2_2026091401_11444.jpg;train;type1b;easy;type1b/easy
images/synthetic/syn_v2_2026091401_11445.jpg;train;type1b;hard;type1b/hard
images/synthetic/syn_v2_2026091401_11446.jpg;val;type1b;medium;type1b/medium
images/synthetic/syn_v2_2026091401_11447.jpg;test;type1b;medium;type1b/medium
images/synthetic/syn_v2_2026091401_11448.jpg;train;type1b;easy;type1b/easy
images/synthetic/syn_v2_2026091401_11449.jpg;test;type1;hard;type1/hard
images/synthetic/syn_v2_2026091401_11450.jpg;train;type1;easy;type1/easy
images/synthetic/syn_v2_2026091401_11451.jpg;train;type1b;medium;type1b/medium
images/synthetic/syn_v2_2026091401_11452.jpg;train;type1a;medium;type1a/medium
images/synthetic/syn_v2_2026091401_11453.jpg;train;type1b;medium;type1b/medium
images/synthetic/syn_v2_2026091401_11454.jpg;train;type1b;hard;type1b/hard
images/synthetic/syn_v2_2026091401_11455.jpg;test;type1b;easy;type1b/easy
images/synthetic/syn_v2_2026091401_11456.jpg;train;type1;hard;type1/hard
images/synthetic/syn_v2_2026091401_11457.jpg;train;type1a;hard;type1a/hard
images/synthetic/syn_v2_2026091401_11458.jpg;train;type1b;medium;type1b/medium
images/synthetic/syn_v2_2026091401_11459.jpg;train;type1;easy;type1/easy
images/synthetic/syn_v2_2026091401_11460.jpg;train;type1b;hard;type1b/hard
images/synthetic/syn_v2_2026091401_11461.jpg;train;type1a;medium;type1a/medium
images/synthetic/syn_v2_2026091401_11462.jpg;train;type1;medium;type1/medium
images/synthetic/syn_v2_2026091401_11463.jpg;train;type1b;easy;type1b/easy
images/synthetic/syn_v2_2026091401_11464.jpg;test;type1;easy;type1/easy
images/synthetic/syn_v2_2026091401_11465.jpg;train;type1;medium;type1/medium
images/synthetic/syn_v2_2026091401_11466.jpg;train;type1b;medium;type1b/medium
images/synthetic/syn_v2_2026091401_11467.jpg;val;type1b;medium;type1b/medium
images/synthetic/syn_v2_2026091401_11468.jpg;train;type1b;easy;type1b/easy
images/synthetic/syn_v2_2026091401_11469.jpg;train;type1a;hard;type1a/hard
images/synthetic/syn_v2_2026091401_11470.jpg;val;type1b;easy;type1b/easy
images/synthetic/syn_v2_2026091401_11471.jpg;train;type1a;easy;type1a/easy
images/synthetic/syn_v2_2026091401_11472.jpg;val;type1;hard;type1/hard
images/synthetic/syn_v2_2026091401_11473.jpg;train;type1;hard;type1/hard
images/synthetic/syn_v2_2026091401_11474.jpg;train;type1a;easy;type1a/easy
images/synthetic/syn_v2_2026091401_11475.jpg;val;type1;medium;type1/medium
images/synthetic/syn_v2_2026091401_11476.jpg;train;type1b;easy;type1b/easy
images/synthetic/syn_v2_2026091401_11477.jpg;train;type1b;easy;type1b/easy
images/synthetic/syn_v2_2026091401_11478.jpg;train;type1a;hard;type1a/hard
images/synthetic/syn_v2_2026091401_11479.jpg;test;type1;easy;type1/easy
images/synthetic/syn_v2_2026091401_11480.jpg;val;type1a;medium;type1a/medium
images/synthetic/syn_v2_2026091401_11481.jpg;train;type1;easy;type1/easy
images/synthetic/syn_v2_2026091401_11482.jpg;train;type1a;easy;type1a/easy
images/synthetic/syn_v2_2026091401_11483.jpg;train;type1a;easy;type1a/easy
images/synthetic/syn_v2_2026091401_11484.jpg;train;type1a;medium;type1a/medium
images/synthetic/syn_v2_2026091401_11485.jpg;train;type1b;hard;type1b/hard
images/synthetic/syn_v2_2026091401_11486.jpg;train;type1a;medium;type1a/medium
images/synthetic/syn_v2_2026091401_11487.jpg;train;type1a;easy;type1a/easy
images/synthetic/syn_v2_2026091401_11488.jpg;val;type1b;medium;type1b/medium
images/synthetic/syn_v2_2026091401_11489.jpg;val;type1;easy;type1/easy
images/synthetic/syn_v2_2026091401_11490.jpg;test;type1;medium;type1/medium
images/synthetic/syn_v2_2026091401_11491.jpg;train;type1b;medium;type1b/medium
images/synthetic/syn_v2_2026091401_11492.jpg;test;type1a;medium;type1a/medium
images/synthetic/syn_v2_2026091401_11493.jpg;train;type1a;medium;type1a/medium
images/synthetic/syn_v2_2026091401_11494.jpg;train;type1b;medium;type1b/medium
images/synthetic/syn_v2_2026091401_11495.jpg;train;type1b;easy;type1b/easy
images/synthetic/syn_v2_2026091401_11496.jpg;train;type1a;easy;type1a/easy
images/synthetic/syn_v2_2026091401_11497.jpg;train;type1a;hard;type1a/hard
images/synthetic/syn_v2_2026091401_11498.jpg;train;type1b;medium;type1b/medium
images/synthetic/syn_v2_2026091401_11499.jpg;train;type1;easy;type1/easy
images/synthetic/syn_v2_2026091401_11500.jpg;train;type1a;hard;type1a/hard
images/synthetic/syn_v2_2026091401_11501.jpg;train;type1;easy;type1/easy
images/synthetic/syn_v2_2026091401_11502.jpg;val;type1a;medium;type1a/medium
images/synthetic/syn_v2_2026091401_11503.jpg;train;type1a;medium;type1a/medium
images/synthetic/syn_v2_2026091401_11504.jpg;train;type1b;hard;type1b/hard
images/synthetic/syn_v2_2026091401_11505.jpg;train;type1a;easy;type1a/easy
images/synthetic/syn_v2_2026091401_11506.jpg;train;type1b;medium;type1b/medium
images/synthetic/syn_v2_2026091401_11507.jpg;train;type1;medium;type1/medium
images/synthetic/syn_v2_2026091401_11508.jpg;train;type1;medium;type1/medium
images/synthetic/syn_v2_2026091401_11509.jpg;val;type1a;hard;type1a/hard
images/synthetic/syn_v2_2026091401_11510.jpg;train;type1a;medium;type1a/medium
images/synthetic/syn_v2_2026091401_11511.jpg;train;type1b;easy;type1b/easy
images/synthetic/syn_v2_2026091401_11512.jpg;train;type1b;easy;type1b/easy
images/synthetic/syn_v2_2026091401_11513.jpg;train;type1b;medium;type1b/medium
images/synthetic/syn_v2_2026091401_11514.jpg;train;type1b;hard;type1b/hard
images/synthetic/syn_v2_2026091401_11515.jpg;train;type1a;easy;type1a/easy
images/synthetic/syn_v2_2026091401_11516.jpg;train;type1b;medium;type1b/medium
images/synthetic/syn_v2_2026091401_11517.jpg;train;type1;hard;type1/hard
images/synthetic/syn_v2_2026091401_11518.jpg;train;type1b;medium;type1b/medium
images/synthetic/syn_v2_2026091401_11519.jpg;val;type1a;hard;type1a/hard
images/synthetic/syn_v2_2026091401_11520.jpg;val;type1a;easy;type1a/easy
images/synthetic/syn_v2_2026091401_11521.jpg;train;type1;medium;type1/medium
images/synthetic/syn_v2_2026091401_11522.jpg;train;type1a;easy;type1a/easy
images/synthetic/syn_v2_2026091401_11523.jpg;train;type1a;hard;type1a/hard
images/synthetic/syn_v2_2026091401_11524.jpg;val;type1a;hard;type1a/hard
images/synthetic/syn_v2_2026091401_11525.jpg;val;type1b;medium;type1b/medium
images/synthetic/syn_v2_2026091401_11526.jpg;train;type1a;easy;type1a/easy
images/synthetic/syn_v2_2026091401_11527.jpg;test;type1b;medium;type1b/medium
images/synthetic/syn_v2_2026091401_11528.jpg;train;type1a;medium;type1a/medium
images/synthetic/syn_v2_2026091401_11529.jpg;train;type1b;hard;type1b/hard
images/synthetic/syn_v2_2026091401_11530.jpg;train;type1a;hard;type1a/hard
images/synthetic/syn_v2_2026091401_11531.jpg;train;type1a;medium;type1a/medium
images/synthetic/syn_v2_2026091401_11532.jpg;train;type1b;easy;type1b/easy
images/synthetic/syn_v2_2026091401_11533.jpg;train;type1b;hard;type1b/hard
images/synthetic/syn_v2_2026091401_11534.jpg;train;type1a;easy;type1a/easy
images/synthetic/syn_v2_2026091401_11535.jpg;train;type1a;easy;type1a/easy
images/synthetic/syn_v2_2026091401_11536.jpg;train;type1b;medium;type1b/medium
images/synthetic/syn_v2_2026091401_11537.jpg;test;type1a;easy;type1a/easy
images/synthetic/syn_v2_2026091401_11538.jpg;train;type1a;medium;type1a/medium
images/synthetic/syn_v2_2026091401_11539.jpg;val;type1a;medium;type1a/medium
images/synthetic/syn_v2_2026091401_11540.jpg;train;type1;easy;type1/easy
images/synthetic/syn_v2_2026091401_11541.jpg;train;type1b;easy;type1b/easy
images/synthetic/syn_v2_2026091401_11542.jpg;train;type1;medium;type1/medium
images/synthetic/syn_v2_2026091401_11543.jpg;train;type1;hard;type1/hard
images/synthetic/syn_v2_2026091401_11544.jpg;train;type1a;hard;type1a/hard
images/synthetic/syn_v2_2026091401_11545.jpg;val;type1a;hard;type1a/hard
images/synthetic/syn_v2_2026091401_11546.jpg;train;type1b;easy;type1b/easy
images/synthetic/syn_v2_2026091401_11547.jpg;train;type1a;easy;type1a/easy
images/synthetic/syn_v2_2026091401_11548.jpg;train;type1b;medium;type1b/medium
images/synthetic/syn_v2_2026091401_11549.jpg;test;type1a;easy;type1a/easy
images/synthetic/syn_v2_2026091401_11550.jpg;val;type1a;hard;type1a/hard
images/synthetic/syn_v2_2026091401_11551.jpg;train;type1b;medium;type1b/medium
images/synthetic/syn_v2_2026091401_11552.jpg;train;type1;medium;type1/medium
images/synthetic/syn_v2_2026091401_11553.jpg;train;type1;medium;type1/medium
images/synthetic/syn_v2_2026091401_11554.jpg;train;type1;medium;type1/medium
images/synthetic/syn_v2_2026091401_11555.jpg;train;type1b;hard;type1b/hard
images/synthetic/syn_v2_2026091401_11556.jpg;train;type1b;medium;type1b/medium
images/synthetic/syn_v2_2026091401_11557.jpg;val;type1a;easy;type1a/easy
images/synthetic/syn_v2_2026091401_11558.jpg;train;type1b;hard;type1b/hard
images/synthetic/syn_v2_2026091401_11559.jpg;val;type1a;hard;type1a/hard
images/synthetic/syn_v2_2026091401_11560.jpg;train;type1b;easy;type1b/easy
images/synthetic/syn_v2_2026091401_11561.jpg;val;type1a;hard;type1a/hard
images/synthetic/syn_v2_2026091401_11562.jpg;train;type1b;medium;type1b/medium
images/synthetic/syn_v2_2026091401_11563.jpg;test;type1b;hard;type1b/hard
images/synthetic/syn_v2_2026091401_11564.jpg;train;type1;easy;type1/easy
images/synthetic/syn_v2_2026091401_11565.jpg;train;type1a;medium;type1a/medium
images/synthetic/syn_v2_2026091401_11566.jpg;val;type1;hard;type1/hard
images/synthetic/syn_v2_2026091401_11567.jpg;train;type1a;medium;type1a/medium
images/synthetic/syn_v2_2026091401_11568.jpg;train;type1b;medium;type1b/medium
images/synthetic/syn_v2_2026091401_11569.jpg;train;type1;easy;type1/easy
images/synthetic/syn_v2_2026091401_11570.jpg;train;type1b;easy;type1b/easy
images/synthetic/syn_v2_2026091401_11571.jpg;train;type1b;medium;type1b/medium
images/synthetic/syn_v2_2026091401_11572.jpg;train;type1a;medium;type1a/medium
images/synthetic/syn_v2_2026091401_11573.jpg;train;type1;medium;type1/medium
images/synthetic/syn_v2_2026091401_11574.jpg;train;type1b;medium;type1b/medium
images/synthetic/syn_v2_2026091401_11575.jpg;train;type1a;medium;type1a/medium
images/synthetic/syn_v2_2026091401_11576.jpg;train;type1b;medium;type1b/medium
images/synthetic/syn_v2_2026091401_11577.jpg;train;type1b;medium;type1b/medium
images/synthetic/syn_v2_2026091401_11578.jpg;train;type1;easy;type1/easy
images/synthetic/syn_v2_2026091401_11579.jpg;train;type1b;easy;type1b/easy
images/synthetic/syn_v2_2026091401_11580.jpg;train;type1b;easy;type1b/easy
images/synthetic/syn_v2_2026091401_11581.jpg;train;type1a;easy;type1a/easy
images/synthetic/syn_v2_2026091401_11582.jpg;train;type1a;hard;type1a/hard
images/synthetic/syn_v2_2026091401_11583.jpg;train;type1a;medium;type1a/medium
images/synthetic/syn_v2_2026091401_11584.jpg;train;type1b;medium;type1b/medium
images/synthetic/syn_v2_2026091401_11585.jpg;train;type1a;easy;type1a/easy
images/synthetic/syn_v2_2026091401_11586.jpg;train;type1a;medium;type1a/medium
images/synthetic/syn_v2_2026091401_11587.jpg;test;type1;medium;type1/medium
images/synthetic/syn_v2_2026091401_11588.jpg;train;type1b;medium;type1b/medium
images/synthetic/syn_v2_2026091401_11589.jpg;train;type1a;medium;type1a/medium
images/synthetic/syn_v2_2026091401_11590.jpg;train;type1b;medium;type1b/medium
images/synthetic/syn_v2_2026091401_11591.jpg;test;type1b;medium;type1b/medium
images/synthetic/syn_v2_2026091401_11592.jpg;train;type1a;easy;type1a/easy
images/synthetic/syn_v2_2026091401_11593.jpg;train;type1b;medium;type1b/medium
images/synthetic/syn_v2_2026091401_11594.jpg;train;type1b;hard;type1b/hard
images/synthetic/syn_v2_2026091401_11595.jpg;train;type1b;medium;type1b/medium
images/synthetic/syn_v2_2026091401_11596.jpg;val;type1;medium;type1/medium
images/synthetic/syn_v2_2026091401_11597.jpg;val;type1b;medium;type1b/medium
images/synthetic/syn_v2_2026091401_11598.jpg;test;type1b;easy;type1b/easy
images/synthetic/syn_v2_2026091401_11599.jpg;train;type1;medium;type1/medium
images/synthetic/syn_v2_2026091401_11600.jpg;train;type1;medium;type1/medium
images/synthetic/syn_v2_2026091401_11601.jpg;train;type1a;easy;type1a/easy
images/synthetic/syn_v2_2026091401_11602.jpg;train;type1;easy;type1/easy
images/synthetic/syn_v2_2026091401_11603.jpg;val;type1b;hard;type1b/hard
images/synthetic/syn_v2_2026091401_11604.jpg;train;type1b;easy;type1b/easy
images/synthetic/syn_v2_2026091401_11605.jpg;val;type1;easy;type1/easy
images/synthetic/syn_v2_2026091401_11606.jpg;val;type1;easy;type1/easy
images/synthetic/syn_v2_2026091401_11607.jpg;train;type1b;easy;type1b/easy
images/synthetic/syn_v2_2026091401_11608.jpg;train;type1b;easy;type1b/easy
images/synthetic/syn_v2_2026091401_11609.jpg;train;type1a;medium;type1a/medium
images/synthetic/syn_v2_2026091401_11610.jpg;train;type1;easy;type1/easy
images/synthetic/syn_v2_2026091401_11611.jpg;train;type1b;easy;type1b/easy
images/synthetic/syn_v2_2026091401_11612.jpg;test;type1b;easy;type1b/easy
images/synthetic/syn_v2_2026091401_11613.jpg;train;type1a;medium;type1a/medium
images/synthetic/syn_v2_2026091401_11614.jpg;train;type1b;hard;type1b/hard
images/synthetic/syn_v2_2026091401_11615.jpg;train;type1;easy;type1/easy
images/synthetic/syn_v2_2026091401_11616.jpg;train;type1a;medium;type1a/medium
images/synthetic/syn_v2_2026091401_11617.jpg;train;type1b;medium;type1b/medium
images/synthetic/syn_v2_2026091401_11618.jpg;train;type1a;medium;type1a/medium
images/synthetic/syn_v2_2026091401_11619.jpg;train;type1b;hard;type1b/hard
images/synthetic/syn_v2_2026091401_11620.jpg;train;type1a;medium;type1a/medium
images/synthetic/syn_v2_2026091401_11621.jpg;train;type1b;easy;type1b/easy
images/synthetic/syn_v2_2026091401_11622.jpg;train;type1a;easy;type1a/easy
images/synthetic/syn_v2_2026091401_11623.jpg;train;type1b;medium;type1b/medium
images/synthetic/syn_v2_2026091401_11624.jpg;train;type1b;easy;type1b/easy
images/synthetic/syn_v2_2026091401_11625.jpg;train;type1;medium;type1/medium
images/synthetic/syn_v2_2026091401_11626.jpg;train;type1a;hard;type1a/hard
images/synthetic/syn_v2_2026091401_11627.jpg;train;type1b;medium;type1b/medium
images/synthetic/syn_v2_2026091401_11628.jpg;train;type1a;easy;type1a/easy
images/synthetic/syn_v2_2026091401_11629.jpg;train;type1b;medium;type1b/medium
images/synthetic/syn_v2_2026091401_11630.jpg;val;type1a;medium;type1a/medium
images/synthetic/syn_v2_2026091401_11631.jpg;train;type1;easy;type1/easy
images/synthetic/syn_v2_2026091401_11632.jpg;train;type1a;easy;type1a/easy
images/synthetic/syn_v2_2026091401_11633.jpg;train;type1a;medium;type1a/medium
images/synthetic/syn_v2_2026091401_11634.jpg;train;type1a;hard;type1a/hard
images/synthetic/syn_v2_2026091401_11635.jpg;train;type1;hard;type1/hard
images/synthetic/syn_v2_2026091401_11636.jpg;val;type1b;easy;type1b/easy
images/synthetic/syn_v2_2026091401_11637.jpg;train;type1a;medium;type1a/medium
images/synthetic/syn_v2_2026091401_11638.jpg;train;type1a;medium;type1a/medium
images/synthetic/syn_v2_2026091401_11639.jpg;train;type1b;hard;type1b/hard
images/synthetic/syn_v2_2026091401_11640.jpg;train;type1;medium;type1/medium
images/synthetic/syn_v2_2026091401_11641.jpg;train;type1b;easy;type1b/easy
images/synthetic/syn_v2_2026091401_11642.jpg;train;type1;medium;type1/medium
images/synthetic/syn_v2_2026091401_11643.jpg;train;type1;hard;type1/hard
images/synthetic/syn_v2_2026091401_11644.jpg;train;type1a;easy;type1a/easy
images/synthetic/syn_v2_2026091401_11645.jpg;train;type1a;easy;type1a/easy
images/synthetic/syn_v2_2026091401_11646.jpg;train;type1b;easy;type1b/easy
images/synthetic/syn_v2_2026091401_11647.jpg;train;type1b;medium;type1b/medium
images/synthetic/syn_v2_2026091401_11648.jpg;train;type1b;hard;type1b/hard
images/synthetic/syn_v2_2026091401_11649.jpg;test;type1a;easy;type1a/easy
images/synthetic/syn_v2_2026091401_11650.jpg;train;type1;hard;type1/hard
images/synthetic/syn_v2_2026091401_11651.jpg;train;type1;medium;type1/medium
images/synthetic/syn_v2_2026091401_11652.jpg;val;type1;medium;type1/medium
images/synthetic/syn_v2_2026091401_11653.jpg;train;type1a;easy;type1a/easy
images/synthetic/syn_v2_2026091401_11654.jpg;train;type1b;easy;type1b/easy
images/synthetic/syn_v2_2026091401_11655.jpg;train;type1b;easy;type1b/easy
images/synthetic/syn_v2_2026091401_11656.jpg;val;type1b;medium;type1b/medium
images/synthetic/syn_v2_2026091401_11657.jpg;train;type1b;easy;type1b/easy
images/synthetic/syn_v2_2026091401_11658.jpg;train;type1a;hard;type1a/hard
images/synthetic/syn_v2_2026091401_11659.jpg;train;type1a;easy;type1a/easy
images/synthetic/syn_v2_2026091401_11660.jpg;train;type1a;easy;type1a/easy
images/synthetic/syn_v2_2026091401_11661.jpg;train;type1a;medium;type1a/medium
images/synthetic/syn_v2_2026091401_11662.jpg;train;type1;medium;type1/medium
images/synthetic/syn_v2_2026091401_11663.jpg;val;type1a;medium;type1a/medium
images/synthetic/syn_v2_2026091401_11664.jpg;train;type1b;medium;type1b/medium
images/synthetic/syn_v2_2026091401_11665.jpg;train;type1b;easy;type1b/easy
images/synthetic/syn_v2_2026091401_11666.jpg;train;type1;hard;type1/hard
images/synthetic/syn_v2_2026091401_11667.jpg;train;type1b;easy;type1b/easy
images/synthetic/syn_v2_2026091401_11668.jpg;train;type1;medium;type1/medium
images/synthetic/syn_v2_2026091401_11669.jpg;train;type1b;medium;type1b/medium
images/synthetic/syn_v2_2026091401_11670.jpg;train;type1b;easy;type1b/easy
images/synthetic/syn_v2_2026091401_11671.jpg;train;type1;medium;type1/medium
images/synthetic/syn_v2_2026091401_11672.jpg;train;type1b;hard;type1b/hard
images/synthetic/syn_v2_2026091401_11673.jpg;train;type1a;medium;type1a/medium
images/synthetic/syn_v2_2026091401_11674.jpg;val;type1a;medium;type1a/medium
images/synthetic/syn_v2_2026091401_11675.jpg;train;type1a;hard;type1a/hard
images/synthetic/syn_v2_2026091401_11676.jpg;test;type1b;medium;type1b/medium
images/synthetic/syn_v2_2026091401_11677.jpg;train;type1a;hard;type1a/hard
images/synthetic/syn_v2_2026091401_11678.jpg;train;type1b;hard;type1b/hard
images/synthetic/syn_v2_2026091401_11679.jpg;train;type1;hard;type1/hard
images/synthetic/syn_v2_2026091401_11680.jpg;train;type1b;hard;type1b/hard
images/synthetic/syn_v2_2026091401_11681.jpg;train;type1a;easy;type1a/easy
images/synthetic/syn_v2_2026091401_11682.jpg;train;type1;hard;type1/hard
images/synthetic/syn_v2_2026091401_11683.jpg;train;type1a;hard;type1a/hard
images/synthetic/syn_v2_2026091401_11684.jpg;train;type1;medium;type1/medium
images/synthetic/syn_v2_2026091401_11685.jpg;train;type1b;medium;type1b/medium
images/synthetic/syn_v2_2026091401_11686.jpg;train;type1a;easy;type1a/easy
images/synthetic/syn_v2_2026091401_11687.jpg;train;type1b;easy;type1b/easy
images/synthetic/syn_v2_2026091401_11688.jpg;train;type1a;easy;type1a/easy
images/synthetic/syn_v2_2026091401_11689.jpg;train;type1b;medium;type1b/medium
images/synthetic/syn_v2_2026091401_11690.jpg;train;type1a;easy;type1a/easy
images/synthetic/syn_v2_2026091401_11691.jpg;train;type1b;medium;type1b/medium
images/synthetic/syn_v2_2026091401_11692.jpg;train;type1a;medium;type1a/medium
images/synthetic/syn_v2_2026091401_11693.jpg;train;type1a;easy;type1a/easy
images/synthetic/syn_v2_2026091401_11694.jpg;train;type1b;hard;type1b/hard
images/synthetic/syn_v2_2026091401_11695.jpg;train;type1b;hard;type1b/hard
images/synthetic/syn_v2_2026091401_11696.jpg;train;type1b;medium;type1b/medium
images/synthetic/syn_v2_2026091401_11697.jpg;test;type1a;medium;type1a/medium
images/synthetic/syn_v2_2026091401_11698.jpg;train;type1b;medium;type1b/medium
images/synthetic/syn_v2_2026091401_11699.jpg;train;type1a;hard;type1a/hard
images/synthetic/syn_v2_2026091401_11700.jpg;train;type1;medium;type1/medium
images/synthetic/syn_v2_2026091401_11701.jpg;train;type1a;hard;type1a/hard
images/synthetic/syn_v2_2026091401_11702.jpg;train;type1a;medium;type1a/medium
images/synthetic/syn_v2_2026091401_11703.jpg;train;type1b;medium;type1b/medium
images/synthetic/syn_v2_2026091401_11704.jpg;test;type1a;medium;type1a/medium
images/synthetic/syn_v2_2026091401_11705.jpg;train;type1a;easy;type1a/easy
images/synthetic/syn_v2_2026091401_11706.jpg;train;type1b;easy;type1b/easy
images/synthetic/syn_v2_2026091401_11707.jpg;train;type1a;medium;type1a/medium
images/synthetic/syn_v2_2026091401_11708.jpg;train;type1b;medium;type1b/medium
images/synthetic/syn_v2_2026091401_11709.jpg;train;type1;hard;type1/hard
images/synthetic/syn_v2_2026091401_11710.jpg;train;type1b;medium;type1b/medium
images/synthetic/syn_v2_2026091401_11711.jpg;train;type1a;easy;type1a/easy
images/synthetic/syn_v2_2026091401_11712.jpg;train;type1b;medium;type1b/medium
images/synthetic/syn_v2_2026091401_11713.jpg;train;type1;easy;type1/easy
images/synthetic/syn_v2_2026091401_11714.jpg;train;type1a;easy;type1a/easy
images/synthetic/syn_v2_2026091401_11715.jpg;train;type1a;medium;type1a/medium
images/synthetic/syn_v2_2026091401_11716.jpg;train;type1;easy;type1/easy
images/synthetic/syn_v2_2026091401_11717.jpg;train;type1a;medium;type1a/medium
images/synthetic/syn_v2_2026091401_11718.jpg;train;type1b;medium;type1b/medium
images/synthetic/syn_v2_2026091401_11719.jpg;train;type1b;hard;type1b/hard
images/synthetic/syn_v2_2026091401_11720.jpg;train;type1a;easy;type1a/easy
images/synthetic/syn_v2_2026091401_11721.jpg;train;type1b;easy;type1b/easy
images/synthetic/syn_v2_2026091401_11722.jpg;train;type1b;medium;type1b/medium
images/synthetic/syn_v2_2026091401_11723.jpg;train;type1a;medium;type1a/medium
images/synthetic/syn_v2_2026091401_11724.jpg;train;type1;medium;type1/medium
images/synthetic/syn_v2_2026091401_11725.jpg;test;type1b;hard;type1b/hard
images/synthetic/syn_v2_2026091401_11726.jpg;train;type1a;easy;type1a/easy
images/synthetic/syn_v2_2026091401_11727.jpg;val;type1;easy;type1/easy
images/synthetic/syn_v2_2026091401_11728.jpg;train;type1b;easy;type1b/easy
images/synthetic/syn_v2_2026091401_11729.jpg;train;type1;hard;type1/hard
images/synthetic/syn_v2_2026091401_11730.jpg;test;type1a;easy;type1a/easy
images/synthetic/syn_v2_2026091401_11731.jpg;train;type1a;medium;type1a/medium
images/synthetic/syn_v2_2026091401_11732.jpg;val;type1a;hard;type1a/hard
images/synthetic/syn_v2_2026091401_11733.jpg;train;type1;medium;type1/medium
images/synthetic/syn_v2_2026091401_11734.jpg;train;type1;medium;type1/medium
images/synthetic/syn_v2_2026091401_11735.jpg;train;type1b;medium;type1b/medium
images/synthetic/syn_v2_2026091401_11736.jpg;train;type1a;easy;type1a/easy
images/synthetic/syn_v2_2026091401_11737.jpg;train;type1a;easy;type1a/easy
images/synthetic/syn_v2_2026091401_11738.jpg;train;type1b;medium;type1b/medium
images/synthetic/syn_v2_2026091401_11739.jpg;train;type1b;hard;type1b/hard
images/synthetic/syn_v2_2026091401_11740.jpg;train;type1b;medium;type1b/medium
images/synthetic/syn_v2_2026091401_11741.jpg;val;type1b;medium;type1b/medium
images/synthetic/syn_v2_2026091401_11742.jpg;val;type1a;medium;type1a/medium
images/synthetic/syn_v2_2026091401_11743.jpg;train;type1;easy;type1/easy
images/synthetic/syn_v2_2026091401_11744.jpg;train;type1b;easy;type1b/easy
images/synthetic/syn_v2_2026091401_11745.jpg;train;type1b;medium;type1b/medium
images/synthetic/syn_v2_2026091401_11746.jpg;train;type1a;medium;type1a/medium
images/synthetic/syn_v2_2026091401_11747.jpg;train;type1b;easy;type1b/easy
images/synthetic/syn_v2_2026091401_11748.jpg;val;type1b;easy;type1b/easy
images/synthetic/syn_v2_2026091401_11749.jpg;train;type1a;hard;type1a/hard
images/synthetic/syn_v2_2026091401_11750.jpg;train;type1a;hard;type1a/hard
images/synthetic/syn_v2_2026091401_11751.jpg;train;type1a;easy;type1a/easy
images/synthetic/syn_v2_2026091401_11752.jpg;train;type1;medium;type1/medium
images/synthetic/syn_v2_2026091401_11753.jpg;train;type1;easy;type1/easy
images/synthetic/syn_v2_2026091401_11754.jpg;train;type1b;easy;type1b/easy
images/synthetic/syn_v2_2026091401_11755.jpg;train;type1;easy;type1/easy
images/synthetic/syn_v2_2026091401_11756.jpg;train;type1a;medium;type1a/medium
images/synthetic/syn_v2_2026091401_11757.jpg;train;type1a;hard;type1a/hard
images/synthetic/syn_v2_2026091401_11758.jpg;train;type1b;medium;type1b/medium
images/synthetic/syn_v2_2026091401_11759.jpg;train;type1;hard;type1/hard
images/synthetic/syn_v2_2026091401_11760.jpg;train;type1b;medium;type1b/medium
images/synthetic/syn_v2_2026091401_11761.jpg;train;type1a;hard;type1a/hard
images/synthetic/syn_v2_2026091401_11762.jpg;train;type1b;hard;type1b/hard
images/synthetic/syn_v2_2026091401_11763.jpg;train;type1a;hard;type1a/hard
images/synthetic/syn_v2_2026091401_11764.jpg;train;type1;medium;type1/medium
images/synthetic/syn_v2_2026091401_11765.jpg;train;type1b;medium;type1b/medium
images/synthetic/syn_v2_2026091401_11766.jpg;train;type1b;easy;type1b/easy
images/synthetic/syn_v2_2026091401_11767.jpg;train;type1;easy;type1/easy
images/synthetic/syn_v2_2026091401_11768.jpg;train;type1b;medium;type1b/medium
images/synthetic/syn_v2_2026091401_11769.jpg;train;type1b;easy;type1b/easy
images/synthetic/syn_v2_2026091401_11770.jpg;train;type1b;medium;type1b/medium
images/synthetic/syn_v2_2026091401_11771.jpg;train;type1b;easy;type1b/easy
images/synthetic/syn_v2_2026091401_11772.jpg;train;type1b;easy;type1b/easy
images/synthetic/syn_v2_2026091401_11773.jpg;train;type1a;medium;type1a/medium
images/synthetic/syn_v2_2026091401_11774.jpg;val;type1;medium;type1/medium
images/synthetic/syn_v2_2026091401_11775.jpg;train;type1b;medium;type1b/medium
images/synthetic/syn_v2_2026091401_11776.jpg;train;type1a;easy;type1a/easy
images/synthetic/syn_v2_2026091401_11777.jpg;test;type1a;medium;type1a/medium
images/synthetic/syn_v2_2026091401_11778.jpg;train;type1b;easy;type1b/easy
images/synthetic/syn_v2_2026091401_11779.jpg;test;type1a;easy;type1a/easy
images/synthetic/syn_v2_2026091401_11780.jpg;train;type1b;medium;type1b/medium
images/synthetic/syn_v2_2026091401_11781.jpg;train;type1a;medium;type1a/medium
images/synthetic/syn_v2_2026091401_11782.jpg;train;type1;medium;type1/medium
images/synthetic/syn_v2_2026091401_11783.jpg;train;type1b;easy;type1b/easy
images/synthetic/syn_v2_2026091401_11784.jpg;train;type1b;easy;type1b/easy
images/synthetic/syn_v2_2026091401_11785.jpg;train;type1a;hard;type1a/hard
images/synthetic/syn_v2_2026091401_11786.jpg;train;type1b;hard;type1b/hard
images/synthetic/syn_v2_2026091401_11787.jpg;train;type1b;hard;type1b/hard
images/synthetic/syn_v2_2026091401_11788.jpg;train;type1a;hard;type1a/hard
images/synthetic/syn_v2_2026091401_11789.jpg;train;type1;easy;type1/easy
images/synthetic/syn_v2_2026091401_11790.jpg;train;type1a;easy;type1a/easy
images/synthetic/syn_v2_2026091401_11791.jpg;val;type1a;medium;type1a/medium
images/synthetic/syn_v2_2026091401_11792.jpg;train;type1b;easy;type1b/easy
images/synthetic/syn_v2_2026091401_11793.jpg;train;type1b;hard;type1b/hard
images/synthetic/syn_v2_2026091401_11794.jpg;train;type1a;easy;type1a/easy
images/synthetic/syn_v2_2026091401_11795.jpg;train;type1a;easy;type1a/easy
images/synthetic/syn_v2_2026091401_11796.jpg;train;type1a;medium;type1a/medium
images/synthetic/syn_v2_2026091401_11797.jpg;val;type1b;easy;type1b/easy
images/synthetic/syn_v2_2026091401_11798.jpg;train;type1b;hard;type1b/hard
images/synthetic/syn_v2_2026091401_11799.jpg;train;type1;easy;type1/easy
images/synthetic/syn_v2_2026091401_11800.jpg;train;type1a;easy;type1a/easy
images/synthetic/syn_v2_2026091401_11801.jpg;train;type1b;easy;type1b/easy
images/synthetic/syn_v2_2026091401_11802.jpg;train;type1a;hard;type1a/hard
images/synthetic/syn_v2_2026091401_11803.jpg;train;type1;easy;type1/easy
images/synthetic/syn_v2_2026091401_11804.jpg;train;type1a;easy;type1a/easy
images/synthetic/syn_v2_2026091401_11805.jpg;train;type1a;medium;type1a/medium
images/synthetic/syn_v2_2026091401_11806.jpg;train;type1b;medium;type1b/medium
images/synthetic/syn_v2_2026091401_11807.jpg;test;type1b;medium;type1b/medium
images/synthetic/syn_v2_2026091401_11808.jpg;train;type1b;medium;type1b/medium
images/synthetic/syn_v2_2026091401_11809.jpg;test;type1;medium;type1/medium
images/synthetic/syn_v2_2026091401_11810.jpg;train;type1a;easy;type1a/easy
images/synthetic/syn_v2_2026091401_11811.jpg;train;type1;hard;type1/hard
images/synthetic/syn_v2_2026091401_11812.jpg;train;type1b;easy;type1b/easy
images/synthetic/syn_v2_2026091401_11813.jpg;train;type1a;easy;type1a/easy
images/synthetic/syn_v2_2026091401_11814.jpg;train;type1;easy;type1/easy
images/synthetic/syn_v2_2026091401_11815.jpg;train;type1a;easy;type1a/easy
images/synthetic/syn_v2_2026091401_11816.jpg;train;type1;medium;type1/medium
images/synthetic/syn_v2_2026091401_11817.jpg;train;type1;hard;type1/hard
images/synthetic/syn_v2_2026091401_11818.jpg;val;type1b;hard;type1b/hard
images/synthetic/syn_v2_2026091401_11819.jpg;train;type1b;easy;type1b/easy
images/synthetic/syn_v2_2026091401_11820.jpg;train;type1b;hard;type1b/hard
images/synthetic/syn_v2_2026091401_11821.jpg;train;type1b;medium;type1b/medium
images/synthetic/syn_v2_2026091401_11822.jpg;train;type1a;hard;type1a/hard
images/synthetic/syn_v2_2026091401_11823.jpg;train;type1b;hard;type1b/hard
images/synthetic/syn_v2_2026091401_11824.jpg;train;type1b;hard;type1b/hard
images/synthetic/syn_v2_2026091401_11825.jpg;train;type1a;medium;type1a/medium
images/synthetic/syn_v2_2026091401_11826.jpg;train;type1b;hard;type1b/hard
images/synthetic/syn_v2_2026091401_11827.jpg;train;type1;medium;type1/medium
images/synthetic/syn_v2_2026091401_11828.jpg;train;type1b;easy;type1b/easy
images/synthetic/syn_v2_2026091401_11829.jpg;train;type1b;hard;type1b/hard
images/synthetic/syn_v2_2026091401_11830.jpg;train;type1b;medium;type1b/medium
images/synthetic/syn_v2_2026091401_11831.jpg;val;type1b;medium;type1b/medium
images/synthetic/syn_v2_2026091401_11832.jpg;train;type1a;medium;type1a/medium
images/synthetic/syn_v2_2026091401_11833.jpg;train;type1a;medium;type1a/medium
images/synthetic/syn_v2_2026091401_11834.jpg;train;type1b;medium;type1b/medium
images/synthetic/syn_v2_2026091401_11835.jpg;val;type1b;medium;type1b/medium
images/synthetic/syn_v2_2026091401_11836.jpg;train;type1b;medium;type1b/medium
images/synthetic/syn_v2_2026091401_11837.jpg;train;type1b;medium;type1b/medium
images/synthetic/syn_v2_2026091401_11838.jpg;train;type1a;easy;type1a/easy
images/synthetic/syn_v2_2026091401_11839.jpg;train;type1b;medium;type1b/medium
images/synthetic/syn_v2_2026091401_11840.jpg;train;type1b;medium;type1b/medium
images/synthetic/syn_v2_2026091401_11841.jpg;train;type1b;medium;type1b/medium
images/synthetic/syn_v2_2026091401_11842.jpg;train;type1;hard;type1/hard
images/synthetic/syn_v2_2026091401_11843.jpg;train;type1b;medium;type1b/medium
images/synthetic/syn_v2_2026091401_11844.jpg;train;type1;medium;type1/medium
images/synthetic/syn_v2_2026091401_11845.jpg;train;type1;hard;type1/hard
images/synthetic/syn_v2_2026091401_11846.jpg;val;type1b;medium;type1b/medium
images/synthetic/syn_v2_2026091401_11847.jpg;train;type1a;easy;type1a/easy
images/synthetic/syn_v2_2026091401_11848.jpg;train;type1b;medium;type1b/medium
images/synthetic/syn_v2_2026091401_11849.jpg;train;type1b;easy;type1b/easy
images/synthetic/syn_v2_2026091401_11850.jpg;train;type1a;hard;type1a/hard
images/synthetic/syn_v2_2026091401_11851.jpg;train;type1;medium;type1/medium
images/synthetic/syn_v2_2026091401_11852.jpg;train;type1b;medium;type1b/medium
images/synthetic/syn_v2_2026091401_11853.jpg;train;type1;medium;type1/medium
images/synthetic/syn_v2_2026091401_11854.jpg;train;type1;easy;type1/easy
images/synthetic/syn_v2_2026091401_11855.jpg;train;type1a;medium;type1a/medium
images/synthetic/syn_v2_2026091401_11856.jpg;train;type1b;easy;type1b/easy
images/synthetic/syn_v2_2026091401_11857.jpg;train;type1b;medium;type1b/medium
images/synthetic/syn_v2_2026091401_11858.jpg;train;type1b;hard;type1b/hard
images/synthetic/syn_v2_2026091401_11859.jpg;train;type1b;hard;type1b/hard
images/synthetic/syn_v2_2026091401_11860.jpg;train;type1b;medium;type1b/medium
images/synthetic/syn_v2_2026091401_11861.jpg;train;type1;medium;type1/medium
images/synthetic/syn_v2_2026091401_11862.jpg;train;type1b;medium;type1b/medium
images/synthetic/syn_v2_2026091401_11863.jpg;train;type1a;medium;type1a/medium
images/synthetic/syn_v2_2026091401_11864.jpg;val;type1b;medium;type1b/medium
images/synthetic/syn_v2_2026091401_11865.jpg;train;type1;easy;type1/easy
images/synthetic/syn_v2_2026091401_11866.jpg;val;type1a;medium;type1a/medium
images/synthetic/syn_v2_2026091401_11867.jpg;train;type1;easy;type1/easy
images/synthetic/syn_v2_2026091401_11868.jpg;train;type1b;medium;type1b/medium
images/synthetic/syn_v2_2026091401_11869.jpg;train;type1b;medium;type1b/medium
images/synthetic/syn_v2_2026091401_11870.jpg;train;type1b;medium;type1b/medium
images/synthetic/syn_v2_2026091401_11871.jpg;train;type1;easy;type1/easy
images/synthetic/syn_v2_2026091401_11872.jpg;train;type1;medium;type1/medium
images/synthetic/syn_v2_2026091401_11873.jpg;train;type1b;easy;type1b/easy
images/synthetic/syn_v2_2026091401_11874.jpg;train;type1b;medium;type1b/medium
images/synthetic/syn_v2_2026091401_11875.jpg;train;type1a;medium;type1a/medium
images/synthetic/syn_v2_2026091401_11876.jpg;train;type1a;hard;type1a/hard
images/synthetic/syn_v2_2026091401_11877.jpg;train;type1;medium;type1/medium
images/synthetic/syn_v2_2026091401_11878.jpg;train;type1a;hard;type1a/hard
images/synthetic/syn_v2_2026091401_11879.jpg;train;type1b;medium;type1b/medium
images/synthetic/syn_v2_2026091401_11880.jpg;train;type1a;medium;type1a/medium
images/synthetic/syn_v2_2026091401_11881.jpg;train;type1b;medium;type1b/medium
images/synthetic/syn_v2_2026091401_11882.jpg;train;type1;medium;type1/medium
images/synthetic/syn_v2_2026091401_11883.jpg;train;type1a;medium;type1a/medium
images/synthetic/syn_v2_2026091401_11884.jpg;train;type1a;medium;type1a/medium
images/synthetic/syn_v2_2026091401_11885.jpg;train;type1b;easy;type1b/easy
images/synthetic/syn_v2_2026091401_11886.jpg;train;type1a;easy;type1a/easy
images/synthetic/syn_v2_2026091401_11887.jpg;train;type1a;easy;type1a/easy
images/synthetic/syn_v2_2026091401_11888.jpg;val;type1b;easy;type1b/easy
images/synthetic/syn_v2_2026091401_11889.jpg;train;type1a;medium;type1a/medium
images/synthetic/syn_v2_2026091401_11890.jpg;train;type1a;medium;type1a/medium
images/synthetic/syn_v2_2026091401_11891.jpg;val;type1b;medium;type1b/medium
images/synthetic/syn_v2_2026091401_11892.jpg;train;type1b;easy;type1b/easy
images/synthetic/syn_v2_2026091401_11893.jpg;train;type1b;hard;type1b/hard
images/synthetic/syn_v2_2026091401_11894.jpg;train;type1a;medium;type1a/medium
images/synthetic/syn_v2_2026091401_11895.jpg;train;type1a;hard;type1a/hard
images/synthetic/syn_v2_2026091401_11896.jpg;train;type1a;hard;type1a/hard
images/synthetic/syn_v2_2026091401_11897.jpg;train;type1b;medium;type1b/medium
images/synthetic/syn_v2_2026091401_11898.jpg;train;type1;medium;type1/medium
images/synthetic/syn_v2_2026091401_11899.jpg;train;type1b;easy;type1b/easy
images/synthetic/syn_v2_2026091401_11900.jpg;train;type1a;easy;type1a/easy
images/synthetic/syn_v2_2026091401_11901.jpg;train;type1;medium;type1/medium
images/synthetic/syn_v2_2026091401_11902.jpg;train;type1b;hard;type1b/hard
images/synthetic/syn_v2_2026091401_11903.jpg;train;type1b;easy;type1b/easy
images/synthetic/syn_v2_2026091401_11904.jpg;train;type1;easy;type1/easy
images/synthetic/syn_v2_2026091401_11905.jpg;train;type1b;medium;type1b/medium
images/synthetic/syn_v2_2026091401_11906.jpg;train;type1;easy;type1/easy
images/synthetic/syn_v2_2026091401_11907.jpg;train;type1b;easy;type1b/easy
images/synthetic/syn_v2_2026091401_11908.jpg;train;type1;easy;type1/easy
images/synthetic/syn_v2_2026091401_11909.jpg;val;type1;hard;type1/hard
images/synthetic/syn_v2_2026091401_11910.jpg;train;type1a;easy;type1a/easy
images/synthetic/syn_v2_2026091401_11911.jpg;train;type1b;medium;type1b/medium
images/synthetic/syn_v2_2026091401_11912.jpg;train;type1a;easy;type1a/easy
images/synthetic/syn_v2_2026091401_11913.jpg;val;type1b;hard;type1b/hard
images/synthetic/syn_v2_2026091401_11914.jpg;train;type1b;easy;type1b/easy
images/synthetic/syn_v2_2026091401_11915.jpg;train;type1b;medium;type1b/medium
images/synthetic/syn_v2_2026091401_11916.jpg;train;type1b;easy;type1b/easy
images/synthetic/syn_v2_2026091401_11917.jpg;train;type1a;easy;type1a/easy
images/synthetic/syn_v2_2026091401_11918.jpg;train;type1a;hard;type1a/hard
images/synthetic/syn_v2_2026091401_11919.jpg;train;type1a;easy;type1a/easy
images/synthetic/syn_v2_2026091401_11920.jpg;train;type1b;medium;type1b/medium
images/synthetic/syn_v2_2026091401_11921.jpg;train;type1a;easy;type1a/easy
images/synthetic/syn_v2_2026091401_11922.jpg;train;type1a;medium;type1a/medium
images/synthetic/syn_v2_2026091401_11923.jpg;train;type1b;easy;type1b/easy
images/synthetic/syn_v2_2026091401_11924.jpg;train;type1;easy;type1/easy
images/synthetic/syn_v2_2026091401_11925.jpg;test;type1;hard;type1/hard
images/synthetic/syn_v2_2026091401_11926.jpg;train;type1a;hard;type1a/hard
images/synthetic/syn_v2_2026091401_11927.jpg;train;type1a;medium;type1a/medium
images/synthetic/syn_v2_2026091401_11928.jpg;train;type1b;medium;type1b/medium
images/synthetic/syn_v2_2026091401_11929.jpg;train;type1a;easy;type1a/easy
images/synthetic/syn_v2_2026091401_11930.jpg;val;type1;medium;type1/medium
images/synthetic/syn_v2_2026091401_11931.jpg;train;type1a;medium;type1a/medium
images/synthetic/syn_v2_2026091401_11932.jpg;train;type1b;medium;type1b/medium
images/synthetic/syn_v2_2026091401_11933.jpg;train;type1a;hard;type1a/hard
images/synthetic/syn_v2_2026091401_11934.jpg;train;type1;easy;type1/easy
images/synthetic/syn_v2_2026091401_11935.jpg;train;type1b;hard;type1b/hard
images/synthetic/syn_v2_2026091401_11936.jpg;train;type1b;easy;type1b/easy
images/synthetic/syn_v2_2026091401_11937.jpg;train;type1;medium;type1/medium
images/synthetic/syn_v2_2026091401_11938.jpg;train;type1a;medium;type1a/medium
images/synthetic/syn_v2_2026091401_11939.jpg;train;type1;easy;type1/easy
images/synthetic/syn_v2_2026091401_11940.jpg;train;type1b;hard;type1b/hard
images/synthetic/syn_v2_2026091401_11941.jpg;train;type1b;medium;type1b/medium
images/synthetic/syn_v2_2026091401_11942.jpg;train;type1b;medium;type1b/medium
images/synthetic/syn_v2_2026091401_11943.jpg;train;type1;medium;type1/medium
images/synthetic/syn_v2_2026091401_11944.jpg;train;type1b;medium;type1b/medium
images/synthetic/syn_v2_2026091401_11945.jpg;val;type1b;medium;type1b/medium
images/synthetic/syn_v2_2026091401_11946.jpg;train;type1a;medium;type1a/medium
images/synthetic/syn_v2_2026091401_11947.jpg;train;type1;medium;type1/medium
images/synthetic/syn_v2_2026091401_11948.jpg;train;type1a;medium;type1a/medium
images/synthetic/syn_v2_2026091401_11949.jpg;train;type1;easy;type1/easy
images/synthetic/syn_v2_2026091401_11950.jpg;train;type1b;medium;type1b/medium
images/synthetic/syn_v2_2026091401_11951.jpg;train;type1a;easy;type1a/easy
images/synthetic/syn_v2_2026091401_11952.jpg;train;type1a;hard;type1a/hard
images/synthetic/syn_v2_2026091401_11953.jpg;train;type1a;medium;type1a/medium
images/synthetic/syn_v2_2026091401_11954.jpg;train;type1b;easy;type1b/easy
images/synthetic/syn_v2_2026091401_11955.jpg;train;type1a;easy;type1a/easy
images/synthetic/syn_v2_2026091401_11956.jpg;train;type1;medium;type1/medium
images/synthetic/syn_v2_2026091401_11957.jpg;val;type1b;easy;type1b/easy
images/synthetic/syn_v2_2026091401_11958.jpg;train;type1a;hard;type1a/hard
images/synthetic/syn_v2_2026091401_11959.jpg;train;type1b;medium;type1b/medium
images/synthetic/syn_v2_2026091401_11960.jpg;train;type1a;easy;type1a/easy
images/synthetic/syn_v2_2026091401_11961.jpg;train;type1b;easy;type1b/easy
images/synthetic/syn_v2_2026091401_11962.jpg;val;type1;hard;type1/hard
images/synthetic/syn_v2_2026091401_11963.jpg;train;type1a;easy;type1a/easy
images/synthetic/syn_v2_2026091401_11964.jpg;train;type1b;easy;type1b/easy
images/synthetic/syn_v2_2026091401_11965.jpg;train;type1a;medium;type1a/medium
images/synthetic/syn_v2_2026091401_11966.jpg;train;type1;easy;type1/easy
images/synthetic/syn_v2_2026091401_11967.jpg;train;type1b;hard;type1b/hard
images/synthetic/syn_v2_2026091401_11968.jpg;train;type1;medium;type1/medium
images/synthetic/syn_v2_2026091401_11969.jpg;train;type1a;medium;type1a/medium
images/synthetic/syn_v2_2026091401_11970.jpg;train;type1a;medium;type1a/medium
images/synthetic/syn_v2_2026091401_11971.jpg;val;type1a;easy;type1a/easy
images/synthetic/syn_v2_2026091401_11972.jpg;train;type1b;medium;type1b/medium
images/synthetic/syn_v2_2026091401_11973.jpg;train;type1a;hard;type1a/hard
images/synthetic/syn_v2_2026091401_11974.jpg;val;type1b;hard;type1b/hard
images/synthetic/syn_v2_2026091401_11975.jpg;train;type1b;easy;type1b/easy
images/synthetic/syn_v2_2026091401_11976.jpg;val;type1b;medium;type1b/medium
images/synthetic/syn_v2_2026091401_11977.jpg;train;type1a;easy;type1a/easy
images/synthetic/syn_v2_2026091401_11978.jpg;train;type1b;hard;type1b/hard
images/synthetic/syn_v2_2026091401_11979.jpg;test;type1b;easy;type1b/easy
images/synthetic/syn_v2_2026091401_11980.jpg;val;type1b;hard;type1b/hard
images/synthetic/syn_v2_2026091401_11981.jpg;train;type1a;medium;type1a/medium
images/synthetic/syn_v2_2026091401_11982.jpg;val;type1a;medium;type1a/medium
images/synthetic/syn_v2_2026091401_11983.jpg;train;type1b;easy;type1b/easy
images/synthetic/syn_v2_2026091401_11984.jpg;train;type1b;medium;type1b/medium
images/synthetic/syn_v2_2026091401_11985.jpg;train;type1a;hard;type1a/hard
images/synthetic/syn_v2_2026091401_11986.jpg;train;type1b;medium;type1b/medium
images/synthetic/syn_v2_2026091401_11987.jpg;train;type1b;easy;type1b/easy
images/synthetic/syn_v2_2026091401_11988.jpg;train;type1a;hard;type1a/hard
images/synthetic/syn_v2_2026091401_11989.jpg;train;type1;hard;type1/hard
images/synthetic/syn_v2_2026091401_11990.jpg;train;type1a;medium;type1a/medium
images/synthetic/syn_v2_2026091401_11991.jpg;train;type1a;easy;type1a/easy
images/synthetic/syn_v2_2026091401_11992.jpg;train;type1a;medium;type1a/medium
images/synthetic/syn_v2_2026091401_11993.jpg;train;type1a;easy;type1a/easy
images/synthetic/syn_v2_2026091401_11994.jpg;test;type1a;easy;type1a/easy
images/synthetic/syn_v2_2026091401_11995.jpg;train;type1a;easy;type1a/easy
images/synthetic/syn_v2_2026091401_11996.jpg;train;type1a;easy;type1a/easy
images/synthetic/syn_v2_2026091401_11997.jpg;train;type1;easy;type1/easy
images/synthetic/syn_v2_2026091401_11998.jpg;train;type1;hard;type1/hard
images/synthetic/syn_v2_2026091401_11999.jpg;test;type1b;easy;type1b/easy
